Date,VIX,SP500,Bonds,Gold,EM,YieldCurveSpread,CreditSpread
2000-08-30,17.690000534057617,1502.5899658203125,3.753584623336792,273.8999938964844,5.736988544464111,-0.51,2.49
2000-08-31,16.84000015258789,1517.6800537109375,3.786700487136841,278.29998779296875,5.726508140563965,-0.58,2.51
2000-09-01,17.530000686645508,1520.77001953125,3.7983896732330322,277.0,5.773664474487305,-0.59,2.54
2000-09-05,19.81999969482422,1507.0799560546875,3.7983896732330322,275.79998779296875,5.768421649932861,-0.58,2.53
2000-09-06,20.790000915527344,1492.25,3.790598154067993,274.20001220703125,5.747465133666992,-0.49,2.54
2000-09-07,19.420000076293945,1502.510009765625,3.786700487136841,274.0,5.710792064666748,-0.44,2.51
2000-09-08,18.459999084472656,1494.5,3.790598154067993,273.29998779296875,5.695072174072266,-0.41,2.52
2000-09-11,18.399999618530273,1489.260009765625,3.782804489135742,273.1000061035156,5.626963138580322,-0.34,2.52
2000-09-12,18.59000015258789,1481.989990234375,3.782804489135742,272.8999938964844,5.558853626251221,-0.31,2.56
2000-09-13,18.31999969482422,1484.9100341796875,3.790598154067993,272.79998779296875,5.579809188842773,-0.35,2.58
2000-09-14,18.260000228881836,1480.8699951171875,3.782804489135742,272.3999938964844,5.585049152374268,-0.35,2.58
2000-09-15,18.520000457763672,1465.81005859375,3.782804489135742,272.29998779296875,5.506460189819336,-0.3,2.6
2000-09-18,20.25,1444.510009765625,3.7789108753204346,271.3999938964844,5.302125930786133,-0.27,2.61
2000-09-19,19.540000915527344,1459.9000244140625,3.7789108753204346,271.8999938964844,5.291650772094727,-0.31,2.57
2000-09-20,19.93000030517578,1451.3399658203125,3.775014877319336,269.0,5.354523181915283,-0.25,2.55
2000-09-21,20.18000030517578,1449.050048828125,3.7789108753204346,270.29998779296875,5.291650772094727,-0.28,2.55
2000-09-22,20.739999771118164,1448.719970703125,3.786700487136841,271.79998779296875,5.213062286376953,-0.31,2.55
2000-09-25,21.40999984741211,1439.030029296875,3.786700487136841,274.1000061035156,5.317846298217773,-0.34,2.53
2000-09-26,21.8799991607666,1427.2099609375,3.790598154067993,273.8999938964844,5.307370185852051,-0.37,2.52
2000-09-27,21.670000076293945,1426.5699462890625,3.786700487136841,278.3999938964844,5.307370185852051,-0.37,2.54
2000-09-28,19.469999313354492,1458.2900390625,3.790598154067993,275.6000061035156,5.354523181915283,-0.43,2.5
2000-09-29,20.56999969482422,1436.510009765625,3.815667152404785,273.6000061035156,5.370238304138184,-0.43,2.54
2000-10-02,21.229999542236328,1436.22998046875,3.811751365661621,273.1000061035156,5.317846298217773,-0.44,2.58
2000-10-03,21.850000381469727,1426.4599609375,3.807833671569824,271.6000061035156,5.286412239074707,-0.37,2.54
2000-10-04,21.540000915527344,1434.3199462890625,3.8039166927337646,270.29998779296875,5.286412239074707,-0.34,2.51
2000-10-05,21.030000686645508,1436.280029296875,3.8039166927337646,270.6000061035156,5.312607765197754,-0.38,2.52
2000-10-06,22.709999084472656,1408.989990234375,3.807833671569824,269.29998779296875,5.281174182891846,-0.42,2.53
2000-10-09,24.020000457763672,1402.030029296875,3.807833671569824,270.1000061035156,5.202581882476807,-0.42,2.53
2000-10-10,24.860000610351562,1387.02001953125,3.807833671569824,272.3999938964844,5.171146869659424,-0.47,2.54
2000-10-11,26.56999969482422,1364.5899658203125,3.807833671569824,270.5,5.045404434204102,-0.46,2.61
2000-10-12,30.510000228881836,1329.780029296875,3.815667152404785,276.3999938964844,4.924900531768799,-0.46,2.64
2000-10-13,27.600000381469727,1374.1700439453125,3.815667152404785,272.3999938964844,4.882987976074219,-0.46,2.64
2000-10-16,26.790000915527344,1374.6199951171875,3.811751365661621,271.5,4.961575984954834,-0.54,2.63
2000-10-17,27.84000015258789,1349.969970703125,3.819589853286743,271.1000061035156,4.851551055908203,-0.62,2.64
2000-10-18,28.719999313354492,1342.1300048828125,3.819589853286743,270.29998779296875,4.793921947479248,-0.64,2.68
2000-10-19,25.09000015258789,1388.760009765625,3.8235013484954834,270.1000061035156,4.91442346572876,-0.66,2.66
2000-10-20,24.239999771118164,1396.9300537109375,3.8313398361206055,271.20001220703125,4.977295398712158,-0.67,2.65
2000-10-23,24.690000534057617,1395.780029296875,3.8391776084899902,270.1000061035156,4.882987976074219,-0.75,2.68
2000-10-24,24.280000686645508,1398.1300048828125,3.8313398361206055,270.1000061035156,4.882987976074219,-0.72,2.66
2000-10-25,26.649999618530273,1364.9000244140625,3.8235013484954834,266.20001220703125,4.830595016479492,-0.72,2.65
2000-10-26,28.6200008392334,1364.43994140625,3.8235013484954834,264.8999938964844,4.820115566253662,-0.67,2.6
2000-10-27,26.469999313354492,1379.5799560546875,3.819589853286743,264.3999938964844,4.877749919891357,-0.63,2.58
2000-10-30,25.459999084472656,1398.6600341796875,3.815667152404785,264.29998779296875,4.872509956359863,-0.65,2.56
2000-10-31,23.6299991607666,1429.4000244140625,3.837336778640747,264.8999938964844,4.961575984954834,-0.61,2.56
2000-11-01,24.280000686645508,1421.219970703125,3.8412811756134033,263.8999938964844,5.066360950469971,-0.63,2.57
2000-11-02,23.920000076293945,1428.3199462890625,3.8412811756134033,264.3999938964844,5.118754863739014,-0.63,2.54
2000-11-03,23.670000076293945,1426.68994140625,3.829458236694336,264.6000061035156,5.092557430267334,-0.55,2.52
2000-11-06,24.520000457763672,1432.18994140625,3.821577787399292,264.5,5.108273983001709,-0.55,2.5
2000-11-07,24.90999984741211,1431.8699951171875,3.8255202770233154,264.29998779296875,5.108273983001709,-0.55,2.5
2000-11-08,25.65999984741211,1409.280029296875,3.8255202770233154,265.0,5.066360950469971,-0.54,2.48
2000-11-09,27.200000762939453,1400.1400146484375,3.8333969116210938,265.79998779296875,5.019207000732422,-0.58,2.5
2000-11-10,28.530000686645508,1365.97998046875,3.829458236694336,264.5,4.9982500076293945,-0.55,2.5
2000-11-13,29.059999465942383,1351.260009765625,3.837336778640747,264.29998779296875,4.867270469665527,-0.62,2.52
2000-11-14,26.809999465942383,1382.949951171875,3.8412811756134033,264.8999938964844,4.94585657119751,-0.61,2.52
2000-11-15,26.149999618530273,1389.81005859375,3.8491570949554443,265.1000061035156,4.9668145179748535,-0.66,2.52
2000-11-16,25.049999237060547,1372.3199462890625,3.8530991077423096,265.79998779296875,4.919662952423096,-0.67,2.54
2000-11-17,24.809999465942383,1367.719970703125,3.8452157974243164,265.70001220703125,4.8987016677856445,-0.64,2.58
2000-11-20,27.43000030517578,1342.6199951171875,3.8452157974243164,266.29998779296875,4.820115566253662,-0.68,2.61
2000-11-21,26.6200008392334,1347.3499755859375,3.8452157974243164,265.70001220703125,4.799158573150635,-0.69,2.64
2000-11-22,27.709999084472656,1322.3599853515625,3.8530991077423096,266.29998779296875,4.689135551452637,-0.74,2.61
2000-11-24,26.0,1341.77001953125,3.8491570949554443,266.29998779296875,4.683896541595459,-0.73,2.63
2000-11-27,26.93000030517578,1348.969970703125,3.8491570949554443,270.1000061035156,4.752007007598877,-0.69,2.65
2000-11-28,27.639999389648438,1336.0899658203125,3.8530991077423096,269.79998779296875,4.636745929718018,-0.69,2.6
2000-11-29,27.489999771118164,1341.9300537109375,3.8609790802001953,266.3999938964844,4.584349155426025,-0.69,2.63
2000-11-30,29.649999618530273,1314.949951171875,3.8982152938842773,270.1000061035156,4.469086170196533,-0.73,2.64
2000-12-01,27.479999542236328,1315.22998046875,3.8863329887390137,268.70001220703125,4.490041255950928,-0.71,2.66
2000-12-04,27.780000686645508,1324.969970703125,3.8863329887390137,270.70001220703125,4.484800815582275,-0.62,2.66
2000-12-05,24.989999771118164,1376.5400390625,3.9021806716918945,270.3999938964844,4.668176651000977,-0.65,2.69
2000-12-06,25.06999969482422,1351.4599609375,3.9180285930633545,274.29998779296875,4.7624831199646,-0.77,2.73
2000-12-07,25.34000015258789,1343.550048828125,3.9219858646392822,273.20001220703125,4.746767997741699,-0.79,2.72
2000-12-08,22.40999984741211,1369.8900146484375,3.9180285930633545,272.20001220703125,4.846312999725342,-0.74,2.74
2000-12-11,23.510000228881836,1380.199951171875,3.9140639305114746,270.20001220703125,4.893465518951416,-0.71,2.71
2000-12-12,24.8799991607666,1371.1800537109375,3.9180285930633545,270.29998779296875,4.830595016479492,-0.7,2.72
2000-12-13,23.6299991607666,1359.989990234375,3.925943374633789,268.6000061035156,4.830595016479492,-0.77,2.74
2000-12-14,24.860000610351562,1340.9300537109375,3.9378273487091064,269.0,4.809638500213623,-0.83,2.77
2000-12-15,26.549999237060547,1312.1500244140625,3.941793203353882,270.3999938964844,4.767725944519043,-0.82,2.77
2000-12-18,27.700000762939453,1322.739990234375,3.941793203353882,269.70001220703125,4.809638500213623,-0.78,2.81
2000-12-19,27.170000076293945,1305.5999755859375,3.9378273487091064,269.70001220703125,4.772964954376221,-0.74,2.81
2000-12-20,31.739999771118164,1264.739990234375,3.953678607940674,272.5,4.662939548492432,-0.74,2.87
2000-12-21,29.65999984741211,1274.8599853515625,3.9576399326324463,273.70001220703125,4.641980171203613,-0.35,2.89
2000-12-22,27.549999237060547,1305.949951171875,3.9616010189056396,273.70001220703125,4.704851150512695,-0.25,2.9
2000-12-26,28.729999542236328,1315.18994140625,3.9576399326324463,274.1000061035156,4.7100958824157715,-0.81,2.89
2000-12-27,28.139999389648438,1328.9200439453125,3.9457597732543945,275.20001220703125,4.735837936401367,-0.64,2.86
2000-12-28,26.56999969482422,1334.219970703125,3.9457597732543945,271.70001220703125,4.757291316986084,-0.74,2.83
2000-12-29,26.850000381469727,1320.280029296875,3.968067169189453,272.0,4.74119758605957,-0.77,2.88
2001-01-02,29.989999771118164,1283.27001953125,3.9999403953552246,268.3999938964844,4.730470180511475,-0.95,2.99
2001-01-03,26.600000381469727,1347.56005859375,3.9760358333587646,268.0,4.794832229614258,-0.55,2.83
2001-01-04,26.969999313354492,1333.3399658203125,3.9959516525268555,267.29998779296875,4.982550144195557,-0.34,2.91
2001-01-05,28.670000076293945,1298.3499755859375,4.015870571136475,268.0,4.950369834899902,-0.19,2.99
2001-01-08,29.84000015258789,1295.8599853515625,4.019856929779053,268.0,4.950369834899902,-0.25,2.94
2001-01-09,27.989999771118164,1300.800048828125,4.011892318725586,267.5,4.987913131713867,-0.26,2.92
2001-01-10,26.799999237060547,1313.27001953125,3.9959516525268555,264.70001220703125,4.918188571929932,-0.19,2.83
2001-01-11,25.790000915527344,1326.8199462890625,3.9919745922088623,264.0,4.966459274291992,-0.17,2.85
2001-01-12,24.559999465942383,1318.550048828125,3.9720492362976074,263.8999938964844,5.020092487335205,-0.08,2.8
2001-01-16,25.280000686645508,1326.6500244140625,3.9760358333587646,263.29998779296875,4.9986395835876465,-0.14,2.73
2001-01-17,24.93000030517578,1329.469970703125,3.9919745922088623,263.20001220703125,5.052271842956543,-0.17,2.72
2001-01-18,23.3700008392334,1347.969970703125,4.003925800323486,264.20001220703125,5.116632461547852,-0.16,2.72
2001-01-19,23.239999771118164,1342.5400390625,3.9919745922088623,264.29998779296875,5.191720485687256,-0.05,2.7
2001-01-22,23.25,1342.9000244140625,3.9840004444122314,266.3999938964844,5.170265197753906,0.02,2.71
2001-01-23,21.56999969482422,1360.4000244140625,3.9760358333587646,266.1000061035156,5.2078118324279785,0.06,2.67
2001-01-24,22.030000686645508,1364.300048828125,3.9760358333587646,264.29998779296875,5.180992603302002,0.05,2.61
2001-01-25,22.639999389648438,1357.510009765625,3.9879884719848633,264.5,5.191720485687256,0.01,2.63
2001-01-26,22.56999969482422,1354.949951171875,3.9879884719848633,262.79998779296875,5.191720485687256,0.12,2.65
2001-01-29,22.610000610351562,1364.1700439453125,3.9840004444122314,262.79998779296875,5.180992603302002,0.21,2.65
2001-01-30,22.56999969482422,1373.72998046875,3.9999403953552246,265.5,5.2131757736206055,0.22,2.65
2001-01-31,22.020000457763672,1366.010009765625,4.037989616394043,265.6000061035156,5.298986911773682,0.2,2.62
2001-02-01,21.65999984741211,1373.469970703125,4.054014682769775,268.5,5.288259029388428,0.1,2.63
2001-02-02,21.950000762939453,1349.469970703125,4.037989616394043,267.1000061035156,5.234626770019531,0.11,2.63
2001-02-05,22.190000534057617,1354.31005859375,4.033988952636719,265.20001220703125,5.148811340332031,0.12,2.59
2001-02-06,21.979999542236328,1352.260009765625,4.02597713470459,263.29998779296875,5.180992603302002,0.15,2.58
2001-02-07,21.670000076293945,1340.8900146484375,4.029984951019287,262.79998779296875,5.095180988311768,0.03,2.77
2001-02-08,21.459999084472656,1332.530029296875,4.02597713470459,260.1000061035156,5.1327223777771,0.02,2.78
2001-02-09,22.030000686645508,1314.760009765625,4.037989616394043,259.8999938964844,5.127358436584473,-0.03,2.79
2001-02-12,21.920000076293945,1330.31005859375,4.029984951019287,260.70001220703125,5.143453121185303,0.01,2.82
2001-02-13,21.3700008392334,1318.800048828125,4.02597713470459,260.29998779296875,5.148811340332031,0.02,2.82
2001-02-14,21.520000457763672,1315.9200439453125,4.017963886260986,259.3999938964844,5.159539699554443,0.06,2.77
2001-02-15,20.270000457763672,1326.6099853515625,4.005944728851318,255.10000610351562,5.180992603302002,0.11,2.77
2001-02-16,22.1200008392334,1301.530029296875,4.021970748901367,258.20001220703125,5.138088703155518,0.09,2.81
2001-02-20,24.690000534057617,1278.93994140625,4.021970748901367,256.1000061035156,5.095180988311768,0.07,2.81
2001-02-21,25.75,1255.27001953125,4.013962745666504,258.20001220703125,4.934278964996338,0.12,2.82
2001-02-22,26.760000228881836,1252.8199462890625,4.013962745666504,258.5,4.843101978302002,0.14,2.84
2001-02-23,27.209999084472656,1245.8599853515625,4.021970748901367,260.8999938964844,4.837738990783691,0.21,2.86
2001-02-26,25.43000030517578,1267.6500244140625,4.029984951019287,265.79998779296875,4.902100086212158,0.24,2.89
2001-02-27,26.489999771118164,1257.93994140625,4.046008110046387,267.3999938964844,4.891374111175537,0.14,2.86
2001-02-28,28.350000381469727,1239.93994140625,4.074995994567871,266.79998779296875,4.837738990783691,0.07,2.88
2001-03-01,28.079999923706055,1241.22998046875,4.08305025100708,265.20001220703125,4.875282287597656,0.03,2.88
2001-03-02,27.43000030517578,1234.1800537109375,4.066946506500244,262.1000061035156,4.864560127258301,0.11,2.87
2001-03-05,27.1200008392334,1241.4100341796875,4.062918186187744,262.5,4.880646228790283,0.16,2.83
2001-03-06,25.889999389648438,1253.800048828125,4.062918186187744,259.8999938964844,4.912826061248779,0.2,2.85
2001-03-07,24.1200008392334,1261.8900146484375,4.074995994567871,261.3999938964844,4.912826061248779,0.23,2.85
2001-03-08,24.290000915527344,1264.739990234375,4.0790300369262695,265.3999938964844,4.955732822418213,0.21,2.87
2001-03-09,25.6200008392334,1233.4200439453125,4.0709686279296875,270.79998779296875,4.896736145019531,0.23,2.82
2001-03-12,30.31999969482422,1180.1600341796875,4.0709686279296875,271.6000061035156,4.730470180511475,0.26,2.86
2001-03-13,27.549999237060547,1197.6600341796875,4.0709686279296875,266.79998779296875,4.698294162750244,0.29,2.85
2001-03-14,29.610000610351562,1166.7099609375,4.08305025100708,262.5,4.601751327514648,0.3,2.98
2001-03-15,28.559999465942383,1173.56005859375,4.091104984283447,260.0,4.574936866760254,0.29,3.03
2001-03-16,29.90999984741211,1150.530029296875,4.095133304595947,258.1000061035156,4.52130126953125,0.24,3.03
2001-03-19,29.780000686645508,1170.81005859375,4.087077617645264,259.79998779296875,4.483757495880127,0.29,3.02
2001-03-20,30.959999084472656,1142.6199951171875,4.091104984283447,260.5,4.462305545806885,0.29,3.06
2001-03-21,31.93000030517578,1122.1400146484375,4.095133304595947,261.8999938964844,4.473033905029297,0.46,3.06
2001-03-22,32.84000015258789,1117.5799560546875,4.107211112976074,261.1000061035156,4.3389482498168945,0.47,3.07
2001-03-23,30.450000762939453,1139.8299560546875,4.091104984283447,261.5,4.3818559646606445,0.51,3.04
2001-03-26,29.040000915527344,1152.68994140625,4.08305025100708,261.8999938964844,4.473033905029297,0.56,3.05
2001-03-27,27.040000915527344,1182.1700439453125,4.062918186187744,261.0,4.4676690101623535,0.65,2.98
2001-03-28,28.579999923706055,1153.2900390625,4.066946506500244,259.70001220703125,4.376490592956543,0.63,3.03
2001-03-29,29.170000076293945,1147.949951171875,4.066946506500244,258.79998779296875,4.312129020690918,0.66,3.02
2001-03-30,28.639999389648438,1160.3299560546875,4.097306251525879,257.8999938964844,4.328222274780273,0.63,3.04
2001-04-02,31.209999084472656,1145.8699951171875,4.093263149261475,255.60000610351562,4.263859748840332,0.76,3.0
2001-04-03,34.720001220703125,1106.4599609375,4.097306251525879,256.79998779296875,4.161958694458008,0.79,3.03
2001-04-04,34.06999969482422,1103.25,4.097306251525879,258.3999938964844,4.15123176574707,0.84,3.04
2001-04-05,29.940000534057617,1151.43994140625,4.093263149261475,258.1000061035156,4.296042442321777,0.87,3.03
2001-04-06,31.690000534057617,1128.4300537109375,4.105406761169434,260.0,4.285314083099365,0.95,3.06
2001-04-09,31.90999984741211,1137.5899658203125,4.101362228393555,258.29998779296875,4.30676794052124,1.0,3.04
2001-04-10,29.440000534057617,1168.3800048828125,4.077070236206055,257.29998779296875,4.3818559646606445,1.15,2.99
2001-04-11,28.459999084472656,1165.8900146484375,4.073019504547119,258.70001220703125,4.446213722229004,1.04,2.96
2001-04-12,26.1200008392334,1183.5,4.064921855926514,260.1000061035156,4.483757495880127,1.16,2.92
2001-04-16,26.329999923706055,1179.6800537109375,4.0487236976623535,263.29998779296875,4.446213722229004,1.13,2.9
2001-04-17,25.610000610351562,1191.81005859375,4.060869216918945,261.1000061035156,4.446213722229004,1.09,2.93
2001-04-18,24.1299991607666,1238.1600341796875,4.077070236206055,261.29998779296875,4.666111946105957,1.23,2.95
2001-04-19,24.15999984741211,1253.68994140625,4.060869216918945,265.29998779296875,4.650022983551025,1.4,2.91
2001-04-20,25.3799991607666,1242.97998046875,4.060869216918945,264.79998779296875,4.532028675079346,1.52,2.87
2001-04-23,28.15999984741211,1224.3599853515625,4.073019504547119,263.70001220703125,4.505212306976318,1.45,2.9
2001-04-24,28.489999771118164,1209.469970703125,4.073019504547119,264.1000061035156,4.52130126953125,1.42,2.85
2001-04-25,27.399999618530273,1228.75,4.064921855926514,262.3999938964844,4.553481101989746,1.44,2.85
2001-04-26,25.959999084472656,1234.52001953125,4.077070236206055,264.3999938964844,4.617838382720947,1.37,2.83
2001-04-27,24.020000457763672,1253.050048828125,4.056826114654541,263.8999938964844,4.6607489585876465,1.49,2.76
2001-04-30,25.479999542236328,1249.4599609375,4.078398704528809,264.0,4.730470180511475,1.4,2.73
2001-05-01,24.200000762939453,1266.43994140625,4.0906081199646,264.3999938964844,4.751927375793457,1.38,2.75
2001-05-02,24.229999542236328,1267.4300537109375,4.09467887878418,265.3999938964844,4.751927375793457,1.42,2.7
2001-05-03,25.780000686645508,1248.5799560546875,4.10688591003418,266.29998779296875,4.746564865112305,1.38,2.7
2001-05-04,23.90999984741211,1266.6099853515625,4.110959529876709,266.1000061035156,4.773376941680908,1.47,2.73
2001-05-07,24.860000610351562,1263.510009765625,4.110959529876709,266.1000061035156,4.768016338348389,1.47,2.75
2001-05-08,24.440000534057617,1261.199951171875,4.10688591003418,265.1000061035156,4.735837936401367,1.54,2.76
2001-05-09,24.350000381469727,1255.5400390625,4.115026473999023,270.0,4.714385509490967,1.48,2.76
2001-05-10,24.0,1255.1800537109375,4.098748207092285,269.1000061035156,4.730470180511475,1.57,2.74
2001-05-11,23.540000915527344,1245.6700439453125,4.0621113777160645,267.8999938964844,4.692928791046143,1.73,2.67
2001-05-14,24.260000228881836,1248.9200439453125,4.070251941680908,268.29998779296875,4.644659996032715,1.75,2.68
2001-05-15,23.709999084472656,1249.43994140625,4.066184997558594,268.1000061035156,4.623204231262207,1.87,2.69
2001-05-16,21.889999389648438,1284.989990234375,4.0743255615234375,272.0,4.692928791046143,1.91,2.66
2001-05-17,21.469999313354492,1288.489990234375,4.078398704528809,273.6000061035156,4.8109259605407715,1.89,2.61
2001-05-18,21.229999542236328,1291.9599609375,4.082466125488281,287.3999938964844,4.859193325042725,1.8,2.62
2001-05-21,20.760000228881836,1312.8299560546875,4.082466125488281,285.3999938964844,4.918188571929932,1.76,2.61
2001-05-22,21.350000381469727,1309.3800048828125,4.082466125488281,285.1000061035156,4.934278964996338,1.78,2.63
2001-05-23,22.079999923706055,1289.050048828125,4.082466125488281,283.6000061035156,4.918188571929932,1.77,2.69
2001-05-24,20.56999969482422,1293.1700439453125,4.066184997558594,279.1000061035156,4.886009216308594,1.82,2.65
2001-05-25,20.600000381469727,1277.8900146484375,4.066184997558594,277.8999938964844,4.8699212074279785,1.86,2.65
2001-05-29,22.139999389648438,1267.9300537109375,4.066184997558594,273.79998779296875,4.859193325042725,1.83,2.64
2001-05-30,22.760000228881836,1248.0799560546875,4.066184997558594,265.70001220703125,4.7841057777404785,1.86,2.63
2001-05-31,22.639999389648438,1255.8199462890625,4.108746528625488,265.29998779296875,4.8055572509765625,1.8,2.65
2001-06-01,21.59000015258789,1260.6700439453125,4.116931438446045,266.3999938964844,4.778742790222168,1.72,2.63
2001-06-04,21.3799991607666,1267.1099853515625,4.125118732452393,264.8999938964844,4.8109259605407715,1.67,2.65
2001-06-05,19.579999923706055,1283.5699462890625,4.137393474578857,265.70001220703125,4.768016338348389,1.66,2.66
2001-06-06,20.389999389648438,1270.030029296875,4.137393474578857,265.70001220703125,4.7841057777404785,1.65,2.69
2001-06-07,19.670000076293945,1276.9599609375,4.129208564758301,266.0,4.8055572509765625,1.7,2.68
2001-06-08,19.920000076293945,1264.9599609375,4.121021747589111,273.3999938964844,4.837738990783691,1.74,2.65
2001-06-11,20.700000762939453,1254.3900146484375,4.129208564758301,267.8999938964844,4.773376941680908,1.72,2.66
2001-06-12,20.700000762939453,1255.8499755859375,4.141485691070557,271.5,4.757291316986084,1.71,2.68
2001-06-13,21.450000762939453,1241.5999755859375,4.137393474578857,272.0,4.768016338348389,1.73,2.67
2001-06-14,23.1200008392334,1219.8699951171875,4.141485691070557,275.29998779296875,4.746564865112305,1.7,2.67
2001-06-15,22.809999465942383,1214.3599853515625,4.137393474578857,271.20001220703125,4.730470180511475,1.75,2.71
2001-06-18,23.170000076293945,1208.4300537109375,4.133300304412842,272.3999938964844,4.628566741943359,1.75,2.73
2001-06-19,22.34000015258789,1212.5799560546875,4.133300304412842,273.3999938964844,4.612480163574219,1.75,2.73
2001-06-20,21.709999084472656,1223.1400146484375,4.137393474578857,272.3999938964844,4.601751327514648,1.75,2.74
2001-06-21,19.3799991607666,1237.0400390625,4.141485691070557,272.6000061035156,4.644659996032715,1.71,2.74
2001-06-22,20.020000457763672,1225.3499755859375,4.1537604331970215,272.29998779296875,4.666111946105957,1.69,2.75
2001-06-25,20.670000076293945,1218.5999755859375,4.1537604331970215,273.70001220703125,4.676836967468262,1.7,2.75
2001-06-26,21.200000762939453,1216.760009765625,4.141485691070557,276.20001220703125,4.666111946105957,1.78,2.72
2001-06-27,20.8799991607666,1211.0699462890625,4.137393474578857,272.1000061035156,4.666111946105957,1.74,2.68
2001-06-28,20.010000228881836,1226.199951171875,4.116931438446045,269.29998779296875,4.671476364135742,1.71,2.66
2001-06-29,19.059999465942383,1224.3800048828125,4.1305084228515625,270.6000061035156,4.698294162750244,1.77,2.65
2001-07-02,18.760000228881836,1236.719970703125,4.142848014831543,269.3999938964844,4.719745635986328,1.7,2.67
2001-07-03,18.920000076293945,1234.449951171875,4.134621620178223,267.6000061035156,4.676836967468262,1.75,2.67
2001-07-05,20.09000015258789,1219.239990234375,4.1305084228515625,265.1000061035156,4.574936866760254,1.79,2.67
2001-07-06,21.6299991607666,1190.5899658203125,4.138738632202148,265.8999938964844,4.4676690101623535,1.78,2.69
2001-07-09,22.479999542236328,1198.780029296875,4.142848014831543,266.5,4.456940650939941,1.72,2.69
2001-07-10,23.25,1181.52001953125,4.155192852020264,266.20001220703125,4.419398784637451,1.69,2.71
2001-07-11,24.010000228881836,1180.1800537109375,4.146963596343994,268.29998779296875,4.328222274780273,1.73,2.74
2001-07-12,22.09000015258789,1208.1400146484375,4.155192852020264,266.6000061035156,4.360400676727295,1.67,2.74
2001-07-13,21.139999389648438,1215.6800537109375,4.155192852020264,267.1000061035156,4.344309329986572,1.65,2.71
2001-07-16,22.90999984741211,1202.449951171875,4.159306049346924,266.8999938964844,4.585662364959717,1.57,2.74
2001-07-17,22.610000610351562,1214.43994140625,4.1634202003479,268.1000061035156,4.3174967765808105,1.61,2.73
2001-07-18,23.600000381469727,1207.7099609375,4.1798787117004395,270.3999938964844,4.312129020690918,1.58,2.78
2001-07-19,22.510000228881836,1215.02001953125,4.1798787117004395,269.3999938964844,4.344309329986572,1.58,2.78
2001-07-20,22.34000015258789,1210.8499755859375,4.1798787117004395,269.8999938964844,4.328222274780273,1.62,2.77
2001-07-23,23.739999771118164,1191.030029296875,4.1798787117004395,268.79998779296875,4.355038642883301,1.57,2.77
2001-07-24,25.239999771118164,1171.6500244140625,4.183989524841309,269.70001220703125,4.328222274780273,1.57,2.74
2001-07-25,24.0,1190.489990234375,4.175763130187988,267.70001220703125,4.301405906677246,1.64,2.74
2001-07-26,23.010000228881836,1202.9300537109375,4.175763130187988,266.20001220703125,4.344309329986572,1.63,2.76
2001-07-27,22.0,1205.8199462890625,4.1881022453308105,267.3999938964844,4.360400676727295,1.58,2.77
2001-07-30,22.690000534057617,1204.52001953125,4.192214488983154,264.6000061035156,4.376490592956543,1.54,2.76
2001-07-31,21.6200008392334,1211.22998046875,4.2228264808654785,266.20001220703125,4.3818559646606445,1.53,2.78
2001-08-01,20.559999465942383,1215.9300537109375,4.218689441680908,267.3999938964844,4.4247612953186035,1.58,2.76
2001-08-02,20.09000015258789,1220.75,4.206282615661621,267.3999938964844,4.478394031524658,1.64,2.74
2001-08-03,19.889999389648438,1214.3499755859375,4.20214319229126,267.8999938964844,4.483757495880127,1.68,2.72
2001-08-06,21.889999389648438,1200.47998046875,4.20214319229126,267.1000061035156,4.4676690101623535,1.67,2.75
2001-08-07,21.010000228881836,1204.4000244140625,4.20214319229126,267.20001220703125,4.451577186584473,1.68,2.74
2001-08-08,22.31999969482422,1183.530029296875,4.2228264808654785,267.8999938964844,4.435487270355225,1.5,2.88
2001-08-09,21.75,1183.4300537109375,4.218689441680908,273.3999938964844,4.392577648162842,1.59,2.84
2001-08-10,20.549999237060547,1190.1600341796875,4.2228264808654785,273.8999938964844,4.408671855926514,1.56,2.87
2001-08-13,20.420000076293945,1191.2900390625,4.2269606590271,275.70001220703125,4.4247612953186035,1.52,2.89
2001-08-14,20.479999542236328,1186.72998046875,4.2228264808654785,276.29998779296875,4.440850734710693,1.54,2.89
2001-08-15,20.90999984741211,1178.02001953125,4.218689441680908,275.70001220703125,4.435487270355225,1.57,2.86
2001-08-16,21.540000915527344,1181.6600341796875,4.2228264808654785,275.20001220703125,4.435487270355225,1.56,2.89
2001-08-17,23.84000015258789,1161.969970703125,4.235230922698975,279.29998779296875,4.360400676727295,1.48,2.97
2001-08-20,22.8700008392334,1171.4100341796875,4.2269606590271,276.1000061035156,4.328222274780273,1.49,2.93
2001-08-21,24.399999618530273,1157.260009765625,4.2269606590271,275.0,4.322858810424805,1.48,2.98
2001-08-22,22.440000534057617,1165.31005859375,4.2269606590271,274.8999938964844,4.376490592956543,1.53,2.94
2001-08-23,22.229999542236328,1162.0899658203125,4.235230922698975,275.29998779296875,4.360400676727295,1.49,2.92
2001-08-24,19.709999084472656,1184.9300537109375,4.2269606590271,272.5,4.403306484222412,1.51,2.91
2001-08-27,20.559999465942383,1179.2099609375,4.2269606590271,272.6000061035156,4.451577186584473,1.49,2.91
2001-08-28,22.0,1161.510009765625,4.239369869232178,272.29998779296875,4.4247612953186035,1.44,2.95
2001-08-29,23.030000686645508,1148.56005859375,4.251777172088623,273.70001220703125,4.41403341293335,1.36,2.97
2001-08-30,25.40999984741211,1129.030029296875,4.251777172088623,275.3999938964844,4.376490592956543,1.43,2.97
2001-08-31,24.920000076293945,1133.5799560546875,4.269651412963867,274.3999938964844,4.3389482498168945,1.48,2.9
2001-09-04,25.850000381469727,1132.93994140625,4.240550994873047,271.6000061035156,4.312129020690918,1.55,2.88
2001-09-05,26.350000381469727,1131.739990234375,4.244707107543945,272.0,4.290676116943359,1.56,2.9
2001-09-06,28.610000610351562,1106.4000244140625,4.261338233947754,273.0,4.220954418182373,1.52,2.94
2001-09-07,30.989999771118164,1085.780029296875,4.269651412963867,273.1000061035156,4.199498176574707,1.53,2.99
2001-09-10,31.84000015258789,1092.5400390625,4.265498161315918,271.6000061035156,4.1887736320495605,1.58,2.99
2001-09-14,31.84000015258789,1092.5400390625,4.265498161315918,290.20001220703125,4.1887736320495605,1.93,3.36
2001-09-17,41.7599983215332,1038.77001953125,4.2987518310546875,289.79998779296875,3.754342555999756,2.04,3.45
2001-09-18,38.869998931884766,1032.739990234375,4.261338233947754,288.1000061035156,3.770432233810425,2.24,3.48
2001-09-19,40.560001373291016,1016.0999755859375,4.2738118171691895,291.5,3.770432233810425,2.5,3.52
2001-09-20,43.7400016784668,984.5399780273438,4.261338233947754,289.0,3.609532594680786,2.53,3.52
2001-09-21,42.65999984741211,965.7999877929688,4.265498161315918,291.8999938964844,3.561262845993042,2.45,3.53
2001-09-24,37.75,1003.4500122070312,4.265498161315918,289.70001220703125,3.647076368331909,2.35,3.48
2001-09-25,35.810001373291016,1012.27001953125,4.265498161315918,290.5,3.63634991645813,2.32,3.48
2001-09-26,35.2599983215332,1007.0399780273438,4.27796745300293,293.29998779296875,3.620260715484619,2.27,3.46
2001-09-27,34.0,1018.6099853515625,4.2862868309021,291.70001220703125,3.620260715484619,2.2,3.47
2001-09-28,31.93000030517578,1040.93994140625,4.308011054992676,292.3999938964844,3.663165807723999,2.2,3.42
2001-10-01,32.31999969482422,1038.550048828125,4.312191009521484,292.20001220703125,3.647076368331909,2.18,3.44
2001-10-02,31.18000030517578,1051.3299560546875,4.3205461502075195,289.8999938964844,3.6309854984283447,2.27,3.42
2001-10-03,31.34000015258789,1072.280029296875,4.324723720550537,290.5,3.6417131423950195,2.27,3.43
2001-10-04,31.969999313354492,1069.6300048828125,4.324723720550537,290.5,3.706073760986328,2.32,3.38
2001-10-05,33.38999938964844,1071.3800048828125,4.324723720550537,291.3999938964844,3.7114346027374268,2.33,3.4
2001-10-08,35.119998931884766,1062.43994140625,4.324723720550537,292.3999938964844,3.689983367919922,2.33,3.4
2001-10-09,34.83000183105469,1056.75,4.3163676261901855,288.8999938964844,3.7328898906707764,2.4,3.36
2001-10-10,31.600000381469727,1080.989990234375,4.312191009521484,285.70001220703125,3.7757976055145264,2.39,3.34
2001-10-11,31.5,1097.4300537109375,4.299655914306641,281.79998779296875,3.893789768218994,2.42,3.3
2001-10-12,35.27000045776367,1091.6500244140625,4.303828716278076,284.8999938964844,3.8562467098236084,2.43,3.33
2001-10-15,35.310001373291016,1089.97998046875,4.312191009521484,282.1000061035156,3.8562467098236084,2.37,3.34
2001-10-16,32.880001068115234,1097.5400390625,4.3205461502075195,282.29998779296875,3.888430595397949,2.37,3.33
2001-10-17,35.08000183105469,1077.0899658203125,4.324723720550537,283.3999938964844,3.9045169353485107,2.37,3.31
2001-10-18,34.95000076293945,1068.6099853515625,4.328899383544922,279.20001220703125,3.8723371028900146,2.39,3.31
2001-10-19,34.11000061035156,1073.47998046875,4.3205461502075195,280.1000061035156,3.888430595397949,2.44,3.29
2001-10-22,32.25,1089.9000244140625,4.3205461502075195,275.5,3.893789768218994,2.41,3.28
2001-10-23,32.0,1084.780029296875,4.3163676261901855,276.1000061035156,3.9045169353485107,2.46,3.28
2001-10-24,30.950000762939453,1085.199951171875,4.324723720550537,275.8999938964844,3.9474236965179443,2.44,3.28
2001-10-25,29.459999084472656,1100.0899658203125,4.333083152770996,277.79998779296875,3.952787160873413,2.42,3.3
2001-10-26,28.420000076293945,1104.6099853515625,4.333083152770996,277.8999938964844,3.968876600265503,2.39,3.31
2001-10-29,31.639999389648438,1078.300048828125,4.3372578620910645,279.1000061035156,3.952787160873413,2.41,3.32
2001-10-30,33.459999084472656,1059.7900390625,4.341441631317139,280.6000061035156,3.8723371028900146,2.39,3.35
2001-10-31,33.560001373291016,1059.780029296875,4.388473987579346,279.5,3.9045169353485107,2.25,3.38
2001-11-01,32.310001373291016,1084.0999755859375,4.39267110824585,279.70001220703125,3.925971269607544,2.18,3.37
2001-11-02,30.709999084472656,1087.199951171875,4.3674750328063965,279.79998779296875,3.958150625228882,2.36,3.37
2001-11-05,30.5,1102.8399658203125,4.380073547363281,278.5,4.043964385986328,2.3,3.34
2001-11-06,28.799999237060547,1118.8599853515625,4.388473987579346,279.70001220703125,4.065418720245361,2.45,3.36
2001-11-07,29.1299991607666,1115.800048828125,4.401073932647705,281.0,4.049327850341797,2.42,3.35
2001-11-08,28.6200008392334,1118.5400390625,4.39267110824585,276.79998779296875,4.097596645355225,2.48,3.28
2001-11-09,27.440000534057617,1120.31005859375,4.384273052215576,277.3999938964844,4.102962017059326,2.51,3.27
2001-11-12,29.350000381469727,1118.3299560546875,4.384273052215576,278.29998779296875,4.092233657836914,2.51,3.27
2001-11-13,26.469999313354492,1139.0899658203125,4.375871658325195,277.79998779296875,4.172682285308838,2.57,3.24
2001-11-14,26.559999465942383,1141.2099609375,4.3548784255981445,277.79998779296875,4.220954418182373,2.67,3.19
2001-11-15,25.559999465942383,1142.239990234375,4.317080974578857,275.1000061035156,4.253133773803711,2.87,3.1
2001-11-16,25.06999969482422,1138.6500244140625,4.291882514953613,274.70001220703125,4.24240779876709,2.96,3.07
2001-11-19,24.459999084472656,1151.06005859375,4.31287956237793,272.70001220703125,4.312129020690918,2.86,3.08
2001-11-20,24.1200008392334,1142.6600341796875,4.300282955169678,273.0,4.253133773803711,2.93,3.08
2001-11-21,24.190000534057617,1137.030029296875,4.283485412597656,272.8999938964844,4.24240779876709,3.02,3.01
2001-11-23,23.25,1150.3399658203125,4.275087356567383,272.8999938964844,4.322858810424805,3.09,2.97
2001-11-26,23.790000915527344,1157.4200439453125,4.270890235900879,272.29998779296875,4.41403341293335,3.07,2.96
2001-11-27,24.0,1149.5,4.2792840003967285,273.20001220703125,4.397944450378418,3.06,3.01
2001-11-28,25.899999618530273,1128.52001953125,4.2792840003967285,274.1000061035156,4.274588108062744,3.11,3.01
2001-11-29,25.18000030517578,1140.199951171875,4.304480075836182,273.5,4.253133773803711,2.99,3.07
2001-11-30,23.84000015258789,1139.449951171875,4.329800128936768,273.8999938964844,4.269223690032959,3.0,3.1
2001-12-03,25.770000457763672,1129.9000244140625,4.329800128936768,276.8999938964844,4.328222274780273,2.97,3.14
2001-12-04,24.079999923706055,1144.800048828125,4.342465877532959,275.3999938964844,4.36576509475708,2.96,3.15
2001-12-05,23.020000457763672,1170.3499755859375,4.300261497497559,273.70001220703125,4.542752742767334,3.15,3.07
2001-12-06,23.709999084472656,1167.0999755859375,4.283382415771484,274.20001220703125,4.574936866760254,3.29,3.03
2001-12-07,23.489999771118164,1158.31005859375,4.258059024810791,273.8999938964844,4.601751327514648,3.51,2.96
2001-12-10,25.6200008392334,1139.9300537109375,4.2622809410095215,272.20001220703125,4.542752742767334,3.46,3.0
2001-12-11,25.299999237060547,1136.760009765625,4.270722389221191,272.20001220703125,4.52130126953125,3.47,3.01
2001-12-12,24.8700008392334,1137.0699462890625,4.287604331970215,273.79998779296875,4.580300807952881,3.35,3.04
2001-12-13,25.90999984741211,1119.3800048828125,4.270722389221191,273.8999938964844,4.499847888946533,3.44,2.98
2001-12-14,24.6299991607666,1123.0899658203125,4.253840923309326,278.0,4.473033905029297,3.51,2.91
2001-12-17,24.260000228881836,1134.3599853515625,4.249623775482178,277.70001220703125,4.4676690101623535,3.52,2.97
2001-12-18,23.290000915527344,1142.9200439453125,4.258059024810791,280.3999938964844,4.456940650939941,3.45,2.94
2001-12-19,22.579999923706055,1149.56005859375,4.2749433517456055,275.5,4.451577186584473,3.39,2.94
2001-12-20,23.670000076293945,1139.9300537109375,4.2749433517456055,276.0,4.446213722229004,3.39,2.92
2001-12-21,22.5,1144.8900146484375,4.270722389221191,278.0,4.403306484222412,3.41,2.87
2001-12-24,22.6200008392334,1144.6500244140625,4.2622809410095215,278.0,4.435487270355225,3.46,2.87
2001-12-26,22.290000915527344,1149.3699951171875,4.253840923309326,279.70001220703125,4.484955787658691,3.47,2.82
2001-12-27,21.59000015258789,1157.1300048828125,4.266503810882568,277.3999938964844,4.517933368682861,3.39,2.88
2001-12-28,21.399999618530273,1161.02001953125,4.2622809410095215,276.5,4.572895526885986,3.43,2.87
2001-12-31,23.799999237060547,1148.0799560546875,4.300881385803223,278.70001220703125,4.600375652313232,3.33,2.85
2002-01-02,22.709999084472656,1154.6700439453125,4.28391170501709,278.8999938964844,4.6828203201293945,3.46,2.82
2002-01-03,21.34000015258789,1165.27001953125,4.292396545410156,278.20001220703125,4.759767055511475,3.43,2.82
2002-01-04,20.450000762939453,1172.510009765625,4.292396545410156,278.8999938964844,4.820226669311523,3.46,2.78
2002-01-07,21.940000534057617,1164.8900146484375,4.309363842010498,278.6000061035156,4.880684852600098,3.41,2.8
2002-01-08,21.829999923706055,1160.7099609375,4.309363842010498,278.8999938964844,4.842211723327637,3.42,2.8
2002-01-09,22.1299991607666,1155.1400146484375,4.313603401184082,283.3999938964844,4.853206157684326,3.42,2.78
2002-01-10,22.360000610351562,1156.550048828125,4.334811687469482,287.1000061035156,4.770758628845215,3.32,2.82
2002-01-11,22.600000381469727,1145.5999755859375,4.351773738861084,287.3999938964844,4.732285499572754,3.34,2.86
2002-01-14,23.579999923706055,1138.4100341796875,4.343291282653809,285.3999938964844,4.721292972564697,3.33,2.88
2002-01-15,22.700000762939453,1146.18994140625,4.347534656524658,284.3999938964844,4.6663312911987305,3.28,2.86
2002-01-16,23.450000762939453,1127.5699462890625,4.343291282653809,287.29998779296875,4.605872631072998,3.27,2.87
2002-01-17,22.25,1138.8800048828125,4.3263258934021,284.3999938964844,4.6333537101745605,3.34,2.82
2002-01-18,22.520000457763672,1127.5799560546875,4.334811687469482,283.1000061035156,4.6278581619262695,3.32,2.86
2002-01-22,23.610000610351562,1119.31005859375,4.33057165145874,281.5,4.649844169616699,3.26,2.85
2002-01-23,21.8799991607666,1128.1800537109375,4.317846775054932,278.6000061035156,4.699308395385742,3.34,2.87
2002-01-24,21.149999618530273,1132.1500244140625,4.313603401184082,278.1000061035156,4.737783432006836,3.35,2.85
2002-01-25,21.010000228881836,1133.280029296875,4.309363842010498,278.79998779296875,4.765265464782715,3.38,2.81
2002-01-28,21.139999389648438,1133.06005859375,4.309363842010498,278.29998779296875,4.781752109527588,3.36,2.78
2002-01-29,24.350000381469727,1100.6400146484375,4.3263258934021,281.3999938964844,4.743279933929443,3.3,2.84
2002-01-30,23.219999313354492,1113.5699462890625,4.322085857391357,281.8999938964844,4.671828269958496,3.27,2.89
2002-01-31,21.09000015258789,1130.199951171875,4.334875106811523,282.1000061035156,4.732285499572754,3.31,2.85
2002-02-01,21.1200008392334,1122.199951171875,4.343397617340088,286.0,4.726790904998779,3.26,2.86
2002-02-04,24.8700008392334,1094.43994140625,4.356186866760254,289.29998779296875,4.699308395385742,3.17,2.93
2002-02-05,25.450000762939453,1090.02001953125,4.351923942565918,298.20001220703125,4.704806804656982,3.16,2.98
2002-02-06,26.09000015258789,1083.510009765625,4.343397617340088,297.5,4.721292972564697,3.18,3.01
2002-02-07,25.110000610351562,1080.1700439453125,4.339137554168701,299.70001220703125,4.677323818206787,3.2,3.05
2002-02-08,23.260000228881836,1096.219970703125,4.351923942565918,303.5,4.6828203201293945,3.17,3.03
2002-02-11,21.780000686645508,1111.93994140625,4.34766149520874,300.1000061035156,4.715795516967773,3.16,3.02
2002-02-12,21.6200008392334,1107.5,4.339137554168701,300.70001220703125,4.699308395385742,3.22,2.99
2002-02-13,20.850000381469727,1118.510009765625,4.3306121826171875,299.3999938964844,4.781752109527588,3.25,2.93
2002-02-14,21.770000457763672,1116.47998046875,4.339137554168701,299.70001220703125,4.897175312042236,3.2,2.95
2002-02-15,22.3700008392334,1104.1800537109375,4.351923942565918,298.3999938964844,4.88618278503418,3.12,2.98
2002-02-19,24.43000030517578,1083.3399658203125,4.34766149520874,293.20001220703125,4.776257514953613,3.12,2.99
2002-02-20,22.65999984741211,1097.97998046875,4.34766149520874,292.29998779296875,4.732285499572754,3.12,3.01
2002-02-21,23.799999237060547,1080.949951171875,4.34766149520874,293.20001220703125,4.726790904998779,3.12,2.97
2002-02-22,22.860000610351562,1089.8399658203125,4.356186866760254,293.20001220703125,4.715795516967773,3.08,2.98
2002-02-25,21.84000015258789,1109.4300537109375,4.351923942565918,292.70001220703125,4.765265464782715,3.09,2.98
2002-02-26,21.68000030517578,1109.3800048828125,4.339137554168701,298.0,4.7542724609375,3.16,2.96
2002-02-27,21.489999771118164,1109.8900146484375,4.356186866760254,296.29998779296875,4.875190734863281,3.07,3.0
2002-02-28,21.59000015258789,1106.72998046875,4.372030258178711,296.70001220703125,4.858701229095459,3.09,2.98
2002-03-01,19.959999084472656,1131.780029296875,4.354902267456055,298.0,4.91916036605835,3.21,2.97
2002-03-04,20.5,1153.8399658203125,4.350619316101074,296.70001220703125,5.040078163146973,3.21,2.94
2002-03-05,20.299999237060547,1146.1400146484375,4.350619316101074,294.0,5.007103443145752,3.22,2.9
2002-03-06,19.940000534057617,1162.77001953125,4.346337795257568,293.5,5.073054790496826,3.28,2.91
2002-03-07,20.040000915527344,1157.5400390625,4.324926376342773,290.1000061035156,5.007103443145752,3.44,2.83
2002-03-08,19.270000457763672,1164.31005859375,4.303517818450928,290.1000061035156,4.99610710144043,3.52,2.79
2002-03-11,19.84000015258789,1168.260009765625,4.303517818450928,291.1000061035156,5.040078163146973,3.47,2.78
2002-03-12,19.59000015258789,1165.5799560546875,4.303517818450928,293.6000061035156,5.040078163146973,3.48,2.78
2002-03-13,19.459999084472656,1154.0899658203125,4.312082767486572,293.6000061035156,5.018095016479492,3.46,2.82
2002-03-14,19.200000762939453,1153.0400390625,4.2863850593566895,291.0,5.018095016479492,3.54,2.79
2002-03-15,18.420000076293945,1166.1600341796875,4.2906694412231445,289.8999938964844,4.990612983703613,3.49,2.81
2002-03-18,18.93000030517578,1165.550048828125,4.299234867095947,292.1000061035156,5.023589134216309,3.44,2.8
2002-03-19,18.15999984741211,1170.2900390625,4.299234867095947,292.79998779296875,5.04557466506958,3.48,2.83
2002-03-20,18.459999084472656,1151.8499755859375,4.2863850593566895,292.1000061035156,5.05656623840332,3.56,2.81
2002-03-21,18.149999618530273,1153.5899658203125,4.2906694412231445,292.79998779296875,5.051070213317871,3.55,2.78
2002-03-22,17.770000457763672,1148.699951171875,4.2863850593566895,297.29998779296875,5.073054790496826,3.56,2.78
2002-03-25,18.479999542236328,1131.8699951171875,4.282106399536133,297.3999938964844,5.040078163146973,3.56,2.74
2002-03-26,18.1299991607666,1138.489990234375,4.29495096206665,296.6000061035156,5.051070213317871,3.54,2.76
2002-03-27,17.700000762939453,1144.5799560546875,4.299234867095947,302.20001220703125,5.073054790496826,3.54,2.81
2002-03-28,17.399999618530273,1147.3900146484375,4.308281898498535,302.6000061035156,5.078550815582275,3.63,2.81
2002-04-01,18.729999542236328,1146.5400390625,4.303973197937012,303.20001220703125,5.067558288574219,3.65,2.78
2002-04-02,19.15999984741211,1136.760009765625,4.321206092834473,305.8999938964844,5.128018856048584,3.56,2.81
2002-04-03,20.200000762939453,1125.4000244140625,4.334133148193359,302.6000061035156,5.128018856048584,3.51,2.83
2002-04-04,19.780000686645508,1126.3399658203125,4.334133148193359,301.1000061035156,5.106033802032471,3.5,2.84
2002-04-05,19.1299991607666,1122.72998046875,4.342747688293457,300.1000061035156,5.139008522033691,3.46,2.85
2002-04-08,19.610000610351562,1125.2900390625,4.338441371917725,300.5,5.095040798187256,3.5,2.85
2002-04-09,19.469999313354492,1117.800048828125,4.3470563888549805,298.79998779296875,5.0620646476745605,3.49,2.85
2002-04-10,18.190000534057617,1130.469970703125,4.342747688293457,301.70001220703125,5.0620646476745605,3.53,2.84
2002-04-11,20.299999237060547,1103.68994140625,4.3470563888549805,302.20001220703125,5.067558288574219,3.5,2.83
2002-04-12,19.420000076293945,1111.010009765625,4.351363658905029,302.1000061035156,5.089543342590332,3.47,2.86
2002-04-15,19.81999969482422,1102.550048828125,4.355676174163818,300.0,5.122522354125977,3.43,2.84
2002-04-16,18.110000610351562,1128.3699951171875,4.3470563888549805,298.79998779296875,5.193972110748291,3.46,2.81
2002-04-17,18.43000030517578,1126.0699462890625,4.3470563888549805,302.1000061035156,5.30389928817749,3.51,2.79
2002-04-18,19.290000915527344,1124.469970703125,4.351363658905029,304.5,5.26542329788208,3.51,2.82
2002-04-19,18.299999237060547,1125.1700439453125,4.355676174163818,302.29998779296875,5.259927272796631,3.48,2.8
2002-04-22,19.770000457763672,1107.8299560546875,4.355676174163818,303.0,5.259927272796631,3.47,2.77
2002-04-23,20.280000686645508,1100.9599609375,4.351363658905029,304.0,5.254433631896973,3.45,2.78
2002-04-24,20.770000457763672,1093.1400146484375,4.3642897605896,304.29998779296875,5.248932838439941,3.39,2.81
2002-04-25,20.950000762939453,1091.47998046875,4.3642897605896,308.1000061035156,5.177483558654785,3.36,2.83
2002-04-26,22.139999389648438,1076.3199462890625,4.368597984313965,311.6000061035156,5.171987533569336,3.33,2.83
2002-04-29,24.049999237060547,1065.449951171875,4.359982967376709,311.20001220703125,5.106033802032471,3.35,2.82
2002-04-30,21.90999984741211,1076.9200439453125,4.381631851196289,308.8999938964844,5.095040798187256,3.34,2.84
2002-05-01,20.059999465942383,1086.4599609375,4.385961055755615,309.1000061035156,5.128018856048584,3.31,2.86
2002-05-02,20.06999969482422,1084.56005859375,4.377300262451172,308.29998779296875,5.089543342590332,3.36,2.84
2002-05-03,20.190000534057617,1073.4300537109375,4.385961055755615,312.20001220703125,5.089543342590332,3.32,2.89
2002-05-06,22.559999465942383,1052.6700439453125,4.381631851196289,311.20001220703125,5.0016045570373535,3.32,2.86
2002-05-07,21.940000534057617,1049.489990234375,4.385961055755615,311.6000061035156,5.067558288574219,3.33,2.86
2002-05-08,20.389999389648438,1088.8499755859375,4.359983444213867,308.20001220703125,5.188475608825684,3.48,2.86
2002-05-09,21.559999465942383,1073.010009765625,4.368642330169678,309.5,5.089543342590332,3.43,2.89
2002-05-10,22.40999984741211,1054.989990234375,4.377300262451172,311.0,5.05656623840332,3.38,2.93
2002-05-13,20.719999313354492,1074.56005859375,4.359983444213867,310.6000061035156,5.078550815582275,3.44,2.9
2002-05-14,19.350000381469727,1097.280029296875,4.342660427093506,307.29998779296875,5.128018856048584,3.54,2.89
2002-05-15,19.190000534057617,1091.0699462890625,4.351323127746582,308.70001220703125,5.1664910316467285,3.52,2.91
2002-05-16,18.5,1098.22998046875,4.364311695098877,309.79998779296875,5.171987533569336,3.45,2.96
2002-05-17,17.700000762939453,1106.5899658203125,4.351323127746582,310.6000061035156,5.221456527709961,3.51,2.94
2002-05-20,19.239999771118164,1091.8800048828125,4.364311695098877,315.70001220703125,5.182983875274658,3.44,2.96
2002-05-21,20.049999237060547,1079.8800048828125,4.37296724319458,315.79998779296875,5.122522354125977,3.43,2.95
2002-05-22,19.579999923706055,1086.02001953125,4.381631851196289,318.0,5.1664910316467285,3.39,2.98
2002-05-23,18.229999542236328,1097.0799560546875,4.37296724319458,322.5,5.133515357971191,3.42,2.97
2002-05-24,18.899999618530273,1083.8199462890625,4.37296724319458,320.3999938964844,5.188475608825684,3.42,2.96
2002-05-28,20.309999465942383,1074.550048828125,4.377300262451172,323.8999938964844,5.182983875274658,3.39,2.95
2002-05-29,20.389999389648438,1067.6600341796875,4.390287399291992,325.3999938964844,5.1500043869018555,3.36,2.97
2002-05-30,20.610000610351562,1064.6600341796875,4.394617557525635,325.5,5.128018856048584,3.31,3.0
2002-05-31,19.979999542236328,1067.1400146484375,4.417248249053955,326.5,5.073054790496826,3.34,2.98
2002-06-03,23.3700008392334,1040.6800537109375,4.417248249053955,326.70001220703125,5.089543342590332,3.29,3.0
2002-06-04,23.889999389648438,1040.68994140625,4.421600341796875,327.79998779296875,5.089543342590332,3.28,3.01
2002-06-05,22.610000610351562,1049.9000244140625,4.412898540496826,321.20001220703125,5.051070213317871,3.33,2.99
2002-06-06,24.15999984741211,1029.1500244140625,4.417248249053955,324.8999938964844,4.99610710144043,3.3,2.99
2002-06-07,23.510000228881836,1027.530029296875,4.408543109893799,324.6000061035156,4.946639537811279,3.36,2.96
2002-06-10,23.719999313354492,1030.739990234375,4.408543109893799,318.70001220703125,4.979619026184082,3.31,2.95
2002-06-11,24.450000762939453,1013.5999755859375,4.417248249053955,319.70001220703125,4.941145420074463,3.27,2.95
2002-06-12,24.149999618530273,1020.260009765625,4.425952434539795,320.29998779296875,4.913665294647217,3.24,3.0
2002-06-13,25.020000457763672,1009.5599975585938,4.430299758911133,317.70001220703125,4.91916036605835,3.22,3.0
2002-06-14,25.959999084472656,1007.27001953125,4.447711944580078,319.1000061035156,4.869694232940674,3.12,3.02
2002-06-17,24.639999389648438,1036.1700439453125,4.434656143188477,317.3999938964844,4.853206157684326,3.15,2.97
2002-06-18,24.239999771118164,1037.1400146484375,4.43900728225708,319.20001220703125,4.88618278503418,3.15,3.02
2002-06-19,26.059999465942383,1019.989990234375,4.452064037322998,319.79998779296875,4.781752109527588,3.05,3.06
2002-06-20,27.479999542236328,1006.2899780273438,4.434656143188477,323.20001220703125,4.743279933929443,3.12,3.05
2002-06-21,27.229999542236328,989.1400146484375,4.443362712860107,324.6000061035156,4.704806804656982,3.07,3.05
2002-06-24,26.979999542236328,992.719970703125,4.425952434539795,324.29998779296875,4.6828203201293945,3.13,3.03
2002-06-25,27.84000015258789,976.1400146484375,4.425952434539795,320.20001220703125,4.671828269958496,3.15,3.03
2002-06-26,28.420000076293945,973.530029296875,4.434656143188477,320.5,4.512434005737305,3.05,3.12
2002-06-27,26.290000915527344,990.6400146484375,4.412898540496826,319.20001220703125,4.561901092529297,3.14,3.14
2002-06-28,25.399999618530273,989.8200073242188,4.429953098297119,313.5,4.655338764190674,3.16,3.13
2002-07-01,27.110000610351562,968.6500244140625,4.429953098297119,314.0,4.6278581619262695,3.13,3.14
2002-07-02,28.959999084472656,948.0900268554688,4.438696384429932,312.79998779296875,4.572895526885986,3.05,3.18
2002-07-03,29.420000076293945,953.989990234375,4.434327125549316,310.8999938964844,4.600375652313232,3.06,3.17
2002-07-05,27.110000610351562,989.030029296875,4.4168314933776855,310.8999938964844,4.710300445556641,3.18,3.15
2002-07-08,28.25,976.97998046875,4.425576686859131,312.1000061035156,4.7542724609375,3.11,3.19
2002-07-09,30.219999313354492,952.8300170898438,4.443068981170654,316.1000061035156,4.798242092132568,3.06,3.19
2002-07-10,34.099998474121094,920.469970703125,4.456191062927246,314.70001220703125,4.721292972564697,2.94,3.21
2002-07-11,33.849998474121094,927.3699951171875,4.456191062927246,317.20001220703125,4.649844169616699,2.94,3.21
2002-07-12,32.939998626708984,921.3900146484375,4.456191062927246,315.6000061035156,4.7542724609375,2.92,3.24
2002-07-15,35.029998779296875,917.9299926757812,4.447446346282959,319.6000061035156,4.732285499572754,2.94,3.26
2002-07-16,36.650001525878906,900.9400024414062,4.429953098297119,317.20001220703125,4.699308395385742,3.03,3.24
2002-07-17,35.45000076293945,906.0399780273438,4.434327125549316,317.3999938964844,4.715795516967773,2.99,3.27
2002-07-18,35.119998931884766,881.5599975585938,4.443068981170654,317.0,4.737783432006836,2.94,3.3
2002-07-19,38.16999816894531,847.75,4.451817512512207,323.8999938964844,4.6333537101745605,2.9,3.25
2002-07-22,41.869998931884766,819.8499755859375,4.460562229156494,323.6000061035156,4.512434005737305,2.81,3.3
2002-07-23,44.91999816894531,797.7000122070312,4.460562229156494,312.70001220703125,4.462970733642578,2.77,3.33
2002-07-24,39.86000061035156,843.4299926757812,4.438696384429932,311.5,4.424496173858643,2.8,3.35
2002-07-25,39.27000045776367,838.6799926757812,4.443068981170654,309.79998779296875,4.342050075531006,2.73,3.35
2002-07-26,35.5099983215332,852.8400268554688,4.438696384429932,303.3999938964844,4.221133232116699,2.74,3.34
2002-07-29,31.329999923706055,898.9600219726562,4.4124603271484375,302.5,4.270599365234375,2.9,3.25
2002-07-30,31.920000076293945,902.780029296875,4.408084392547607,303.70001220703125,4.320065975189209,2.93,3.21
2002-07-31,32.029998779296875,911.6199951171875,4.451589584350586,303.20001220703125,4.259607791900635,2.8,3.25
2002-08-01,36.95000076293945,884.6599731445312,4.460379600524902,304.0,4.215638160705566,2.79,3.27
2002-08-02,41.290000915527344,864.239990234375,4.482353210449219,307.0,4.2376227378845215,2.7,3.34
2002-08-05,45.08000183105469,834.5999755859375,4.482353210449219,307.79998779296875,4.034261703491211,2.65,3.36
2002-08-06,42.029998779296875,859.5700073242188,4.460379600524902,305.5,4.0782318115234375,2.77,3.3
2002-08-07,38.72999954223633,876.77001953125,4.473562717437744,314.29998779296875,4.166170120239258,2.76,3.35
2002-08-08,36.33000183105469,905.4600219726562,4.460379600524902,310.3999938964844,4.259607791900635,2.78,3.33
2002-08-09,35.33000183105469,908.6400146484375,4.477959632873535,314.20001220703125,4.2431182861328125,2.65,3.36
2002-08-12,37.04999923706055,903.7999877929688,4.486748695373535,314.1000061035156,4.232129096984863,2.54,3.33
2002-08-13,35.81999969482422,884.2100219726562,4.495535373687744,314.20001220703125,4.215638160705566,2.49,3.39
2002-08-14,32.36000061035156,919.6199951171875,4.4999284744262695,311.79998779296875,4.259607791900635,2.42,3.37
2002-08-15,29.43000030517578,930.25,4.486748695373535,314.29998779296875,4.281595706939697,2.55,3.35
2002-08-16,28.809999465942383,928.77001953125,4.464771747589111,313.70001220703125,4.303577899932861,2.7,3.32
2002-08-19,28.610000610351562,950.7000122070312,4.464771747589111,306.0,4.303577899932861,2.62,3.32
2002-08-20,29.59000015258789,937.4299926757812,4.491143226623535,308.70001220703125,4.320065975189209,2.55,3.36
2002-08-21,28.229999542236328,949.3599853515625,4.491143226623535,307.6000061035156,4.353043556213379,2.57,3.32
2002-08-22,27.75,962.7000122070312,4.477959632873535,306.6000061035156,4.364037036895752,2.65,3.28
2002-08-23,29.31999969482422,940.8599853515625,4.486748695373535,306.70001220703125,4.347548961639404,2.6,3.27
2002-08-26,29.889999389648438,947.9500122070312,4.491143226623535,309.3999938964844,4.347548961639404,2.54,3.29
2002-08-27,30.110000610351562,934.8200073242188,4.482353210449219,312.29998779296875,4.347548961639404,2.61,3.28
2002-08-28,33.31999969482422,917.8699951171875,4.491143226623535,309.3999938964844,4.303577899932861,2.55,3.3
2002-08-29,33.66999816894531,917.7999877929688,4.4999284744262695,312.8999938964844,4.2870893478393555,2.48,3.33
2002-08-30,32.63999938964844,916.0700073242188,4.525540828704834,312.3999938964844,4.320065975189209,2.45,3.32
2002-09-03,39.970001220703125,878.02001953125,4.547613620758057,313.3999938964844,4.182660102844238,2.34,3.39
2002-09-04,37.439998626708984,893.4000244140625,4.547613620758057,314.8999938964844,4.199148178100586,2.33,3.4
2002-09-05,38.86000061035156,879.1500244140625,4.55644416809082,318.20001220703125,4.155177116394043,2.3,3.47
2002-09-06,36.33000183105469,893.9199829101562,4.534366130828857,319.8999938964844,4.17166805267334,2.39,3.42
2002-09-09,36.45000076293945,902.9600219726562,4.5299530029296875,321.29998779296875,4.210141181945801,2.36,3.41
2002-09-10,35.08000183105469,909.5800170898438,4.538785934448242,317.8999938964844,4.2870893478393555,2.32,3.43
2002-09-11,34.810001373291016,909.4500122070312,4.5299530029296875,316.6000061035156,4.309074401855469,2.38,3.42
2002-09-12,37.5,886.9099731445312,4.547613620758057,318.8999938964844,4.292586326599121,2.29,3.45
2002-09-13,35.81999969482422,889.8099975585938,4.55644416809082,316.6000061035156,4.2376227378845215,2.23,3.44
2002-09-16,36.7400016784668,891.0999755859375,4.560859680175781,317.1000061035156,4.155177116394043,2.19,3.47
2002-09-17,38.0099983215332,873.52001953125,4.560859680175781,317.0,4.199148178100586,2.17,3.51
2002-09-18,37.52000045776367,869.4600219726562,4.560859680175781,320.6000061035156,4.116703510284424,2.18,3.51
2002-09-19,40.650001525878906,843.3200073242188,4.569687843322754,322.6000061035156,4.0782318115234375,2.14,3.55
2002-09-20,38.97999954223633,845.3900146484375,4.565275192260742,321.8999938964844,4.056246280670166,2.14,3.59
2002-09-23,39.68000030517578,833.7000122070312,4.574101448059082,323.0,3.96830677986145,2.05,3.63
2002-09-24,40.52000045776367,819.2899780273438,4.574101448059082,325.8999938964844,3.9188392162323,2.04,3.65
2002-09-25,37.33000183105469,839.6599731445312,4.55644416809082,322.20001220703125,3.9133431911468506,2.11,3.67
2002-09-26,34.599998474121094,854.9500122070312,4.55644416809082,320.29998779296875,3.935325860977173,2.14,3.64
2002-09-27,36.970001220703125,827.3699951171875,4.565275192260742,319.70001220703125,3.9078469276428223,2.06,3.71
2002-09-30,39.689998626708984,815.280029296875,4.594988822937012,323.8999938964844,3.858379364013672,2.06,3.76
2002-10-01,34.119998931884766,847.9099731445312,4.581686496734619,320.8999938964844,3.9133431911468506,2.13,3.74
2002-10-02,36.83000183105469,827.9099731445312,4.581686496734619,321.5,3.8968565464019775,2.13,3.73
2002-10-03,37.310001373291016,818.9500122070312,4.581686496734619,321.1000061035156,3.8748700618743896,2.13,3.76
2002-10-04,39.459999084472656,800.5800170898438,4.577250957489014,322.1000061035156,3.8748700618743896,2.08,3.78
2002-10-07,42.63999938964844,785.280029296875,4.581686496734619,321.8999938964844,3.770439863204956,2.01,3.86
2002-10-08,41.02000045776367,798.5499877929688,4.572816371917725,318.20001220703125,3.7869277000427246,2.04,3.89
2002-10-09,42.130001068115234,776.760009765625,4.581686496734619,319.6000061035156,3.737462282180786,2.04,3.9
2002-10-10,37.54999923706055,803.9199829101562,4.5683794021606445,316.5,3.6934919357299805,2.1,3.9
2002-10-11,35.70000076293945,835.3200073242188,4.546202659606934,316.29998779296875,3.731964588165283,2.25,3.88
2002-10-14,36.040000915527344,841.4400024414062,4.550636291503906,317.79998779296875,3.731964588165283,2.25,3.88
2002-10-15,34.02000045776367,881.27001953125,4.519588947296143,312.6000061035156,3.880366325378418,2.39,3.74
2002-10-16,36.0,860.02001953125,4.510720729827881,314.0,3.8748700618743896,2.4,3.77
2002-10-17,34.099998474121094,879.2000122070312,4.497418403625488,311.6000061035156,3.962808847427368,2.49,3.73
2002-10-18,33.529998779296875,884.3900146484375,4.497418403625488,312.70001220703125,4.006779670715332,2.47,3.76
2002-10-21,33.11000061035156,899.719970703125,4.484107971191406,310.8999938964844,4.006779670715332,2.53,3.7
2002-10-22,34.09000015258789,890.1599731445312,4.479673862457275,313.0,3.979299545288086,2.58,3.71
2002-10-23,33.20000076293945,896.1400146484375,4.484107971191406,312.0,4.083727836608887,2.58,3.73
2002-10-24,34.029998779296875,882.5,4.497418403625488,310.70001220703125,4.083727836608887,2.51,3.77
2002-10-25,30.0,897.6500244140625,4.510720729827881,313.3999938964844,4.089224815368652,2.48,3.78
2002-10-28,31.06999969482422,890.22998046875,4.5151567459106445,315.20001220703125,4.122201919555664,2.51,3.81
2002-10-29,32.27000045776367,882.1500244140625,4.5373311042785645,317.70001220703125,4.0672383308410645,2.46,3.85
2002-10-30,31.229999542236328,890.7100219726562,4.5373311042785645,316.5,4.072735786437988,2.48,3.83
2002-10-31,31.139999389648438,885.760009765625,4.56718635559082,318.0,4.111208915710449,2.49,3.82
2002-11-01,29.299999237060547,900.9600219726562,4.558271884918213,318.79998779296875,4.111208915710449,2.58,3.76
2002-11-04,30.81999969482422,908.3499755859375,4.553818702697754,318.29998779296875,4.1881561279296875,2.64,3.72
2002-11-05,31.229999542236328,915.3900146484375,4.549362659454346,318.20001220703125,4.166170120239258,2.68,3.72
2002-11-06,30.729999542236328,923.760009765625,4.562729358673096,317.5,4.226632118225098,2.86,3.72
2002-11-07,31.420000076293945,902.6500244140625,4.585009574890137,320.5,4.259607791900635,2.66,3.73
2002-11-08,29.40999984741211,894.739990234375,4.593921184539795,321.29998779296875,4.281595706939697,2.63,3.66
2002-11-11,31.299999237060547,876.1900024414062,4.593921184539795,321.20001220703125,4.215638160705566,2.63,3.66
2002-11-12,30.579999923706055,882.9500122070312,4.589465141296387,324.5,4.193652153015137,2.62,3.68
2002-11-13,31.239999771118164,882.530029296875,4.589465141296387,318.70001220703125,4.17166805267334,2.63,3.67
2002-11-14,28.670000076293945,904.27001953125,4.571639060974121,317.8999938964844,4.20464563369751,2.81,3.58
2002-11-15,26.649999618530273,909.8300170898438,4.56718635559082,320.70001220703125,4.265105724334717,2.83,3.54
2002-11-18,27.65999984741211,900.3599853515625,4.571639060974121,319.20001220703125,4.292586326599121,2.79,3.52
2002-11-19,27.40999984741211,896.739990234375,4.580554008483887,318.6000061035156,4.254110336303711,2.78,3.5
2002-11-20,25.31999969482422,914.1500244140625,4.562729358673096,317.3999938964844,4.259607791900635,2.86,3.48
2002-11-21,23.809999465942383,933.760009765625,4.553818702697754,317.3999938964844,4.320065975189209,2.92,3.46
2002-11-22,23.15999984741211,930.5499877929688,4.549362659454346,320.70001220703125,4.3365559577941895,2.95,3.43
2002-11-25,24.06999969482422,932.8699951171875,4.549362659454346,317.79998779296875,4.358539581298828,2.95,3.42
2002-11-26,25.969999313354492,913.3099975585938,4.56718635559082,317.70001220703125,4.331058979034424,2.86,3.45
2002-11-27,27.25,938.8699951171875,4.540452003479004,316.79998779296875,4.375026226043701,3.03,3.39
2002-11-29,27.5,936.3099975585938,4.560140609741211,316.79998779296875,4.375026226043701,3.0,3.38
2002-12-02,27.459999084472656,934.530029296875,4.569093227386475,317.6000061035156,4.446483135223389,2.98,3.37
2002-12-03,28.329999923706055,920.75,4.569093227386475,320.20001220703125,4.462970733642578,3.01,3.35
2002-12-04,28.920000076293945,917.5800170898438,4.578042507171631,322.20001220703125,4.397015571594238,2.96,3.38
2002-12-05,30.100000381469727,906.5499877929688,4.58699369430542,324.79998779296875,4.391515731811523,2.91,3.38
2002-12-06,28.8799991607666,912.22998046875,4.591465473175049,326.29998779296875,4.369533538818359,2.88,3.42
2002-12-09,30.780000686645508,892.0,4.6004180908203125,325.79998779296875,4.369533538818359,2.83,3.42
2002-12-10,28.760000228881836,904.4500122070312,4.6004180908203125,323.5,4.342050075531006,2.85,3.4
2002-12-11,27.760000228881836,904.9600219726562,4.609367847442627,324.79998779296875,4.331058979034424,2.8,3.4
2002-12-12,27.290000915527344,901.5800170898438,4.604893684387207,331.3999938964844,4.353043556213379,2.8,3.42
2002-12-13,28.18000030517578,889.47998046875,4.6004180908203125,333.20001220703125,4.347548961639404,2.86,3.42
2002-12-16,26.239999771118164,910.4000244140625,4.58699369430542,337.0,4.342050075531006,2.92,3.37
2002-12-17,26.65999984741211,902.989990234375,4.591465473175049,337.3999938964844,4.364037036895752,2.91,3.37
2002-12-18,28.290000915527344,891.1199951171875,4.604893684387207,342.1000061035156,4.358539581298828,2.85,3.4
2002-12-19,30.209999084472656,884.25,4.622791290283203,345.8999938964844,4.364037036895752,2.75,3.44
2002-12-20,26.709999084472656,895.760009765625,4.622791290283203,340.5,4.398646831512451,2.76,3.42
2002-12-23,26.200000762939453,897.3800048828125,4.618318557739258,345.1000061035156,4.359570503234863,2.79,3.44
2002-12-24,26.489999771118164,892.469970703125,4.6272711753845215,346.79998779296875,4.32607889175415,2.76,3.44
2002-12-26,27.3700008392334,889.6599731445312,4.6272711753845215,348.8999938964844,4.331662178039551,2.75,3.45
2002-12-27,29.549999237060547,875.4000244140625,4.645167350769043,349.20001220703125,4.281421661376953,2.67,3.49
2002-12-30,29.6200008392334,879.3900146484375,4.649644374847412,343.3999938964844,4.259095668792725,2.6,3.48
2002-12-31,28.6200008392334,879.8200073242188,4.663569927215576,347.6000061035156,4.259095668792725,2.61,3.48
2003-01-02,25.389999389648438,909.030029296875,4.627628326416016,346.1000061035156,4.314916610717773,2.85,3.37
2003-01-03,24.68000030517578,908.5900268554688,4.627628326416016,351.20001220703125,4.387481212615967,2.83,3.39
2003-01-06,24.90999984741211,929.010009765625,4.627628326416016,351.70001220703125,4.443301200866699,2.88,3.38
2003-01-07,25.1299991607666,922.9299926757812,4.636616230010986,347.29998779296875,4.42097282409668,2.85,3.39
2003-01-08,25.530000686645508,909.9299926757812,4.645604610443115,353.8999938964844,4.43772029876709,2.81,3.35
2003-01-09,24.25,927.5700073242188,4.618644714355469,353.29998779296875,4.426555633544922,2.99,3.29
2003-01-10,24.31999969482422,927.5700073242188,4.623136520385742,354.5,4.454465389251709,2.96,3.31
2003-01-13,24.899999618530273,926.260009765625,4.627628326416016,354.70001220703125,4.515868663787842,2.94,3.29
2003-01-14,24.56999969482422,931.6599731445312,4.63212251663208,352.0,4.515868663787842,2.91,3.31
2003-01-15,25.510000228881836,918.219970703125,4.63212251663208,350.70001220703125,4.521451950073242,2.9,3.29
2003-01-16,25.010000228881836,914.5999755859375,4.63212251663208,357.70001220703125,4.4823760986328125,2.92,3.29
2003-01-17,25.700000762939453,901.780029296875,4.641108989715576,356.6000061035156,4.42097282409668,2.87,3.29
2003-01-21,27.59000015258789,887.6199951171875,4.645604610443115,357.29998779296875,4.370732307434082,2.82,3.31
2003-01-22,29.010000228881836,878.3599853515625,4.654583930969238,359.70001220703125,4.337244033813477,2.78,3.33
2003-01-23,27.530000686645508,887.3400268554688,4.650091648101807,364.5,4.376319408416748,2.81,3.33
2003-01-24,31.510000228881836,861.4000244140625,4.654583930969238,368.20001220703125,4.314916610717773,2.78,3.33
2003-01-27,34.689998626708984,847.47998046875,4.645604610443115,369.3999938964844,4.242347717285156,2.81,3.27
2003-01-28,31.93000030517578,858.5399780273438,4.641108989715576,370.0,4.253512382507324,2.82,3.23
2003-01-29,31.260000228881836,864.3599853515625,4.63212251663208,366.29998779296875,4.253512382507324,2.88,3.18
2003-01-30,31.31999969482422,844.6099853515625,4.641108989715576,368.6000061035156,4.253512382507324,2.82,3.19
2003-01-31,31.170000076293945,855.7000122070312,4.666379928588867,368.29998779296875,4.264673709869385,2.82,3.16
2003-02-03,31.020000457763672,860.3200073242188,4.666379928588867,370.79998779296875,4.287003517150879,2.83,3.14
2003-02-04,32.7599983215332,848.2000122070312,4.675405502319336,379.0,4.281421661376953,2.8,3.12
2003-02-05,33.040000915527344,843.5900268554688,4.666379928588867,376.3999938964844,4.2758402824401855,2.84,3.11
2003-02-06,33.349998474121094,838.1500244140625,4.675405502319336,370.1000061035156,4.220019340515137,2.8,3.12
2003-02-07,34.0099983215332,829.6900024414062,4.679920196533203,369.8999938964844,4.16978120803833,2.79,3.11
2003-02-10,33.9900016784668,835.969970703125,4.670891284942627,363.70001220703125,4.130708694458008,2.82,3.11
2003-02-11,33.68000030517578,829.2000122070312,4.670891284942627,362.5,4.130708694458008,2.8,3.13
2003-02-12,34.33000183105469,818.6799926757812,4.679920196533203,352.6000061035156,4.147451877593994,2.75,3.16
2003-02-13,33.70000076293945,817.3699951171875,4.684426307678223,357.3999938964844,4.074886798858643,2.72,3.17
2003-02-14,32.619998931884766,834.8900146484375,4.670891284942627,351.8999938964844,4.069304943084717,2.77,3.16
2003-02-18,31.110000610351562,851.1699829101562,4.670891284942627,344.20001220703125,4.186528205871582,2.75,3.16
2003-02-19,31.309999465942383,845.1300048828125,4.684426307678223,349.8999938964844,4.1641998291015625,2.7,3.16
2003-02-20,31.15999984741211,837.0999755859375,4.6889472007751465,353.1000061035156,4.1753644943237305,2.66,3.18
2003-02-21,30.25,848.1699829101562,4.679920196533203,351.79998779296875,4.186528205871582,2.71,3.16
2003-02-24,31.979999542236328,832.5800170898438,4.6889472007751465,356.29998779296875,4.203273296356201,2.65,3.17
2003-02-25,31.739999771118164,838.5700073242188,4.693461894989014,352.29998779296875,4.119541645050049,2.61,3.18
2003-02-26,31.940000534057617,827.5499877929688,4.697968006134033,354.0,4.091634750366211,2.57,3.18
2003-02-27,30.530000686645508,837.280029296875,4.702483177185059,346.1000061035156,4.108381271362305,2.55,3.2
2003-02-28,29.6299991607666,841.1500244140625,4.7310309410095215,350.20001220703125,4.102797031402588,2.51,3.21
2003-03-03,30.43000030517578,834.8099975585938,4.735561847686768,349.20001220703125,4.153035640716553,2.48,3.23
2003-03-04,31.829999923706055,821.989990234375,4.740094184875488,353.20001220703125,4.102797031402588,2.46,3.25
2003-03-05,30.3799991607666,829.8499755859375,4.744628429412842,353.1000061035156,4.0469770431518555,2.45,3.25
2003-03-06,31.3700008392334,822.0999755859375,4.740094184875488,356.79998779296875,4.019066333770752,2.49,3.24
2003-03-07,31.079999923706055,828.8900146484375,4.740094184875488,350.79998779296875,4.002321243286133,2.51,3.26
2003-03-10,33.310001373291016,807.47998046875,4.749156951904297,354.70001220703125,3.9688289165496826,2.51,3.29
2003-03-11,33.61000061035156,800.72998046875,4.744628429412842,350.5,3.9409165382385254,2.5,3.28
2003-03-12,33.5099983215332,804.1900024414062,4.740094184875488,346.5,3.9520833492279053,2.5,3.26
2003-03-13,31.760000228881836,831.9000244140625,4.712911128997803,335.8999938964844,4.030229568481445,2.62,3.21
2003-03-14,30.979999542236328,833.27001953125,4.717435359954834,336.5,4.052558422088623,2.59,3.22
2003-03-17,31.75,862.7899780273438,4.699311256408691,337.1000061035156,3.9799911975860596,2.67,3.17
2003-03-18,30.43000030517578,866.4500122070312,4.685718059539795,337.6000061035156,4.0972161293029785,2.77,3.11
2003-03-19,31.540000915527344,874.02001953125,4.676653861999512,336.1000061035156,4.091634750366211,2.82,3.04
2003-03-20,30.440000534057617,875.6699829101562,4.667591094970703,332.8999938964844,4.147451877593994,2.84,3.05
2003-03-21,28.670000076293945,895.7899780273438,4.653994560241699,326.0,4.197691917419434,2.93,2.99
2003-03-24,30.389999389648438,864.22998046875,4.676653861999512,329.5,4.0972161293029785,2.81,3.03
2003-03-25,28.75,874.739990234375,4.676653861999512,328.3999938964844,4.102797031402588,2.79,3.04
2003-03-26,28.229999542236328,869.9500122070312,4.681184768676758,330.29998779296875,4.1139631271362305,2.78,3.01
2003-03-27,27.959999084472656,868.52001953125,4.685718059539795,328.70001220703125,4.0972161293029785,2.79,3.0
2003-03-28,27.75,863.5,4.690247058868408,328.70001220703125,4.0972161293029785,2.78,3.01
2003-03-31,29.149999618530273,848.1799926757812,4.725296974182129,335.8999938964844,4.040538311004639,2.69,3.04
2003-04-01,28.360000610351562,858.47998046875,4.725296974182129,334.29998779296875,4.0742082595825195,2.72,3.02
2003-04-02,28.020000457763672,880.9000244140625,4.711643695831299,329.6000061035156,4.113489151000977,2.81,2.98
2003-04-03,28.209999084472656,876.4500122070312,4.716195583343506,324.8999938964844,4.141549587249756,2.82,3.01
2003-04-04,29.1299991607666,878.8499755859375,4.711643695831299,325.29998779296875,4.19205379486084,2.85,2.99
2003-04-07,28.450000762939453,879.9299926757812,4.702539443969727,321.5,4.287457466125488,2.86,2.95
2003-04-08,27.1299991607666,878.2899780273438,4.716195583343506,322.20001220703125,4.259397506713867,2.8,2.97
2003-04-09,27.110000610351562,865.989990234375,4.720750331878662,325.6000061035156,4.225727081298828,2.8,2.97
2003-04-10,25.600000381469727,871.5800170898438,4.716195583343506,326.70001220703125,4.236948490142822,2.81,2.96
2003-04-11,24.440000534057617,868.2999877929688,4.70709228515625,327.8999938964844,4.259397506713867,2.83,2.93
2003-04-14,23.40999984741211,885.22998046875,4.6979875564575195,324.20001220703125,4.281845569610596,2.84,2.92
2003-04-15,22.559999465942383,890.8099975585938,4.70709228515625,324.8999938964844,4.349188327789307,2.8,2.92
2003-04-16,22.520000457763672,879.9099731445312,4.716195583343506,325.79998779296875,4.394082069396973,2.79,2.9
2003-04-17,21.5,893.5800170898438,4.716195583343506,327.20001220703125,4.405306816101074,2.8,2.86
2003-04-21,21.950000762939453,892.010009765625,4.711643695831299,333.5,4.42775297164917,2.82,2.84
2003-04-22,20.700000762939453,911.3699951171875,4.716195583343506,334.3999938964844,4.3772478103637695,2.83,2.83
2003-04-23,20.799999237060547,919.02001953125,4.716195583343506,331.5,4.394082069396973,2.85,2.79
2003-04-24,20.329999923706055,911.4299926757812,4.734409332275391,334.79998779296875,4.3211283683776855,2.78,2.8
2003-04-25,20.799999237060547,898.8099975585938,4.738955497741699,333.3999938964844,4.242562294006348,2.77,2.82
2003-04-28,20.84000015258789,914.8400268554688,4.738955497741699,334.5,4.270618438720703,2.78,2.79
2003-04-29,20.760000228881836,917.8400268554688,4.734409332275391,333.70001220703125,4.3772478103637695,2.81,2.77
2003-04-30,21.209999084472656,916.9199829101562,4.7663984298706055,339.1000061035156,4.415025234222412,2.76,2.76
2003-05-01,21.59000015258789,916.2999877929688,4.7709641456604,342.1000061035156,4.415025234222412,2.78,2.77
2003-05-02,20.6299991607666,930.0800170898438,4.761823654174805,341.0,4.431941986083984,2.82,2.73
2003-05-05,21.1299991607666,926.5499877929688,4.7663984298706055,342.29998779296875,4.47141170501709,2.79,2.71
2003-05-06,20.799999237060547,934.3900146484375,4.784673690795898,342.5,4.4883270263671875,2.74,2.74
2003-05-07,21.0,929.6199951171875,4.7983856201171875,341.8999938964844,4.533435821533203,2.61,2.78
2003-05-08,21.239999771118164,920.27001953125,4.802952289581299,348.3999938964844,4.493964195251465,2.61,2.67
2003-05-09,19.690000534057617,933.4099731445312,4.802952289581299,348.6000061035156,4.533435821533203,2.58,2.81
2003-05-12,19.520000457763672,945.1099853515625,4.807523250579834,351.6000061035156,4.584186553955078,2.54,2.83
2003-05-13,19.90999984741211,942.2999877929688,4.802952289581299,350.0,4.584186553955078,2.54,2.83
2003-05-14,20.0,939.280029296875,4.8212361335754395,352.29998779296875,4.567266941070557,2.47,2.83
2003-05-15,19.239999771118164,946.6699829101562,4.812093257904053,352.6000061035156,4.544711589813232,2.47,2.83
2003-05-16,18.399999618530273,944.2999877929688,4.825799465179443,354.70001220703125,4.527797222137451,2.41,2.84
2003-05-19,20.510000228881836,920.77001953125,4.825799465179443,364.20001220703125,4.47141170501709,2.41,2.86
2003-05-20,21.290000915527344,919.72998046875,4.839514255523682,366.29998779296875,4.47141170501709,2.34,2.86
2003-05-21,21.209999084472656,923.4199829101562,4.830371856689453,372.0,4.477049827575684,2.33,2.86
2003-05-22,19.780000686645508,931.8699951171875,4.839514255523682,368.1000061035156,4.499605655670166,2.26,2.85
2003-05-23,19.170000076293945,933.219970703125,4.839514255523682,368.79998779296875,4.578545093536377,2.26,2.81
2003-05-27,19.989999771118164,951.47998046875,4.830371856689453,367.79998779296875,4.60109806060791,2.32,2.83
2003-05-28,20.030000686645508,953.219970703125,4.825799465179443,365.20001220703125,4.657485008239746,2.32,2.83
2003-05-29,20.43000030517578,949.6400146484375,4.839514255523682,369.6000061035156,4.691317558288574,2.24,2.87
2003-05-30,19.469999313354492,963.5900268554688,4.853275299072266,364.5,4.718506336212158,2.26,2.85
2003-06-02,20.850000381469727,967.0,4.84409761428833,366.0,4.797811508178711,2.29,2.85
2003-06-03,20.84000015258789,971.5599975585938,4.862448692321777,365.20001220703125,4.775151252746582,2.26,2.88
2003-06-04,20.6200008392334,986.239990234375,4.867034912109375,362.6000061035156,4.797811508178711,2.25,2.87
2003-06-05,20.829999923706055,990.1400146484375,4.857863426208496,368.6000061035156,4.848790168762207,2.3,2.87
2003-06-06,21.25,987.760009765625,4.857863426208496,363.70001220703125,4.865784168243408,2.32,2.83
2003-06-09,22.149999618530273,975.9299926757812,4.871622562408447,361.79998779296875,4.894104480743408,2.26,2.87
2003-06-10,20.639999389648438,984.8400268554688,4.885383129119873,352.20001220703125,4.8884406089782715,2.23,2.89
2003-06-11,20.209999084472656,997.47998046875,4.885383129119873,355.5,4.8884406089782715,2.27,2.87
2003-06-12,20.40999984741211,998.510009765625,4.889977931976318,353.29998779296875,4.950750827789307,2.26,2.88
2003-06-13,20.65999984741211,988.6099853515625,4.899147033691406,356.6000061035156,4.967743396759033,2.27,2.88
2003-06-16,20.219999313354492,1010.739990234375,4.885383129119873,359.0,4.984736442565918,2.31,2.87
2003-06-17,20.010000228881836,1011.6599731445312,4.867034912109375,363.20001220703125,5.0753703117370605,2.37,2.85
2003-06-18,19.760000228881836,1010.0900268554688,4.853275299072266,357.20001220703125,5.041384220123291,2.48,2.83
2003-06-19,19.799999237060547,994.7000122070312,4.857863426208496,361.29998779296875,5.081033706665039,2.54,2.87
2003-06-20,19.139999389648438,995.6900024414062,4.848683834075928,356.29998779296875,5.064037799835205,2.57,2.86
2003-06-23,20.579999923706055,981.6400146484375,4.862448692321777,353.0,4.984736442565918,2.47,2.88
2003-06-24,20.75,983.4500122070312,4.867034912109375,346.29998779296875,4.950750827789307,2.46,2.87
2003-06-25,20.809999465942383,975.3200073242188,4.853275299072266,349.29998779296875,4.990401744842529,2.46,2.85
2003-06-26,19.399999618530273,985.8200073242188,4.825750827789307,343.8999938964844,4.996068000793457,2.64,2.8
2003-06-27,19.15999984741211,976.219970703125,4.816577911376953,345.20001220703125,5.007396221160889,2.71,2.8
2003-06-30,19.520000457763672,974.5,4.84698486328125,346.0,5.016497611999512,2.64,2.81
2003-07-01,19.459999084472656,982.3200073242188,4.8423752784729,351.3999938964844,5.0790605545043945,2.67,2.81
2003-07-02,19.030000686645508,993.75,4.84698486328125,351.29998779296875,5.141623497009277,2.69,2.75
2003-07-03,19.389999389648438,985.7000122070312,4.828555583953857,351.0,5.175748825073242,2.8,2.72
2003-07-07,20.059999465942383,1004.4199829101562,4.819341659545898,348.1000061035156,5.306564807891846,2.82,2.7
2003-07-08,19.479999542236328,1007.8400268554688,4.81473445892334,344.1000061035156,5.300873756408691,2.83,2.68
2003-07-09,18.93000030517578,1002.2100219726562,4.819341659545898,343.6000061035156,5.289505481719971,2.83,2.68
2003-07-10,19.190000534057617,988.7000122070312,4.823947906494141,344.29998779296875,5.249687671661377,2.81,2.71
2003-07-11,18.469999313354492,998.1400146484375,4.8331618309021,344.79998779296875,5.249687671661377,2.77,2.73
2003-07-14,19.59000015258789,1003.8599853515625,4.81473445892334,347.70001220703125,5.363440990447998,2.83,2.72
2003-07-15,19.549999237060547,1000.4199829101562,4.782480239868164,342.1000061035156,5.340691566467285,3.02,2.66
2003-07-16,19.760000228881836,994.0900268554688,4.777875900268555,343.1000061035156,5.329315185546875,3.06,2.62
2003-07-17,20.219999313354492,981.72998046875,4.777875900268555,344.20001220703125,5.27812385559082,3.08,2.61
2003-07-18,19.110000610351562,993.3200073242188,4.7732696533203125,347.20001220703125,5.243999481201172,3.09,2.61
2003-07-21,19.780000686645508,978.7999877929688,4.741015911102295,350.8999938964844,5.221250057220459,3.26,2.57
2003-07-22,19.170000076293945,988.1099853515625,4.741015911102295,350.6000061035156,5.238311290740967,3.24,2.56
2003-07-23,18.639999389648438,988.6099853515625,4.750230312347412,358.6000061035156,5.232624530792236,3.19,2.59
2003-07-24,18.600000381469727,981.5999755859375,4.7456254959106445,362.20001220703125,5.289505481719971,3.27,2.55
2003-07-25,17.75,998.6799926757812,4.741015911102295,362.70001220703125,5.335002899169922,3.29,2.57
2003-07-28,18.360000610351562,996.52001953125,4.717976093292236,364.79998779296875,5.408942222595215,3.34,2.58
2003-07-29,18.670000076293945,989.280029296875,4.694938659667969,361.70001220703125,5.391876220703125,3.43,2.55
2003-07-30,18.850000381469727,987.489990234375,4.704155921936035,356.20001220703125,5.352065086364746,3.36,2.55
2003-07-31,19.489999771118164,990.3099975585938,4.6851935386657715,354.0,5.390322208404541,3.53,2.58
2003-08-01,20.75,980.1500244140625,4.680569648742676,346.1000061035156,5.401744842529297,3.49,2.57
2003-08-04,21.270000457763672,982.8200073242188,4.6944427490234375,349.20001220703125,5.378902912139893,3.38,2.62
2003-08-05,22.68000030517578,965.4600219726562,4.680569648742676,349.6000061035156,5.34464168548584,3.51,2.62
2003-08-06,21.5,967.0800170898438,4.712940692901611,350.79998779296875,5.304670810699463,3.37,2.64
2003-08-07,20.260000228881836,974.1199951171875,4.72681999206543,352.5,5.333222389221191,3.35,2.64
2003-08-08,19.59000015258789,977.5900268554688,4.731442451477051,356.29998779296875,5.333222389221191,3.31,2.69
2003-08-11,19.75,980.5900268554688,4.712940692901611,361.70001220703125,5.378902912139893,3.42,2.61
2003-08-12,17.940000534057617,990.3499755859375,4.717568397521973,358.5,5.384613037109375,3.42,2.63
2003-08-13,18.770000457763672,984.030029296875,4.671319484710693,362.1000061035156,5.458847999572754,3.62,2.56
2003-08-14,18.469999313354492,990.510009765625,4.66669225692749,366.0,5.510233402252197,3.59,2.59
2003-08-15,18.270000457763672,990.6699829101562,4.675940036773682,363.20001220703125,5.521657466888428,3.6,2.55
2003-08-18,18.18000030517578,999.739990234375,4.6898193359375,358.3999938964844,5.561629295349121,3.53,2.6
2003-08-19,17.860000610351562,1002.3499755859375,4.712940692901611,361.6000061035156,5.578754901885986,3.42,2.61
2003-08-20,17.81999969482422,1000.2999877929688,4.703693389892578,365.6000061035156,5.595885276794434,3.49,2.56
2003-08-21,17.84000015258789,1003.27001953125,4.6851935386657715,360.6000061035156,5.664409637451172,3.56,2.51
2003-08-22,18.549999237060547,993.0599975585938,4.6944427490234375,363.1000061035156,5.687250137329102,3.5,2.49
2003-08-25,19.530000686645508,993.7100219726562,4.6851935386657715,361.29998779296875,5.664409637451172,3.51,2.5
2003-08-26,19.489999771118164,996.72998046875,4.6944427490234375,365.79998779296875,5.635855674743652,3.49,2.49
2003-08-27,19.1299991607666,996.7899780273438,4.6851935386657715,373.5,5.664409637451172,3.54,2.47
2003-08-28,18.479999542236328,1002.8400268554688,4.708318710327148,370.5,5.670116424560547,3.43,2.49
2003-08-29,18.6299991607666,1008.010009765625,4.713885307312012,375.70001220703125,5.754371166229248,3.47,2.46
2003-09-02,19.020000457763672,1021.989990234375,4.686069488525391,373.20001220703125,5.811686038970947,3.63,2.39
2003-09-03,19.440000534057617,1026.27001953125,4.686069488525391,373.8999938964844,5.857533931732178,3.63,2.4
2003-09-04,18.709999084472656,1027.969970703125,4.704607963562012,372.8999938964844,5.874730587005615,3.55,2.46
2003-09-05,18.170000076293945,1021.3900146484375,4.741689205169678,377.6000061035156,5.914849281311035,3.39,2.52
2003-09-08,18.260000228881836,1031.6400146484375,4.737057209014893,375.1000061035156,5.920581817626953,3.44,2.48
2003-09-09,18.850000381469727,1023.1699829101562,4.746326446533203,381.70001220703125,5.920581817626953,3.41,2.53
2003-09-10,20.010000228881836,1010.9199829101562,4.764867305755615,380.0,5.897655010223389,3.32,2.55
2003-09-11,19.25,1016.4199829101562,4.750961780548096,379.70001220703125,5.903387546539307,3.39,2.48
2003-09-12,18.68000030517578,1018.6300048828125,4.764867305755615,375.79998779296875,5.903387546539307,3.31,2.56
2003-09-15,19.280000686645508,1014.8099975585938,4.764867305755615,374.5,5.840340614318848,3.32,2.55
2003-09-16,18.030000686645508,1029.3199462890625,4.760233402252197,373.5,5.891927242279053,3.36,2.57
2003-09-17,18.149999618530273,1025.969970703125,4.7787699699401855,376.20001220703125,5.909121990203857,3.25,2.56
2003-09-18,17.56999969482422,1039.5799560546875,4.7787699699401855,376.6000061035156,5.909121990203857,3.23,2.54
2003-09-19,17.540000915527344,1036.300048828125,4.783409595489502,381.79998779296875,5.891927242279053,3.22,2.52
2003-09-22,19.649999618530273,1022.8200073242188,4.769503593444824,387.20001220703125,5.828877925872803,3.31,2.52
2003-09-23,19.469999313354492,1029.030029296875,4.774137020111084,385.8999938964844,5.851804733276367,3.31,2.5
2003-09-24,21.219999313354492,1009.3800048828125,4.788044452667236,387.5,5.863269329071045,3.21,2.5
2003-09-25,22.260000228881836,1003.27001953125,4.7926740646362305,385.0,5.834611415863037,3.18,2.52
2003-09-26,22.229999542236328,996.8499755859375,4.811212539672852,380.79998779296875,5.794488430023193,3.1,2.55
2003-09-29,21.670000076293945,1006.5800170898438,4.801945209503174,382.3999938964844,5.788759231567383,3.13,2.56
2003-09-30,22.719999313354492,995.969970703125,4.8414788246154785,385.3999938964844,5.820969581604004,3.01,2.57
2003-10-01,21.06999969482422,1018.219970703125,4.8414788246154785,384.29998779296875,5.884239196777344,3.01,2.56
2003-10-02,20.799999237060547,1020.239990234375,4.827521324157715,383.1000061035156,5.964766979217529,3.09,2.54
2003-10-03,19.5,1029.8499755859375,4.790319442749023,369.3999938964844,6.051046848297119,3.27,2.52
2003-10-06,19.510000228881836,1034.3499755859375,4.799618721008301,372.70001220703125,6.074052810668945,3.23,2.51
2003-10-07,19.40999984741211,1039.25,4.781020641326904,377.20001220703125,6.09706449508667,3.35,2.49
2003-10-08,19.18000030517578,1033.780029296875,4.78566837310791,375.3999938964844,6.120069980621338,3.36,2.51
2003-10-09,18.81999969482422,1038.72998046875,4.7763671875,369.20001220703125,6.200597286224365,3.41,2.5
2003-10-10,18.450000762939453,1038.06005859375,4.78566837310791,373.6000061035156,6.2753729820251465,3.37,2.48
2003-10-13,17.549999237060547,1045.3499755859375,4.781020641326904,375.20001220703125,6.31563663482666,3.37,2.48
2003-10-14,17.3700008392334,1049.47998046875,4.767071723937988,375.70001220703125,6.281126976013184,3.44,2.48
2003-10-15,17.690000534057617,1046.760009765625,4.757765293121338,372.6000061035156,6.2753729820251465,3.5,2.44
2003-10-16,17.190000534057617,1050.0699462890625,4.743809700012207,372.70001220703125,6.327139377593994,3.54,2.4
2003-10-17,17.6200008392334,1039.3199462890625,4.753113746643066,371.79998779296875,6.292628765106201,3.48,2.38
2003-10-20,17.040000915527344,1044.6800537109375,4.757765293121338,374.0,6.31563663482666,3.46,2.36
2003-10-21,16.549999237060547,1046.030029296875,4.757765293121338,381.70001220703125,6.31563663482666,3.45,2.39
2003-10-22,17.670000076293945,1030.3599853515625,4.7763671875,386.5,6.30413293838501,3.33,2.43
2003-10-23,17.68000030517578,1033.77001953125,4.767071723937988,384.70001220703125,6.160332202911377,3.38,2.41
2003-10-24,17.709999084472656,1028.9100341796875,4.790319442749023,388.8999938964844,6.160332202911377,3.29,2.42
2003-10-27,18.049999237060547,1031.1300048828125,4.7763671875,387.8999938964844,6.200597286224365,3.32,2.39
2003-10-28,16.81999969482422,1046.7900390625,4.794972896575928,383.20001220703125,6.292628765106201,3.27,2.41
2003-10-29,16.43000030517578,1048.1099853515625,4.781020641326904,386.79998779296875,6.327139377593994,3.35,2.39
2003-10-30,16.329999923706055,1046.93994140625,4.767071723937988,384.29998779296875,6.373155117034912,3.4,2.36
2003-10-31,16.100000381469727,1050.7099609375,4.795083045959473,384.5,6.371426582336426,3.37,2.36
2003-11-03,16.549999237060547,1059.02001953125,4.781071662902832,377.0,6.475307941436768,3.44,2.32
2003-11-04,16.549999237060547,1053.25,4.790410995483398,379.8999938964844,6.481077194213867,3.38,2.36
2003-11-05,16.860000610351562,1051.81005859375,4.781071662902832,382.6000061035156,6.486846446990967,3.42,2.35
2003-11-06,16.739999771118164,1058.050048828125,4.767070293426514,380.6000061035156,6.429138660430908,3.49,2.34
2003-11-07,16.93000030517578,1053.2099609375,4.757728576660156,383.29998779296875,6.475307941436768,3.52,2.32
2003-11-10,17.6200008392334,1047.1099853515625,4.757728576660156,386.6000061035156,6.434906482696533,3.52,2.33
2003-11-11,17.540000915527344,1046.5699462890625,4.757728576660156,388.1000061035156,6.371426582336426,3.52,2.33
2003-11-12,16.75,1058.530029296875,4.771735668182373,394.8999938964844,6.423367023468018,3.49,2.33
2003-11-13,16.469999313354492,1058.4100341796875,4.799747467041016,394.1000061035156,6.5099334716796875,3.36,2.35
2003-11-14,16.940000534057617,1050.3499755859375,4.8137593269348145,397.79998779296875,6.5099334716796875,3.27,2.37
2003-11-17,18.600000381469727,1043.6300048828125,4.823096752166748,391.5,6.400279998779297,3.22,2.39
2003-11-18,19.110000610351562,1034.1500244140625,4.823096752166748,397.6000061035156,6.429138660430908,3.21,2.38
2003-11-19,18.799999237060547,1042.43994140625,4.809085845947266,394.8999938964844,6.325254917144775,3.29,2.37
2003-11-20,19.479999542236328,1033.6500244140625,4.823096752166748,393.70001220703125,6.2559990882873535,3.21,2.4
2003-11-21,18.979999542236328,1035.280029296875,4.823096752166748,396.0,6.290627479553223,3.21,2.39
2003-11-24,17.440000534057617,1052.0799560546875,4.809085845947266,391.5,6.261769771575928,3.27,2.38
2003-11-25,16.709999084472656,1053.8900146484375,4.818425178527832,391.1000061035156,6.3079423904418945,3.24,2.38
2003-11-26,16.229999542236328,1058.449951171875,4.804419994354248,396.79998779296875,6.359884738922119,3.31,2.35
2003-11-28,16.31999969482422,1058.199951171875,4.803013801574707,396.79998779296875,6.461789131164551,3.41,2.33
2003-12-01,16.770000457763672,1070.1199951171875,4.784290313720703,402.70001220703125,6.60654354095459,3.45,2.3
2003-12-02,16.270000457763672,1066.6199951171875,4.788970947265625,403.70001220703125,6.623912811279297,3.44,2.3
2003-12-03,16.6299991607666,1064.72998046875,4.784290313720703,403.8999938964844,6.629703044891357,3.47,2.29
2003-12-04,16.299999237060547,1069.719970703125,4.793650150299072,403.29998779296875,6.5949602127075195,3.45,2.29
2003-12-05,17.09000015258789,1061.5,4.831101417541504,406.3999938964844,6.577590465545654,3.31,2.33
2003-12-08,16.540000915527344,1069.300048828125,4.817058086395264,406.6000061035156,6.560219764709473,3.36,2.33
2003-12-09,17.6299991607666,1060.1800537109375,4.803013801574707,408.20001220703125,6.629703044891357,3.39,2.34
2003-12-10,17.8700008392334,1059.050048828125,4.812377452850342,406.20001220703125,6.60654354095459,3.37,2.35
2003-12-11,16.729999542236328,1071.2099609375,4.826425552368164,404.6000061035156,6.635491847991943,3.37,2.35
2003-12-12,16.40999984741211,1074.1400146484375,4.826425552368164,409.3999938964844,6.681815147399902,3.35,2.34
2003-12-15,17.229999542236328,1068.0400390625,4.82174015045166,409.20001220703125,6.728133678436279,3.38,2.34
2003-12-16,15.930000305175781,1075.1300048828125,4.831101417541504,407.70001220703125,6.676019668579102,3.33,2.35
2003-12-17,15.579999923706055,1076.47998046875,4.840461254119873,412.0,6.623912811279297,3.29,2.35
2003-12-18,16.15999984741211,1089.1800537109375,4.845144271850586,410.3999938964844,6.687603950500488,3.27,2.32
2003-12-19,16.420000076293945,1088.6600341796875,4.84982442855835,409.20001220703125,6.60654354095459,3.27,2.33
2003-12-22,16.940000534057617,1092.93994140625,4.840461254119873,410.6000061035156,6.652863502502441,3.28,2.34
2003-12-23,16.489999771118164,1096.02001953125,4.82174015045166,411.0,6.65865421295166,3.38,2.31
2003-12-24,16.65999984741211,1094.0400390625,4.835785865783691,412.29998779296875,6.687603950500488,3.3,2.34
2003-12-26,17.450000762939453,1095.8900146484375,4.845144271850586,412.29998779296875,6.699184894561768,3.3,2.33
2003-12-29,17.09000015258789,1109.47998046875,4.831101417541504,414.79998779296875,6.751293659210205,3.34,2.33
2003-12-30,17.68000030517578,1109.6400146484375,4.82174015045166,416.8999938964844,6.843937397003174,3.35,2.33
2003-12-31,18.309999465942383,1111.9200439453125,4.845714569091797,415.70001220703125,6.8828511238098145,3.32,2.34
2004-01-02,18.219999313354492,1108.47998046875,4.826910972595215,415.70001220703125,7.068718433380127,3.45,2.32
2004-01-05,17.489999771118164,1122.219970703125,4.822208404541016,424.3999938964844,7.2081193923950195,3.5,2.27
2004-01-06,16.729999542236328,1123.6700439453125,4.85040807723999,422.79998779296875,7.196502685546875,3.38,2.32
2004-01-07,15.5,1126.3299560546875,4.855112552642822,421.8999938964844,7.155841827392578,3.36,2.3
2004-01-08,15.609999656677246,1131.9200439453125,4.855112552642822,424.0,7.1906938552856445,3.39,2.26
2004-01-09,16.75,1121.8599853515625,4.888010501861572,426.3999938964844,7.295240879058838,3.24,2.31
2004-01-12,16.81999969482422,1127.22998046875,4.888010501861572,426.29998779296875,7.283627033233643,3.22,2.32
2004-01-13,18.040000915527344,1121.219970703125,4.897411346435547,423.70001220703125,7.283627033233643,3.16,2.35
2004-01-14,16.75,1130.52001953125,4.902106761932373,421.70001220703125,7.219736099243164,3.13,2.33
2004-01-15,15.5600004196167,1132.050048828125,4.902106761932373,408.3999938964844,7.138420104980469,3.11,2.33
2004-01-16,15.0,1139.8299560546875,4.897411346435547,406.70001220703125,7.144227504730225,3.15,2.3
2004-01-20,15.210000038146973,1138.77001953125,4.888010501861572,412.70001220703125,7.283627033233643,3.19,2.31
2004-01-21,14.34000015258789,1147.6199951171875,4.892709255218506,411.1000061035156,7.242969036102295,3.16,2.33
2004-01-22,14.710000038146973,1143.93994140625,4.906809329986572,410.0,7.237161636352539,3.11,2.33
2004-01-23,14.84000015258789,1141.550048828125,4.888010501861572,407.8999938964844,7.272010803222656,3.19,2.3
2004-01-26,14.550000190734863,1155.3699951171875,4.873907566070557,406.6000061035156,7.306858539581299,3.26,2.28
2004-01-27,15.350000381469727,1144.050048828125,4.883309364318848,410.0,7.335904598236084,3.2,2.26
2004-01-28,16.780000686645508,1128.47998046875,4.859807014465332,414.5,7.295240879058838,3.28,2.23
2004-01-29,17.139999389648438,1134.1099853515625,4.855112552642822,398.5,7.126803398132324,3.28,2.19
2004-01-30,16.6299991607666,1131.1300048828125,4.887657165527344,402.20001220703125,7.119232654571533,3.24,2.19
2004-02-02,17.110000610351562,1135.260009765625,4.887657165527344,398.70001220703125,7.113405227661133,3.24,2.17
2004-02-03,17.34000015258789,1136.030029296875,4.897099018096924,399.20001220703125,7.125054359436035,3.19,2.18
2004-02-04,17.8700008392334,1126.52001953125,4.8923773765563965,401.0,7.101749420166016,3.21,2.16
2004-02-05,17.709999084472656,1128.5899658203125,4.878225326538086,398.1000061035156,7.060967445373535,3.26,2.13
2004-02-06,16.0,1142.760009765625,4.897099018096924,403.6000061035156,7.171663761138916,3.19,2.16
2004-02-09,16.389999389648438,1139.81005859375,4.901815414428711,406.79998779296875,7.299832344055176,3.15,2.16
2004-02-10,15.9399995803833,1145.5400390625,4.897099018096924,406.3999938964844,7.323132038116455,3.18,2.15
2004-02-11,15.390000343322754,1157.760009765625,4.915974140167236,410.20001220703125,7.398873805999756,3.12,2.19
2004-02-12,15.3100004196167,1152.1099853515625,4.906533718109131,413.70001220703125,7.45130729675293,3.17,2.18
2004-02-13,15.579999923706055,1145.81005859375,4.911248207092285,410.29998779296875,7.497909069061279,3.13,2.2
2004-02-17,15.399999618530273,1156.989990234375,4.911248207092285,416.0,7.544520378112793,3.1,2.19
2004-02-18,15.59000015258789,1151.8199462890625,4.911248207092285,412.29998779296875,7.53286600112915,3.11,2.19
2004-02-19,15.800000190734863,1147.06005859375,4.911248207092285,409.79998779296875,7.4571309089660645,3.11,2.19
2004-02-20,16.040000915527344,1144.1099853515625,4.901815414428711,397.5,7.398873805999756,3.16,2.18
2004-02-23,16.290000915527344,1140.989990234375,4.906533718109131,399.0,7.36391544342041,3.08,2.2
2004-02-24,15.899999618530273,1139.0899658203125,4.911248207092285,404.5,7.311483383178711,3.07,2.19
2004-02-25,14.930000305175781,1143.6700439453125,4.915974140167236,395.79998779296875,7.311483383178711,3.06,2.21
2004-02-26,14.829999923706055,1144.9100341796875,4.911248207092285,395.79998779296875,7.334783554077148,3.09,2.2
2004-02-27,14.550000190734863,1144.93994140625,4.938235759735107,396.3999938964844,7.436429023742676,3.03,2.21
2004-03-01,14.4399995803833,1155.969970703125,4.938235759735107,399.29998779296875,7.559108734130859,3.03,2.2
2004-03-02,14.859999656677246,1149.0999755859375,4.92403507232666,393.5,7.582473278045654,3.08,2.19
2004-03-03,14.550000190734863,1151.030029296875,4.92403507232666,392.3999938964844,7.52405309677124,3.1,2.18
2004-03-04,14.399999618530273,1154.8699951171875,4.928768634796143,392.8999938964844,7.5649518966674805,3.08,2.18
2004-03-05,14.479999542236328,1156.8599853515625,4.966647148132324,401.29998779296875,7.611676216125488,2.91,2.25
2004-03-08,15.789999961853027,1147.199951171875,4.9808549880981445,400.6000061035156,7.588315010070801,2.82,2.3
2004-03-09,16.600000381469727,1140.5799560546875,4.985584735870361,404.20001220703125,7.553265571594238,2.77,2.3
2004-03-10,18.670000076293945,1123.8900146484375,4.985584735870361,400.0,7.413064479827881,2.78,2.31
2004-03-11,20.670000076293945,1106.780029296875,4.9808549880981445,400.70001220703125,7.284548759460449,2.77,2.32
2004-03-12,18.299999237060547,1120.5699462890625,4.976117134094238,395.29998779296875,7.249500751495361,2.82,2.31
2004-03-15,21.1299991607666,1104.489990234375,4.971384525299072,399.3999938964844,7.196924686431885,2.82,2.31
2004-03-16,20.34000015258789,1110.699951171875,4.985584735870361,402.3999938964844,7.202767372131348,2.74,2.34
2004-03-17,18.110000610351562,1123.75,4.990321159362793,406.8999938964844,7.290389537811279,2.78,2.33
2004-03-18,18.530000686645508,1122.3199462890625,4.976117134094238,411.1000061035156,7.354647159576416,2.83,2.32
2004-03-19,19.149999618530273,1109.780029296875,4.971384525299072,412.5,7.383856296539307,2.86,2.3
2004-03-22,21.579999923706055,1095.4000244140625,4.9808549880981445,417.3999938964844,7.226134300231934,2.79,2.32
2004-03-23,20.670000076293945,1093.949951171875,4.9808549880981445,419.79998779296875,7.202767372131348,2.78,2.33
2004-03-24,19.809999465942383,1091.3299560546875,4.9808549880981445,417.20001220703125,7.202767372131348,2.8,2.33
2004-03-25,17.8799991607666,1109.18994140625,4.976117134094238,416.70001220703125,7.173556804656982,2.81,2.34
2004-03-26,17.329999923706055,1108.06005859375,4.957178592681885,422.1000061035156,7.220289707183838,2.9,2.31
2004-03-29,16.5,1122.469970703125,4.947707176208496,417.1000061035156,7.325440883636475,2.95,2.28
2004-03-30,16.280000686645508,1127.0,4.947707176208496,421.70001220703125,7.378017902374268,2.95,2.28
2004-03-31,16.739999771118164,1126.2099609375,4.977688789367676,427.29998779296875,7.486975193023682,2.91,2.29
2004-04-01,16.649999618530273,1132.1700439453125,4.963408946990967,427.79998779296875,7.551424026489258,2.98,2.27
2004-04-02,15.640000343322754,1141.81005859375,4.9205803871154785,421.6000061035156,7.580716609954834,3.2,2.17
2004-04-05,14.970000267028809,1150.5699462890625,4.901549816131592,415.3999938964844,7.668591499328613,3.3,2.13
2004-04-06,15.319999694824219,1148.1600341796875,4.911066055297852,418.8999938964844,7.69202184677124,3.25,2.16
2004-04-07,15.760000228881836,1140.530029296875,4.915826797485352,422.79998779296875,7.70959997177124,3.24,2.15
2004-04-08,16.260000228881836,1139.3199462890625,4.906308650970459,419.8999938964844,7.721312522888184,3.28,2.15
2004-04-12,15.279999732971191,1145.199951171875,4.901549816131592,420.1000061035156,7.738887310028076,3.31,2.13
2004-04-13,17.260000228881836,1129.43994140625,4.882510185241699,407.0,7.703742504119873,3.41,2.11
2004-04-14,15.619999885559082,1128.1700439453125,4.863478183746338,399.79998779296875,7.610006332397461,3.45,2.08
2004-04-15,15.739999771118164,1128.8399658203125,4.863478183746338,397.70001220703125,7.574856758117676,3.47,2.09
2004-04-16,14.9399995803833,1134.6099853515625,4.872992992401123,401.0,7.539706707000732,3.43,2.11
2004-04-19,15.420000076293945,1135.8199462890625,4.8682332038879395,400.6000061035156,7.527985572814941,3.43,2.12
2004-04-20,16.670000076293945,1118.1500244140625,4.8682332038879395,397.70001220703125,7.539706707000732,3.46,2.1
2004-04-21,15.600000381469727,1124.0899658203125,4.8539605140686035,390.79998779296875,7.463547706604004,3.46,2.09
2004-04-22,14.609999656677246,1139.9300537109375,4.863478183746338,393.29998779296875,7.404962539672852,3.43,2.1
2004-04-23,14.010000228881836,1140.5999755859375,4.84443998336792,395.1000061035156,7.4928364753723145,3.5,2.07
2004-04-26,14.770000457763672,1135.530029296875,4.84443998336792,396.0,7.416676998138428,3.47,2.06
2004-04-27,15.069999694824219,1138.1099853515625,4.8539605140686035,398.6000061035156,7.381530284881592,3.45,2.08
2004-04-28,16.290000915527344,1122.4100341796875,4.839685916900635,385.3999938964844,7.170632839202881,3.53,2.06
2004-04-29,16.600000381469727,1113.8900146484375,4.820644378662109,386.6000061035156,7.035886287689209,3.58,2.06
2004-04-30,17.190000534057617,1107.300048828125,4.847871780395508,387.0,6.915436744689941,3.55,2.05
2004-05-03,16.6200008392334,1117.489990234375,4.843099117279053,387.0,6.903687953948975,3.53,2.05
2004-05-04,16.549999237060547,1119.550048828125,4.838318347930908,391.3999938964844,7.027076244354248,3.56,2.07
2004-05-05,15.770000457763672,1121.530029296875,4.823996543884277,393.3999938964844,6.985943794250488,3.62,2.05
2004-05-06,17.049999237060547,1113.989990234375,4.814439296722412,388.0,6.868434906005859,3.63,2.06
2004-05-07,18.1299991607666,1098.699951171875,4.77144718170166,378.70001220703125,6.803804397583008,3.72,1.97
2004-05-10,19.770000457763672,1087.1199951171875,4.77144718170166,378.29998779296875,6.457151412963867,3.73,1.98
2004-05-11,18.56999969482422,1095.449951171875,4.776226043701172,376.8999938964844,6.539409160614014,3.74,1.99
2004-05-12,18.139999389648438,1097.280029296875,4.776226043701172,377.3999938964844,6.609918117523193,3.79,2.0
2004-05-13,18.860000610351562,1096.43994140625,4.761903285980225,374.79998779296875,6.527653694152832,3.85,2.02
2004-05-14,18.469999313354492,1095.699951171875,4.781007289886475,377.0,6.404270172119141,3.8,2.03
2004-05-17,19.959999084472656,1084.0999755859375,4.800111293792725,379.5,6.169252872467041,3.64,2.08
2004-05-18,19.329999923706055,1091.489990234375,4.790558338165283,375.79998779296875,6.292637348175049,3.69,2.05
2004-05-19,18.93000030517578,1088.6800537109375,4.776226043701172,382.8999938964844,6.557036399841309,3.75,2.03
2004-05-20,18.670000076293945,1089.18994140625,4.79533576965332,378.3999938964844,6.4689040184021,3.69,2.05
2004-05-21,18.489999771118164,1093.56005859375,4.785782814025879,384.79998779296875,6.568789958953857,3.73,2.03
2004-05-24,18.079999923706055,1095.4100341796875,4.790558338165283,385.6000061035156,6.627545356750488,3.68,2.02
2004-05-25,15.960000038146973,1113.050048828125,4.790558338165283,388.29998779296875,6.633414268493652,3.66,2.02
2004-05-26,15.970000267028809,1114.93994140625,4.804887771606445,388.29998779296875,6.686295032501221,3.59,2.05
2004-05-27,15.279999732971191,1121.280029296875,4.823996543884277,394.8999938964844,6.821433067321777,3.54,2.05
2004-05-28,15.5,1120.6800537109375,4.827345848083496,394.0,6.878607273101807,3.58,2.03
2004-06-01,16.299999237060547,1121.199951171875,4.812966346740723,394.6000061035156,6.8432416915893555,3.54,2.05
2004-06-02,16.079999923706055,1124.989990234375,4.808173179626465,390.70001220703125,6.8019819259643555,3.57,2.06
2004-06-03,17.030000686645508,1116.6400146484375,4.812966346740723,388.1000061035156,6.6487321853637695,3.54,2.08
2004-06-04,16.780000686645508,1122.5,4.798583507537842,390.8999938964844,6.689988613128662,3.57,2.06
2004-06-07,15.390000343322754,1140.4200439453125,4.803379535675049,393.79998779296875,6.89039421081543,3.54,2.05
2004-06-08,15.010000228881836,1142.1800537109375,4.803379535675049,391.0,6.884500980377197,3.51,2.04
2004-06-09,15.390000343322754,1131.3299560546875,4.793788909912109,384.5,6.813769817352295,3.55,2.03
2004-06-10,15.039999961853027,1136.469970703125,4.793788909912109,385.8999938964844,6.778405666351318,3.51,2.03
2004-06-14,16.06999969482422,1125.2900390625,4.769822597503662,383.6000061035156,6.513165473937988,3.48,2.01
2004-06-15,15.050000190734863,1132.010009765625,4.812966346740723,388.1000061035156,6.583895206451416,3.35,2.06
2004-06-16,14.789999961853027,1133.56005859375,4.803379535675049,384.6000061035156,6.583895206451416,3.44,2.04
2004-06-17,15.149999618530273,1132.050048828125,4.812966346740723,388.8999938964844,6.613366603851318,3.43,2.03
2004-06-18,14.989999771118164,1135.02001953125,4.812966346740723,395.1000061035156,6.578000545501709,3.43,2.03
2004-06-21,15.260000228881836,1130.300048828125,4.812966346740723,394.0,6.613366603851318,3.37,2.05
2004-06-22,14.3100004196167,1134.4100341796875,4.812966346740723,395.0,6.583895206451416,3.4,2.05
2004-06-23,13.979999542236328,1144.06005859375,4.812966346740723,395.0,6.636941432952881,3.42,2.06
2004-06-24,14.8100004196167,1140.6500244140625,4.827345848083496,403.1000061035156,6.766615390777588,3.37,2.06
2004-06-25,15.1899995803833,1134.4300537109375,4.827345848083496,402.8999938964844,6.831450939178467,3.35,2.07
2004-06-28,16.06999969482422,1133.3499755859375,4.803379535675049,401.0,6.796082973480225,3.38,2.04
2004-06-29,15.470000267028809,1136.199951171875,4.812966346740723,392.5,6.796082973480225,3.32,2.06
2004-06-30,14.34000015258789,1140.8399658203125,4.854335784912109,392.6000061035156,6.894240379333496,3.29,2.09
2004-07-01,15.199999809265137,1128.93994140625,4.863965034484863,396.0,6.900150299072266,3.35,2.12
2004-07-02,15.079999923706055,1125.3800048828125,4.888017654418945,398.29998779296875,6.858762264251709,3.18,2.13
2004-07-06,16.25,1116.2099609375,4.88320779800415,392.6000061035156,6.835110187530518,3.15,2.14
2004-07-07,15.8100004196167,1118.3299560546875,4.88320779800415,402.29998779296875,6.87650203704834,3.2,2.13
2004-07-08,16.200000762939453,1109.1099853515625,4.88320779800415,407.79998779296875,6.793720245361328,3.22,2.14
2004-07-09,15.779999732971191,1112.81005859375,4.888017654418945,407.5,6.829195976257324,3.21,2.14
2004-07-12,14.960000038146973,1114.3499755859375,4.892830848693848,408.1000061035156,6.841020584106445,3.12,2.15
2004-07-13,14.460000038146973,1115.1400146484375,4.88320779800415,402.0,6.835110187530518,3.16,2.14
2004-07-14,13.760000228881836,1111.469970703125,4.878394603729248,405.3999938964844,6.775984287261963,3.16,2.12
2004-07-15,14.710000038146973,1106.68994140625,4.878394603729248,404.20001220703125,6.746420383453369,3.15,2.12
2004-07-16,14.34000015258789,1101.3900146484375,4.907260417938232,406.6000061035156,6.829195976257324,3.03,2.15
2004-07-19,15.170000076293945,1100.9000244140625,4.902451515197754,405.6000061035156,6.841020584106445,3.03,2.14
2004-07-20,14.170000076293945,1108.6700439453125,4.88320779800415,401.8999938964844,6.787809371948242,3.11,2.12
2004-07-21,16.40999984741211,1093.8800048828125,4.878394603729248,397.1000061035156,6.823283672332764,3.15,2.12
2004-07-22,15.75,1096.8399658203125,4.88320779800415,395.20001220703125,6.764155864715576,3.11,2.13
2004-07-23,16.5,1086.199951171875,4.888017654418945,390.5,6.716856002807617,3.07,2.13
2004-07-26,17.299999237060547,1084.0699462890625,4.878394603729248,390.29998779296875,6.675468921661377,3.04,2.11
2004-07-27,16.549999237060547,1094.8299560546875,4.854335784912109,387.0,6.699114799499512,3.16,2.09
2004-07-28,16.149999618530273,1095.4200439453125,4.854335784912109,389.0,6.72277307510376,3.15,2.1
2004-07-29,15.680000305175781,1100.4300537109375,4.863965034484863,387.0,6.705030918121338,3.15,2.09
2004-07-30,15.319999694824219,1101.719970703125,4.901144027709961,391.0,6.792232513427734,3.05,2.1
2004-08-02,15.369999885559082,1106.6199951171875,4.905972003936768,391.70001220703125,6.750704765319824,2.98,2.13
2004-08-03,16.030000686645508,1099.68994140625,4.910801887512207,394.0,6.768505096435547,2.97,2.14
2004-08-04,16.209999084472656,1098.6300048828125,4.910801887512207,392.20001220703125,6.750704765319824,2.96,2.14
2004-08-05,18.31999969482422,1080.699951171875,4.9156293869018555,392.29998779296875,6.804096221923828,2.95,2.14
2004-08-06,19.34000015258789,1063.969970703125,4.954265117645264,399.79998779296875,6.750704765319824,2.8,2.22
2004-08-09,18.889999389648438,1065.219970703125,4.949431896209717,400.70001220703125,6.780369758605957,2.77,2.19
2004-08-10,17.469999313354492,1079.0400390625,4.939775466918945,400.0,6.798166751861572,2.82,2.18
2004-08-11,18.040000915527344,1075.7900390625,4.944601535797119,395.5,6.732913494110107,2.86,2.17
2004-08-12,19.079999923706055,1063.22998046875,4.949431896209717,394.29998779296875,6.756640911102295,2.84,2.19
2004-08-13,17.979999542236328,1064.800048828125,4.9590864181518555,398.8999938964844,6.768505096435547,2.78,2.2
2004-08-16,17.56999969482422,1079.3399658203125,4.949431896209717,402.8999938964844,6.780369758605957,2.77,2.2
2004-08-17,17.020000457763672,1081.7099609375,4.9590864181518555,404.3999938964844,6.810027599334717,2.73,2.21
2004-08-18,16.229999542236328,1095.1700439453125,4.954265117645264,404.29998779296875,6.8515543937683105,2.74,2.2
2004-08-19,16.959999084472656,1091.22998046875,4.9590864181518555,407.1000061035156,6.958329677581787,2.74,2.2
2004-08-20,16.0,1098.3499755859375,4.954265117645264,413.20001220703125,6.958329677581787,2.75,2.19
2004-08-23,15.880000114440918,1095.6800537109375,4.944601535797119,410.5,6.952399730682373,2.74,2.19
2004-08-24,15.329999923706055,1096.18994140625,4.944601535797119,403.0,6.952399730682373,2.74,2.18
2004-08-25,14.979999542236328,1104.9599609375,4.949431896209717,407.8999938964844,7.011720180511475,2.72,2.18
2004-08-26,14.90999984741211,1105.0899658203125,4.9590864181518555,407.3999938964844,7.047310829162598,2.67,2.19
2004-08-27,14.710000038146973,1107.77001953125,4.9590864181518555,403.29998779296875,7.047310829162598,2.67,2.18
2004-08-30,15.4399995803833,1099.1500244140625,4.9639153480529785,407.79998779296875,7.059174060821533,2.58,2.19
2004-08-31,15.289999961853027,1104.239990234375,4.996387958526611,410.3999938964844,7.093092441558838,2.54,2.19
2004-09-01,14.90999984741211,1105.9100341796875,4.996387958526611,408.79998779296875,7.158548831939697,2.55,2.2
2004-09-02,14.279999732971191,1118.31005859375,4.981846809387207,406.0,7.188304901123047,2.6,2.17
2004-09-03,13.90999984741211,1113.6300048828125,4.962467193603516,400.5,7.134746074676514,2.65,2.15
2004-09-07,14.069999694824219,1121.300048828125,4.972160339355469,397.3999938964844,7.170453071594238,2.6,2.13
2004-09-08,14.0600004196167,1116.27001953125,4.991535663604736,399.3999938964844,7.182349681854248,2.53,2.15
2004-09-09,14.010000228881836,1118.3800048828125,4.981846809387207,398.5,7.194252014160156,2.58,2.15
2004-09-10,13.760000228881836,1123.9200439453125,4.986696720123291,401.8999938964844,7.265655994415283,2.53,2.16
2004-09-13,13.170000076293945,1125.8199462890625,4.991535663604736,404.1000061035156,7.3251633644104,2.5,2.15
2004-09-14,13.5600004196167,1128.3299560546875,4.996387958526611,405.70001220703125,7.384674072265625,2.49,2.15
2004-09-15,14.640000343322754,1120.3699951171875,4.986696720123291,405.0,7.354917049407959,2.51,2.14
2004-09-16,14.390000343322754,1123.5,5.010923385620117,404.70001220703125,7.426323413848877,2.41,2.16
2004-09-17,14.029999732971191,1128.550048828125,4.996387958526611,405.79998779296875,7.438223838806152,2.43,2.13
2004-09-20,14.430000305175781,1122.199951171875,5.010923385620117,405.29998779296875,7.485828399658203,2.34,2.14
2004-09-21,13.65999984741211,1129.300048828125,5.010923385620117,408.29998779296875,7.539388179779053,2.33,2.14
2004-09-22,14.739999771118164,1113.56005859375,5.020614147186279,407.20001220703125,7.467980861663818,2.29,2.13
2004-09-23,14.800000190734863,1108.3599853515625,5.010923385620117,410.8999938964844,7.456081867218018,2.3,2.13
2004-09-24,14.279999732971191,1110.1099853515625,5.006082057952881,408.1000061035156,7.444177627563477,2.31,2.12
2004-09-27,14.619999885559082,1103.52001953125,5.010923385620117,409.1000061035156,7.408473968505859,2.27,2.13
2004-09-28,13.829999923706055,1110.06005859375,5.010923385620117,412.5,7.432279109954834,2.3,2.14
2004-09-29,13.210000038146973,1114.800048828125,4.996387958526611,413.0,7.456081867218018,2.38,2.12
2004-09-30,13.34000015258789,1114.5799560546875,5.00465726852417,418.70001220703125,7.513369083404541,2.43,2.11
2004-10-01,12.75,1131.5,4.994925498962402,419.5,7.620786666870117,2.5,2.09
2004-10-04,13.40999984741211,1135.1700439453125,4.994925498962402,414.0,7.787886142730713,2.48,2.1
2004-10-05,13.949999809265137,1134.47998046875,4.999786853790283,418.20001220703125,7.7759528160095215,2.47,2.1
2004-10-06,13.279999732971191,1142.050048828125,4.985201358795166,418.3999938964844,7.781914234161377,2.52,2.09
2004-10-07,14.5,1130.6500244140625,4.985201358795166,418.0,7.793853759765625,2.56,2.09
2004-10-08,15.050000190734863,1122.1400146484375,5.009514331817627,423.1000061035156,7.793853759765625,2.44,2.1
2004-10-11,14.710000038146973,1124.3900146484375,5.009514331817627,422.0,7.769981384277344,2.44,2.1
2004-10-12,15.050000190734863,1121.8399658203125,5.014383792877197,415.1000061035156,7.638696670532227,2.4,2.11
2004-10-13,15.420000076293945,1113.6500244140625,5.019244194030762,413.20001220703125,7.561111927032471,2.37,2.12
2004-10-14,16.43000030517578,1103.2900390625,5.033835411071777,418.1000061035156,7.513369083404541,2.29,2.13
2004-10-15,15.039999961853027,1108.199951171875,5.024113655090332,418.70001220703125,7.549173831939697,2.31,2.12
2004-10-18,14.710000038146973,1114.02001953125,5.024113655090332,416.20001220703125,7.561111927032471,2.26,2.13
2004-10-19,15.130000114440918,1103.22998046875,5.024113655090332,420.29998779296875,7.602886199951172,2.25,2.1
2004-10-20,14.850000381469727,1103.6600341796875,5.033835411071777,423.5,7.513369083404541,2.19,2.13
2004-10-21,14.539999961853027,1106.489990234375,5.033835411071777,424.3999938964844,7.555144309997559,2.16,2.12
2004-10-22,15.279999732971191,1095.739990234375,5.033835411071777,424.6000061035156,7.590953350067139,2.15,2.12
2004-10-25,16.579999923706055,1094.800048828125,5.0386962890625,429.0,7.5193376541137695,2.09,2.13
2004-10-26,16.389999389648438,1111.0899658203125,5.033835411071777,426.79998779296875,7.543208122253418,2.1,2.11
2004-10-27,15.720000267028809,1125.4000244140625,5.019244194030762,424.79998779296875,7.602886199951172,2.19,2.08
2004-10-28,15.390000343322754,1127.43994140625,5.019244194030762,425.1000061035156,7.662563323974609,2.18,2.1
2004-10-29,16.270000457763672,1130.199951171875,5.047067642211914,428.5,7.708647727966309,2.14,2.09
2004-11-01,16.270000457763672,1130.510009765625,5.037304401397705,427.29998779296875,7.732585430145264,2.12,2.09
2004-11-02,16.18000030517578,1130.56005859375,5.037304401397705,420.0,7.792435646057129,2.13,2.09
2004-11-03,14.039999961853027,1143.199951171875,5.0421905517578125,424.6000061035156,7.912135124206543,2.13,2.08
2004-11-04,13.970000267028809,1161.6700439453125,5.0421905517578125,430.1000061035156,7.924103736877441,2.12,2.05
2004-11-05,13.84000015258789,1166.1700439453125,5.017778396606445,433.6000061035156,7.983957290649414,2.18,2.02
2004-11-08,13.800000190734863,1164.8900146484375,5.012900352478027,432.70001220703125,7.936075210571289,2.15,2.03
2004-11-09,13.609999656677246,1164.0799560546875,5.012900352478027,435.70001220703125,7.9600138664245605,2.14,2.03
2004-11-10,13.079999923706055,1162.9100341796875,5.008022308349609,434.0,8.013879776000977,2.17,2.04
2004-11-11,13.039999961853027,1173.47998046875,5.008022308349609,434.8999938964844,8.025849342346191,2.17,2.04
2004-11-12,13.329999923706055,1184.1700439453125,5.017778396606445,437.8999938964844,8.12160587310791,2.12,2.02
2004-11-15,13.380000114440918,1183.81005859375,5.017778396606445,437.0,8.187443733215332,2.08,2.01
2004-11-16,13.210000038146973,1175.4300537109375,5.012900352478027,440.20001220703125,8.163505554199219,2.07,2.0
2004-11-17,13.210000038146973,1181.93994140625,5.02754020690918,444.79998779296875,8.295175552368164,2.01,2.01
2004-11-18,12.979999542236328,1183.550048828125,5.032427787780762,442.6000061035156,8.295175552368164,1.99,2.01
2004-11-19,13.5,1170.3399658203125,5.017778396606445,446.79998779296875,8.259265899658203,2.05,1.99
2004-11-22,12.970000267028809,1177.239990234375,5.022665023803711,448.79998779296875,8.181463241577148,1.98,1.96
2004-11-23,12.670000076293945,1176.93994140625,5.022665023803711,447.79998779296875,8.23532772064209,2.0,1.96
2004-11-24,12.720000267028809,1181.760009765625,5.017778396606445,449.29998779296875,8.313131332397461,2.02,1.95
2004-11-26,12.779999732971191,1182.6500244140625,5.008022308349609,449.29998779296875,8.378961563110352,2.03,1.96
2004-11-29,13.300000190734863,1178.5699462890625,4.993376731872559,453.70001220703125,8.432831764221191,2.11,1.93
2004-11-30,13.239999771118164,1173.8199462890625,5.006603717803955,451.29998779296875,8.514433860778809,2.13,1.95
2004-12-01,12.970000267028809,1191.3699951171875,5.006603717803955,454.0,8.538431167602539,2.16,1.95
2004-12-02,12.979999542236328,1190.3299560546875,5.001704216003418,450.3999938964844,8.58643627166748,2.18,1.94
2004-12-03,12.960000038146973,1191.1700439453125,5.0261993408203125,456.0,8.604439735412598,2.06,1.96
2004-12-06,13.1899995803833,1190.25,5.035992622375488,454.20001220703125,8.598437309265137,1.99,1.96
2004-12-07,13.670000076293945,1177.0699462890625,5.035992622375488,452.0,8.538431167602539,1.98,1.96
2004-12-08,13.1899995803833,1182.81005859375,5.055589199066162,437.20001220703125,8.430427551269531,1.9,1.94
2004-12-09,12.880000114440918,1189.239990234375,5.045788764953613,435.79998779296875,8.382427215576172,1.95,1.94
2004-12-10,12.760000228881836,1188.0,5.050692558288574,433.8999938964844,8.32242488861084,1.91,1.95
2004-12-13,12.539999961853027,1198.6800537109375,5.050692558288574,438.8999938964844,8.382427215576172,1.92,1.94
2004-12-14,12.729999542236328,1203.3800048828125,5.050692558288574,435.8999938964844,8.466429710388184,1.93,1.94
2004-12-15,12.350000381469727,1205.719970703125,5.060491561889648,440.79998779296875,8.574437141418457,1.88,1.91
2004-12-16,12.270000457763672,1203.2099609375,5.040896892547607,436.8999938964844,8.622437477111816,1.99,1.92
2004-12-17,11.949999809265137,1194.199951171875,5.035992622375488,441.6000061035156,8.616443634033203,2.01,1.92
2004-12-20,11.829999923706055,1194.6500244140625,5.035992622375488,442.3999938964844,8.69444751739502,1.99,1.9
2004-12-21,11.550000190734863,1205.449951171875,5.040896892547607,441.79998779296875,8.712446212768555,1.98,1.91
2004-12-22,11.449999809265137,1209.5699462890625,5.035992622375488,440.29998779296875,8.724442481994629,2.03,1.91
2004-12-23,11.229999542236328,1210.1300048828125,5.035992622375488,441.8999938964844,8.604439735412598,2.04,1.91
2004-12-27,12.140000343322754,1204.9200439453125,5.021299362182617,445.20001220703125,8.640440940856934,2.04,1.9
2004-12-28,12.0,1213.5400390625,5.016398906707764,444.29998779296875,8.676446914672852,2.06,1.9
2004-12-29,11.619999885559082,1213.449951171875,5.011501312255859,436.0,8.712446212768555,2.11,1.89
2004-12-30,12.5600004196167,1213.550048828125,5.0261993408203125,437.5,8.748446464538574,2.05,1.89
2004-12-31,13.289999961853027,1211.9200439453125,5.052764892578125,437.5,8.830860137939453,2.02,1.86
2005-01-03,14.079999923706055,1202.0799560546875,5.052764892578125,428.70001220703125,8.830860137939453,1.91,1.86
2005-01-04,13.979999542236328,1188.050048828125,5.038006782531738,428.5,8.668434143066406,1.96,1.85
2005-01-05,14.09000015258789,1183.739990234375,5.038006782531738,426.6000061035156,8.530080795288086,1.96,1.83
2005-01-06,13.579999923706055,1187.8900146484375,5.04292631149292,421.0,8.403752326965332,1.98,1.84
2005-01-07,13.489999771118164,1186.18994140625,5.038006782531738,418.8999938964844,8.415785789489746,1.97,1.83
2005-01-10,13.229999542236328,1190.25,5.04292631149292,419.1000061035156,8.433832168579102,1.93,1.82
2005-01-11,13.1899995803833,1182.989990234375,5.047845840454102,421.8999938964844,8.463907241821289,1.92,1.81
2005-01-12,12.5600004196167,1187.699951171875,5.052764892578125,426.1000061035156,8.46992015838623,1.91,1.81
2005-01-13,12.84000015258789,1177.449951171875,5.062606334686279,424.5,8.518046379089355,1.85,1.8
2005-01-14,12.430000305175781,1184.52001953125,5.052764892578125,422.70001220703125,8.578208923339844,1.86,1.79
2005-01-18,12.470000267028809,1195.97998046875,5.057681560516357,423.20001220703125,8.58421802520752,1.82,1.77
2005-01-19,13.180000305175781,1184.6300048828125,5.057681560516357,423.0,8.602267265319824,1.83,1.76
2005-01-20,13.829999923706055,1175.4100341796875,5.067523002624512,422.3999938964844,8.524064064025879,1.82,1.8
2005-01-21,14.359999656677246,1167.8699951171875,5.072446346282959,426.70001220703125,8.542105674743652,1.8,1.79
2005-01-24,14.649999618530273,1163.75,5.072446346282959,426.8999938964844,8.566167831420898,1.77,1.77
2005-01-25,14.0600004196167,1168.4100341796875,5.062606334686279,422.0,8.578208923339844,1.81,1.78
2005-01-26,13.4399995803833,1174.0699462890625,5.057681560516357,426.8999938964844,8.668434143066406,1.8,1.76
2005-01-27,13.239999771118164,1174.550048828125,5.057681560516357,426.29998779296875,8.686481475830078,1.78,1.75
2005-01-28,13.239999771118164,1171.3599853515625,5.067523002624512,425.79998779296875,8.710541725158691,1.7,1.75
2005-01-31,12.819999694824219,1181.27001953125,5.085793495178223,421.79998779296875,8.84142017364502,1.63,1.75
2005-02-01,12.029999732971191,1189.4100341796875,5.085793495178223,420.79998779296875,8.83538818359375,1.64,1.74
2005-02-02,11.65999984741211,1193.18994140625,5.085793495178223,421.1000061035156,8.853486061096191,1.64,1.73
2005-02-03,11.789999961853027,1189.8900146484375,5.080859661102295,416.6000061035156,8.901731491088867,1.7,1.7
2005-02-04,11.210000038146973,1203.030029296875,5.100608825683594,414.0,8.968073844909668,1.62,1.69
2005-02-07,11.729999542236328,1201.719970703125,5.105544090270996,413.6000061035156,8.998222351074219,1.56,1.65
2005-02-08,11.600000381469727,1202.300048828125,5.105544090270996,412.6000061035156,8.968073844909668,1.56,1.63
2005-02-09,12.0,1191.989990234375,5.115415573120117,412.8999938964844,8.998222351074219,1.49,1.64
2005-02-10,11.510000228881836,1197.010009765625,5.100608825683594,417.20001220703125,9.010286331176758,1.56,1.67
2005-02-11,11.430000305175781,1205.300048828125,5.090733051300049,420.5,9.058533668518066,1.55,1.65
2005-02-14,11.520000457763672,1206.1400146484375,5.0956711769104,425.79998779296875,9.185186386108398,1.49,1.63
2005-02-15,11.270000457763672,1210.1199951171875,5.090733051300049,425.8999938964844,9.221367835998535,1.51,1.64
2005-02-16,11.100000381469727,1210.3399658203125,5.080859661102295,425.5,9.203276634216309,1.59,1.62
2005-02-17,11.770000457763672,1200.75,5.075913906097412,427.29998779296875,9.233437538146973,1.61,1.64
2005-02-18,11.180000305175781,1201.5899658203125,5.0611066818237305,427.1000061035156,9.281683921813965,1.66,1.62
2005-02-22,13.140000343322754,1184.1600341796875,5.056168079376221,434.5,9.372146606445312,1.62,1.64
2005-02-23,12.390000343322754,1190.800048828125,5.0611066818237305,434.8999938964844,9.372146606445312,1.6,1.64
2005-02-24,11.569999694824219,1200.199951171875,5.056168079376221,434.5,9.498799324035645,1.6,1.62
2005-02-25,11.489999771118164,1211.3699951171875,5.056168079376221,434.8999938964844,9.577201843261719,1.53,1.62
2005-02-28,12.079999923706055,1203.5999755859375,5.054187297821045,436.5,9.646101951599121,1.6,1.59
2005-03-01,12.039999961853027,1210.4100341796875,5.049231052398682,432.8999938964844,9.640050888061523,1.63,1.58
2005-03-02,12.5,1210.0799560546875,5.049231052398682,432.79998779296875,9.537307739257812,1.64,1.6
2005-03-03,12.930000305175781,1210.469970703125,5.049231052398682,429.8999938964844,9.555441856384277,1.63,1.59
2005-03-04,11.9399995803833,1222.1199951171875,5.064098834991455,434.20001220703125,9.646101951599121,1.56,1.57
2005-03-07,12.260000228881836,1225.31005859375,5.069052219390869,435.0,9.66423225402832,1.55,1.55
2005-03-08,12.399999618530273,1219.4300537109375,5.054187297821045,440.29998779296875,9.62192153930664,1.63,1.54
2005-03-09,12.699999809265137,1207.010009765625,5.024458885192871,442.1000061035156,9.591705322265625,1.76,1.53
2005-03-10,12.489999771118164,1209.25,5.034370422363281,442.79998779296875,9.555441856384277,1.73,1.51
2005-03-11,12.800000190734863,1200.0799560546875,5.014545917510986,446.20001220703125,9.579619407653809,1.8,1.48
2005-03-14,12.390000343322754,1206.8299560546875,5.019498348236084,441.1000061035156,9.476874351501465,1.72,1.5
2005-03-15,13.149999618530273,1197.75,5.014545917510986,440.8999938964844,9.265335083007812,1.73,1.51
2005-03-16,13.489999771118164,1188.0699462890625,5.014545917510986,443.70001220703125,9.235116958618164,1.72,1.53
2005-03-17,13.289999961853027,1190.2099609375,5.024458885192871,438.70001220703125,9.265335083007812,1.68,1.57
2005-03-18,13.140000343322754,1189.6500244140625,5.014545917510986,439.29998779296875,9.247198104858398,1.7,1.59
2005-03-21,13.609999656677246,1183.780029296875,5.009589195251465,431.1000061035156,9.174675941467285,1.68,1.6
2005-03-22,14.270000457763672,1171.7099609375,4.989770412445068,431.29998779296875,9.065886497497559,1.74,1.56
2005-03-23,14.0600004196167,1172.530029296875,4.984813690185547,425.20001220703125,8.969181060791016,1.78,1.57
2005-03-24,13.420000076293945,1171.4200439453125,4.989770412445068,424.70001220703125,8.93896484375,1.76,1.58
2005-03-28,13.75,1174.280029296875,4.979862213134766,425.8999938964844,8.93896484375,1.8,1.58
2005-03-29,14.489999771118164,1165.3599853515625,4.989770412445068,426.0,8.781819343566895,1.76,1.6
2005-03-30,13.640000343322754,1181.4100341796875,4.994719982147217,426.0,8.896653175354004,1.73,1.61
2005-03-31,14.020000457763672,1180.5899658203125,5.029547691345215,428.70001220703125,9.022079467773438,1.71,1.64
2005-04-01,14.09000015258789,1172.9200439453125,5.0394978523254395,425.8999938964844,9.11902904510498,1.66,1.65
2005-04-04,14.109999656677246,1176.1199951171875,5.034523010253906,423.8999938964844,9.070549964904785,1.67,1.65
2005-04-05,13.680000305175781,1181.3900146484375,5.029547691345215,424.5,9.082671165466309,1.69,1.66
2005-04-06,13.149999618530273,1184.0699462890625,5.0394978523254395,427.1000061035156,9.10690689086914,1.68,1.67
2005-04-07,12.329999923706055,1191.1400146484375,5.029547691345215,426.5,9.167496681213379,1.72,1.65
2005-04-08,12.619999885559082,1181.199951171875,5.024575710296631,426.8999938964844,9.100846290588379,1.71,1.64
2005-04-11,11.979999542236328,1181.2099609375,5.029547691345215,428.6000061035156,9.11902904510498,1.69,1.67
2005-04-12,11.300000190734863,1187.760009765625,5.049453258514404,427.6000061035156,9.137200355529785,1.62,1.66
2005-04-13,13.3100004196167,1173.7900390625,5.049453258514404,429.29998779296875,9.082671165466309,1.61,1.69
2005-04-14,14.529999732971191,1162.050048828125,5.0544281005859375,424.0,8.900893211364746,1.59,1.75
2005-04-15,17.739999771118164,1142.6199951171875,5.0643720626831055,424.8999938964844,8.74335765838623,1.48,1.78
2005-04-18,16.559999465942383,1145.97998046875,5.069346904754639,427.5,8.67065143585205,1.37,1.75
2005-04-19,14.960000038146973,1152.780029296875,5.079295635223389,432.8999938964844,8.779711723327637,1.3,1.76
2005-04-20,16.920000076293945,1137.5,5.079295635223389,435.29998779296875,8.719124794006348,1.35,1.78
2005-04-21,14.40999984741211,1159.949951171875,5.0643720626831055,433.0,8.870594024658203,1.44,1.73
2005-04-22,15.380000114440918,1152.1199951171875,5.069346904754639,434.29998779296875,8.822125434875488,1.33,1.74
2005-04-25,14.619999885559082,1162.0999755859375,5.069346904754639,434.6000061035156,8.90695571899414,1.33,1.71
2005-04-26,14.90999984741211,1151.8299560546875,5.069346904754639,437.8999938964844,8.888775825500488,1.37,1.7
2005-04-27,14.869999885559082,1156.3800048828125,5.074322700500488,433.0,8.846360206604004,1.36,1.72
2005-04-28,16.860000610351562,1143.219970703125,5.084275722503662,433.0,8.676708221435547,1.31,1.75
2005-04-29,15.3100004196167,1156.8499755859375,5.097751140594482,435.0,8.783618927001953,1.31,1.76
2005-05-02,15.119999885559082,1162.1600341796875,5.097751140594482,429.5,8.82613468170166,1.28,1.77
2005-05-03,14.529999732971191,1161.1700439453125,5.097751140594482,426.70001220703125,8.81398868560791,1.3,1.77
2005-05-04,13.850000381469727,1175.6500244140625,5.097751140594482,429.0,9.014446258544922,1.33,1.83
2005-05-05,13.979999542236328,1172.6300048828125,5.107738494873047,429.79998779296875,9.069109916687012,1.38,1.84
2005-05-06,14.050000190734863,1171.3499755859375,5.082774639129639,426.1000061035156,9.117707252502441,1.41,1.82
2005-05-09,13.75,1178.8399658203125,5.077782154083252,426.20001220703125,9.135932922363281,1.38,1.78
2005-05-10,14.90999984741211,1166.219970703125,5.0927605628967285,427.20001220703125,9.014446258544922,1.33,1.82
2005-05-11,14.449999809265137,1171.1099853515625,5.0927605628967285,427.20001220703125,9.002296447753906,1.34,1.81
2005-05-12,16.1200008392334,1159.3599853515625,5.097751140594482,421.6000061035156,8.899029731750488,1.3,1.83
2005-05-13,16.31999969482422,1154.050048828125,5.107738494873047,420.20001220703125,8.886881828308105,1.29,1.88
2005-05-16,15.680000305175781,1165.68994140625,5.102745532989502,418.8999938964844,8.923328399658203,1.24,1.89
2005-05-17,14.569999694824219,1173.800048828125,5.102745532989502,419.3999938964844,8.923328399658203,1.24,1.91
2005-05-18,13.630000114440918,1185.56005859375,5.112732887268066,421.5,9.002296447753906,1.21,1.92
2005-05-19,13.319999694824219,1191.0799560546875,5.107738494873047,420.5,9.069109916687012,1.24,1.91
2005-05-20,13.140000343322754,1189.280029296875,5.102745532989502,417.3999938964844,9.038739204406738,1.23,1.89
2005-05-23,12.949999809265137,1193.8599853515625,5.112732887268066,416.6000061035156,9.008369445800781,1.1,1.89
2005-05-24,12.6899995803833,1194.0699462890625,5.122718334197998,417.5,9.020520210266113,1.1,1.91
2005-05-25,12.579999923706055,1190.010009765625,5.117727279663086,418.79998779296875,8.984073638916016,1.13,1.91
2005-05-26,12.239999771118164,1197.6199951171875,5.112732887268066,418.0,9.038739204406738,1.14,1.91
2005-05-27,12.149999618530273,1198.780029296875,5.117727279663086,419.79998779296875,9.135932922363281,1.11,1.91
2005-05-31,13.289999961853027,1191.5,5.151803970336914,416.29998779296875,9.103656768798828,1.01,1.9
2005-06-01,12.359999656677246,1202.219970703125,5.171849727630615,415.29998779296875,9.140196800231934,0.94,1.91
2005-06-02,11.84000015258789,1204.2900390625,5.176860332489014,422.70001220703125,9.207179069519043,0.92,1.89
2005-06-03,12.149999618530273,1196.02001953125,5.1618242263793945,423.70001220703125,9.225445747375488,0.97,1.84
2005-06-06,12.279999732971191,1197.510009765625,5.1618242263793945,426.5,9.243719100952148,0.94,1.82
2005-06-07,12.390000343322754,1197.260009765625,5.171849727630615,424.79998779296875,9.225445747375488,0.9,1.82
2005-06-08,12.699999809265137,1194.6700439453125,5.166840553283691,424.70001220703125,9.237627029418945,0.93,1.82
2005-06-09,12.079999923706055,1200.9300537109375,5.156813621520996,424.20001220703125,9.243719100952148,0.99,1.83
2005-06-10,11.960000038146973,1198.1099853515625,5.141782760620117,427.3999938964844,9.261981964111328,1.04,1.84
2005-06-13,11.649999618530273,1200.8199462890625,5.131757736206055,429.29998779296875,9.286344528198242,1.06,1.84
2005-06-14,11.789999961853027,1203.9100341796875,5.1267476081848145,427.5,9.310701370239258,1.12,1.87
2005-06-15,11.460000038146973,1206.5799560546875,5.1267476081848145,429.1000061035156,9.37768268585205,1.12,1.87
2005-06-16,11.149999618530273,1210.9599609375,5.136765956878662,436.20001220703125,9.444664001464844,1.11,1.86
2005-06-17,11.479999542236328,1216.9599609375,5.136765956878662,438.29998779296875,9.523829460144043,1.1,1.85
2005-06-20,11.470000267028809,1216.0999755859375,5.131757736206055,438.3999938964844,9.499473571777344,1.09,1.85
2005-06-21,11.079999923706055,1213.6099853515625,5.141782760620117,438.8999938964844,9.456844329833984,1.04,1.85
2005-06-22,11.050000190734863,1213.8800048828125,5.1618242263793945,438.1000061035156,9.529914855957031,0.92,1.89
2005-06-23,12.130000114440918,1200.72998046875,5.156813621520996,441.70001220703125,9.462933540344238,0.89,1.88
2005-06-24,12.180000305175781,1191.5699462890625,5.166840553283691,440.5,9.420308113098145,0.83,1.89
2005-06-27,12.520000457763672,1190.68994140625,5.166840553283691,440.29998779296875,9.43857479095459,0.75,1.89
2005-06-28,11.579999923706055,1201.5699462890625,5.156813621520996,436.3999938964844,9.481206893920898,0.83,1.87
2005-06-29,11.770000457763672,1199.8499755859375,5.151803970336914,436.3999938964844,9.432489395141602,0.86,1.87
2005-06-30,12.039999961853027,1191.3299560546875,5.180469512939453,435.8999938964844,9.429437637329102,0.81,1.87
2005-07-01,11.399999618530273,1194.43994140625,5.160356521606445,427.79998779296875,9.49046802520752,0.89,1.83
2005-07-05,11.680000305175781,1204.989990234375,5.145265102386475,422.8999938964844,9.429437637329102,0.89,1.84
2005-07-06,12.270000457763672,1194.93994140625,5.150294303894043,423.5,9.405023574829102,0.89,1.85
2005-07-07,12.489999771118164,1197.8699951171875,5.160356521606445,423.29998779296875,9.386716842651367,0.9,1.84
2005-07-08,11.449999809265137,1211.8599853515625,5.145265102386475,422.8999938964844,9.447745323181152,0.94,1.83
2005-07-11,11.279999732971191,1219.43994140625,5.145265102386475,425.5,9.600325584411621,0.92,1.81
2005-07-12,10.949999809265137,1222.2099609375,5.140233993530273,426.29998779296875,9.740697860717773,0.94,1.8
2005-07-13,10.84000015258789,1223.2900390625,5.135205268859863,423.8999938964844,9.752904891967773,0.95,1.79
2005-07-14,10.8100004196167,1226.5,5.135205268859863,419.6000061035156,9.82614517211914,0.96,1.78
2005-07-15,10.329999923706055,1227.9200439453125,5.135205268859863,420.70001220703125,9.75900936126709,0.92,1.77
2005-07-18,10.770000457763672,1221.1300048828125,5.125141143798828,420.5,9.75900936126709,0.92,1.8
2005-07-19,10.449999809265137,1229.3499755859375,5.130177974700928,419.70001220703125,9.801734924316406,0.89,1.78
2005-07-20,10.229999542236328,1235.199951171875,5.135205268859863,421.70001220703125,9.911588668823242,0.87,1.77
2005-07-21,10.970000267028809,1227.0400390625,5.115084171295166,425.3999938964844,9.917692184448242,0.93,1.76
2005-07-22,10.520000457763672,1233.6800537109375,5.125141143798828,424.70001220703125,9.97262191772461,0.85,1.75
2005-07-25,11.100000381469727,1229.030029296875,5.120111465454102,425.70001220703125,9.911588668823242,0.81,1.72
2005-07-26,10.989999771118164,1231.1600341796875,5.120111465454102,423.3999938964844,9.893274307250977,0.81,1.72
2005-07-27,10.359999656677246,1236.7900390625,5.115084171295166,424.70001220703125,9.954310417175293,0.87,1.71
2005-07-28,10.520000457763672,1243.719970703125,5.130177974700928,427.29998779296875,10.070267677307129,0.79,1.68
2005-07-29,11.569999694824219,1234.1800537109375,5.129160404205322,429.8999938964844,10.092901229858398,0.86,1.67
2005-08-01,12.079999923706055,1235.3499755859375,5.124114990234375,431.8999938964844,10.209123611450195,0.84,1.67
2005-08-02,11.75,1244.1199951171875,5.119067192077637,431.8999938964844,10.355931282043457,0.85,1.68
2005-08-03,11.829999923706055,1245.0400390625,5.129160404205322,436.8999938964844,10.398746490478516,0.84,1.7
2005-08-04,12.520000457763672,1235.8599853515625,5.124114990234375,437.8999938964844,10.380399703979492,0.85,1.69
2005-08-05,12.479999542236328,1226.4200439453125,5.108971118927002,437.20001220703125,10.306995391845703,0.88,1.67
2005-08-08,13.210000038146973,1223.1300048828125,5.098874568939209,434.70001220703125,10.306995391845703,0.88,1.67
2005-08-09,12.399999618530273,1231.3800048828125,5.103923797607422,434.20001220703125,10.392627716064453,0.89,1.66
2005-08-10,12.380000114440918,1229.1300048828125,5.108971118927002,436.5,10.466033935546875,0.89,1.68
2005-08-11,12.420000076293945,1237.81005859375,5.119067192077637,445.5,10.508852005004883,0.81,1.71
2005-08-12,12.739999771118164,1230.3900146484375,5.139256954193115,445.8999938964844,10.447685241699219,0.72,1.71
2005-08-15,12.260000228881836,1233.8699951171875,5.129160404205322,442.20001220703125,10.466033935546875,0.73,1.71
2005-08-16,13.520000457763672,1219.3399658203125,5.139256954193115,446.1000061035156,10.331459045410156,0.69,1.71
2005-08-17,13.300000190734863,1220.239990234375,5.129160404205322,439.8999938964844,10.349812507629395,0.76,1.71
2005-08-18,13.420000076293945,1219.02001953125,5.139256954193115,439.5,10.203008651733398,0.71,1.73
2005-08-19,13.420000076293945,1219.7099609375,5.139256954193115,437.20001220703125,10.135717391967773,0.69,1.72
2005-08-22,13.420000076293945,1221.72998046875,5.139256954193115,438.1000061035156,10.2825288772583,0.69,1.72
2005-08-23,13.34000015258789,1217.5899658203125,5.144305229187012,439.3999938964844,10.203008651733398,0.67,1.72
2005-08-24,14.170000076293945,1209.5899658203125,5.144305229187012,437.29998779296875,10.080667495727539,0.66,1.72
2005-08-25,13.729999542236328,1212.3699951171875,5.149360656738281,438.3999938964844,10.160187721252441,0.64,1.7
2005-08-26,13.720000267028809,1205.0999755859375,5.144305229187012,437.3999938964844,10.099020957946777,0.65,1.69
2005-08-29,13.520000457763672,1212.280029296875,5.144305229187012,437.0,10.07454776763916,0.66,1.68
2005-08-30,13.649999618530273,1208.4100341796875,5.164505481719971,431.20001220703125,10.037848472595215,0.62,1.67
2005-08-31,12.600000381469727,1220.3299560546875,5.1989617347717285,433.79998779296875,10.213183403015137,0.5,1.77
2005-09-01,13.149999618530273,1221.5899658203125,5.204028606414795,442.29998779296875,10.366436958312988,0.54,1.81
2005-09-02,13.569999694824219,1218.02001953125,5.1989617347717285,444.20001220703125,10.458396911621094,0.57,1.84
2005-09-06,12.930000305175781,1233.3900146484375,5.188826084136963,444.3999938964844,10.568739891052246,0.57,1.83
2005-09-07,12.520000457763672,1236.3599853515625,5.1736249923706055,444.8999938964844,10.587129592895508,0.66,1.83
2005-09-08,12.930000305175781,1231.6700439453125,5.1736249923706055,446.70001220703125,10.593256950378418,0.67,1.83
2005-09-09,11.979999542236328,1241.47998046875,5.1736249923706055,449.0,10.691343307495117,0.65,1.82
2005-09-12,11.649999618530273,1240.56005859375,5.16856050491333,449.70001220703125,10.703606605529785,0.67,1.82
2005-09-13,12.390000343322754,1231.199951171875,5.1736249923706055,446.1000061035156,10.642301559448242,0.67,1.83
2005-09-14,12.90999984741211,1227.1600341796875,5.16856050491333,449.79998779296875,10.679085731506348,0.75,1.83
2005-09-15,12.489999771118164,1227.72998046875,5.158421516418457,455.5,10.721999168395996,0.77,1.84
2005-09-16,11.220000267028809,1237.9100341796875,5.1482834815979,459.5,10.79556941986084,0.76,1.85
2005-09-19,12.140000343322754,1231.02001953125,5.153353214263916,466.70001220703125,10.783308982849121,0.67,1.85
2005-09-20,12.640000343322754,1221.3399658203125,5.1482834815979,466.20001220703125,10.826214790344238,0.65,1.81
2005-09-21,13.789999961853027,1210.199951171875,5.158421516418457,468.8999938964844,10.881391525268555,0.78,1.84
2005-09-22,13.329999923706055,1214.6199951171875,5.163486003875732,466.6000061035156,10.832345008850098,0.72,1.84
2005-09-23,12.960000038146973,1215.2900390625,5.1482834815979,463.5,10.7465238571167,0.77,1.83
2005-09-26,13.039999961853027,1215.6300048828125,5.138152599334717,465.8999938964844,10.813959121704102,0.78,1.83
2005-09-27,12.760000228881836,1215.6600341796875,5.133089542388916,462.6000061035156,10.850735664367676,0.81,1.84
2005-09-28,12.630000114440918,1216.8900146484375,5.143219947814941,469.70001220703125,10.893651008605957,0.8,1.82
2005-09-29,12.239999771118164,1227.6800537109375,5.133089542388916,472.20001220703125,11.034646034240723,0.75,1.83
2005-09-30,11.920000076293945,1228.81005859375,5.1417341232299805,469.0,11.118807792663574,0.79,1.81
2005-10-03,12.460000038146973,1226.699951171875,5.131557941436768,466.1000061035156,11.10651969909668,0.78,1.82
2005-10-04,13.199999809265137,1214.469970703125,5.131557941436768,466.1000061035156,11.100375175476074,0.75,1.81
2005-10-05,14.550000190734863,1196.3900146484375,5.136648178100586,466.1000061035156,10.885370254516602,0.78,1.81
2005-10-06,14.960000038146973,1191.489990234375,5.136648178100586,471.8999938964844,10.633505821228027,0.76,1.82
2005-10-07,14.59000015258789,1195.9000244140625,5.136648178100586,474.70001220703125,10.73180103302002,0.72,1.82
2005-10-10,15.550000190734863,1187.3299560546875,5.136648178100586,475.1000061035156,10.756369590759277,0.72,1.82
2005-10-11,15.630000114440918,1184.8699951171875,5.131557941436768,477.1000061035156,10.836235046386719,0.66,1.8
2005-10-12,16.219999313354492,1177.6800537109375,5.116304874420166,473.8999938964844,10.65194034576416,0.75,1.83
2005-10-13,16.469999313354492,1176.8399658203125,5.106133460998535,471.1000061035156,10.436932563781738,0.73,1.86
2005-10-14,14.869999885559082,1186.5699462890625,5.101046085357666,469.20001220703125,10.418503761291504,0.7,1.87
2005-10-17,14.670000076293945,1190.0999755859375,5.106133460998535,474.1000061035156,10.455366134643555,0.64,1.84
2005-10-18,15.329999923706055,1178.1400146484375,5.106133460998535,472.1000061035156,10.301789283752441,0.64,1.84
2005-10-19,13.5,1195.760009765625,5.1112213134765625,463.5,10.22192668914795,0.61,1.86
2005-10-20,16.110000610351562,1177.800048828125,5.1112213134765625,461.0,10.09292984008789,0.61,1.86
2005-10-21,16.1299991607666,1179.5899658203125,5.126472473144531,467.0,10.215786933898926,0.52,1.85
2005-10-24,14.739999771118164,1199.3800048828125,5.1112213134765625,465.0,10.350934028625488,0.53,1.85
2005-10-25,14.529999732971191,1196.5400390625,5.101046085357666,472.79998779296875,10.301789283752441,0.61,1.81
2005-10-26,14.59000015258789,1191.3800048828125,5.080704212188721,471.20001220703125,10.31407642364502,0.7,1.84
2005-10-27,16.020000457763672,1178.9000244140625,5.085788249969482,473.79998779296875,10.160504341125488,0.69,1.84
2005-10-28,14.25,1198.4100341796875,5.080704212188721,473.0,10.215786933898926,0.65,1.83
2005-10-31,15.319999694824219,1207.010009765625,5.100103378295898,465.1000061035156,10.410325050354004,0.59,1.83
2005-11-01,14.850000381469727,1202.760009765625,5.095000267028809,458.79998779296875,10.545768737792969,0.62,1.84
2005-11-02,13.479999542236328,1214.760009765625,5.0847883224487305,462.79998779296875,10.718143463134766,0.67,1.84
2005-11-03,13.0,1219.93994140625,5.074575901031494,460.1000061035156,10.785858154296875,0.71,1.82
2005-11-04,13.170000076293945,1220.1400146484375,5.069473743438721,456.29998779296875,10.724295616149902,0.68,1.82
2005-11-07,13.100000381469727,1222.81005859375,5.074575901031494,459.0,10.718143463134766,0.69,1.82
2005-11-08,13.079999923706055,1218.5899658203125,5.095000267028809,460.8999938964844,10.681207656860352,0.61,1.83
2005-11-09,12.800000190734863,1220.6500244140625,5.074575901031494,466.29998779296875,10.779704093933105,0.65,1.82
2005-11-10,11.899999618530273,1230.9599609375,5.095000267028809,466.6000061035156,10.83510971069336,0.58,1.84
2005-11-11,11.630000114440918,1234.719970703125,5.095000267028809,468.29998779296875,10.927458763122559,0.58,1.84
2005-11-14,12.180000305175781,1233.760009765625,5.079681873321533,468.20001220703125,10.92130184173584,0.59,1.83
2005-11-15,12.229999542236328,1229.010009765625,5.089895248413086,468.1000061035156,10.865894317626953,0.55,1.83
2005-11-16,12.260000228881836,1231.2099609375,5.10520601272583,478.29998779296875,10.952082633972168,0.49,1.84
2005-11-17,11.25,1242.800048828125,5.115421295166016,486.20001220703125,11.08752155303955,0.45,1.85
2005-11-18,11.119999885559082,1248.27001953125,5.10520601272583,485.6000061035156,11.11214828491211,0.49,1.86
2005-11-21,10.819999694824219,1254.8499755859375,5.115421295166016,489.0,11.142930030822754,0.46,1.87
2005-11-22,10.600000381469727,1261.22998046875,5.120521545410156,492.6000061035156,11.0382719039917,0.5,1.91
2005-11-23,10.960000038146973,1265.6099853515625,5.1103129386901855,492.1000061035156,11.229120254516602,0.52,1.91
2005-11-25,10.880000114440918,1268.25,5.120521545410156,492.1000061035156,11.259899139404297,0.48,1.91
2005-11-28,11.84000015258789,1257.4599609375,5.1256279945373535,498.29998779296875,11.210651397705078,0.43,1.89
2005-11-29,11.890000343322754,1257.47998046875,5.1103129386901855,499.1000061035156,11.216804504394531,0.5,1.88
2005-11-30,12.0600004196167,1249.47998046875,5.124665260314941,494.6000061035156,11.263687133789062,0.54,1.89
2005-12-01,11.239999771118164,1264.6700439453125,5.114414691925049,502.5,11.43023681640625,0.55,1.87
2005-12-02,11.010000228881836,1265.0799560546875,5.114414691925049,503.29998779296875,11.485754013061523,0.53,1.87
2005-12-05,11.600000381469727,1262.0899658203125,5.10929012298584,508.8999938964844,11.541268348693848,0.53,1.86
2005-12-06,11.520000457763672,1263.699951171875,5.124665260314941,510.20001220703125,11.658467292785645,0.45,1.88
2005-12-07,12.180000305175781,1257.3699951171875,5.119537830352783,514.2999877929688,11.63996410369873,0.49,1.88
2005-12-08,12.210000038146973,1255.8399658203125,5.134913921356201,519.2999877929688,11.584441184997559,0.53,1.88
2005-12-09,11.6899995803833,1259.3699951171875,5.119537830352783,527.0,11.57827377319336,0.6,1.88
2005-12-12,11.470000267028809,1260.4300537109375,5.114414691925049,528.4000244140625,11.63996410369873,0.66,1.86
2005-12-13,11.109999656677246,1267.4300537109375,5.119537830352783,521.0,11.720157623291016,0.63,1.88
2005-12-14,10.479999542236328,1272.739990234375,5.140035629272461,506.5,11.701652526855469,0.56,1.88
2005-12-15,10.729999542236328,1270.93994140625,5.134913921356201,503.8999938964844,11.658467292785645,0.54,1.87
2005-12-16,10.680000305175781,1267.3199462890625,5.140035629272461,503.3999938964844,11.658467292785645,0.52,1.85
2005-12-19,11.380000114440918,1259.9200439453125,5.140035629272461,503.6000061035156,11.695475578308105,0.49,1.84
2005-12-20,11.1899995803833,1259.6199951171875,5.134913921356201,494.6000061035156,11.738661766052246,0.52,1.84
2005-12-21,10.8100004196167,1262.7900390625,5.129787921905518,493.0,11.855857849121094,0.51,1.84
2005-12-22,10.289999961853027,1268.1199951171875,5.145162582397461,502.70001220703125,11.880537033081055,0.46,1.83
2005-12-23,10.270000457763672,1268.6600341796875,5.155412197113037,503.0,11.757164001464844,0.39,1.83
2005-12-27,11.569999694824219,1256.5400390625,5.1656575202941895,508.0,11.720157623291016,0.36,1.83
2005-12-28,11.350000381469727,1258.1700439453125,5.155412197113037,514.2000122070312,11.720157623291016,0.43,1.82
2005-12-29,11.609999656677246,1254.4200439453125,5.155412197113037,515.7000122070312,11.800345420837402,0.36,1.82
2005-12-30,12.069999694824219,1248.2900390625,5.175474166870117,517.0999755859375,11.785511016845703,0.31,1.82
2006-01-03,11.140000343322754,1268.800048828125,5.180619716644287,530.7000122070312,12.156323432922363,0.21,1.84
2006-01-04,11.369999885559082,1273.4599609375,5.185766696929932,533.9000244140625,12.3726224899292,0.17,1.84
2006-01-05,11.3100004196167,1273.47998046875,5.185766696929932,526.2999877929688,12.366450309753418,0.16,1.84
2006-01-06,11.0,1285.449951171875,5.180619716644287,539.7000122070312,12.533313751220703,0.16,1.84
2006-01-09,11.130000114440918,1290.1500244140625,5.180619716644287,549.0999755859375,12.65072250366211,0.15,1.84
2006-01-10,10.859999656677246,1289.68994140625,5.170332908630371,544.2999877929688,12.5394926071167,0.14,1.84
2006-01-11,10.9399995803833,1294.1800537109375,5.165184497833252,548.7999877929688,12.64455509185791,0.16,1.84
2006-01-12,11.199999809265137,1286.06005859375,5.175474166870117,548.2999877929688,12.601287841796875,0.1,1.83
2006-01-13,11.229999542236328,1287.6099853515625,5.1909098625183105,556.0999755859375,12.632184028625488,0.03,1.82
2006-01-17,11.90999984741211,1282.9300537109375,5.196052551269531,553.4000244140625,12.502402305603027,-0.04,1.83
2006-01-18,12.25,1277.9300537109375,5.1909098625183105,543.7000122070312,12.310824394226074,-0.01,1.84
2006-01-19,11.979999542236328,1285.0400390625,5.185766696929932,558.4000244140625,12.582745552062988,0.03,1.83
2006-01-20,14.5600004196167,1261.489990234375,5.1909098625183105,553.5,12.446781158447266,0.02,1.81
2006-01-23,13.930000305175781,1263.8199462890625,5.1909098625183105,558.2999877929688,12.51476001739502,-0.02,1.82
2006-01-24,13.3100004196167,1266.8599853515625,5.185766696929932,557.7000122070312,12.693989753723145,0.0,1.81
2006-01-25,12.869999885559082,1264.6800537109375,5.165184497833252,562.2000122070312,12.81141471862793,0.07,1.8
2006-01-26,12.420000076293945,1273.8299560546875,5.1548991203308105,559.7000122070312,12.928836822509766,0.08,1.8
2006-01-27,11.970000267028809,1283.719970703125,5.1548991203308105,558.7000122070312,13.05861759185791,0.07,1.78
2006-01-30,12.390000343322754,1285.18994140625,5.149750709533691,565.7999877929688,13.064800262451172,0.06,1.79
2006-01-31,12.949999809265137,1280.0799560546875,5.169892311096191,570.7999877929688,13.161369323730469,0.06,1.78
2006-02-01,12.359999656677246,1282.4599609375,5.164730548858643,569.4000244140625,13.210902214050293,0.1,1.76
2006-02-02,13.229999542236328,1270.8399658203125,5.164730548858643,572.5,12.994223594665527,0.09,1.74
2006-02-03,12.960000038146973,1264.030029296875,5.169892311096191,567.4000244140625,12.81469440460205,0.06,1.72
2006-02-06,13.039999961853027,1265.02001953125,5.169892311096191,570.2000122070312,13.043744087219238,0.07,1.69
2006-02-07,13.59000015258789,1254.780029296875,5.164730548858643,551.0,12.85802936553955,0.08,1.71
2006-02-08,12.829999923706055,1265.6500244140625,5.1595659255981445,550.0999755859375,12.758976936340332,0.06,1.75
2006-02-09,13.119999885559082,1263.780029296875,5.164730548858643,564.5,12.820880889892578,0.02,1.73
2006-02-10,12.869999885559082,1266.989990234375,5.1544036865234375,550.2000122070312,12.882787704467773,0.06,1.71
2006-02-13,13.350000381469727,1262.8599853515625,5.1544036865234375,539.0,12.659927368164062,0.03,1.72
2006-02-14,12.25,1275.530029296875,5.149233818054199,545.9000244140625,12.752793312072754,0.07,1.71
2006-02-15,12.3100004196167,1280.0,5.149233818054199,539.7000122070312,12.73421859741211,0.06,1.7
2006-02-16,11.479999542236328,1289.3800048828125,5.1544036865234375,546.0,12.876598358154297,0.04,1.71
2006-02-17,12.010000228881836,1287.239990234375,5.169892311096191,551.7999877929688,13.000414848327637,0.0,1.7
2006-02-21,12.40999984741211,1283.030029296875,5.164730548858643,553.9000244140625,13.01279354095459,0.01,1.68
2006-02-22,11.880000114440918,1292.6700439453125,5.169892311096191,553.9000244140625,13.006606101989746,-0.04,1.68
2006-02-23,11.869999885559082,1287.7900390625,5.164730548858643,548.4000244140625,13.043744087219238,-0.03,1.67
2006-02-24,11.460000038146973,1289.4300537109375,5.164730548858643,558.7999877929688,13.105657577514648,-0.02,1.64
2006-02-27,11.59000015258789,1294.1199951171875,5.1595659255981445,554.7000122070312,13.148987770080566,-0.03,1.65
2006-02-28,12.34000015258789,1280.6600341796875,5.189633846282959,561.5999755859375,12.99209213256836,-0.07,1.65
2006-03-01,11.539999961853027,1291.239990234375,5.179267406463623,563.5,13.190546035766602,-0.01,1.66
2006-03-02,11.720000267028809,1289.1400146484375,5.168896198272705,568.2000122070312,13.221550941467285,0.02,1.66
2006-03-03,11.960000038146973,1287.22998046875,5.15852689743042,566.0,13.05410099029541,0.06,1.67
2006-03-06,12.739999771118164,1278.260009765625,5.142976760864258,554.9000244140625,12.979691505432129,0.14,1.67
2006-03-07,12.65999984741211,1275.8800048828125,5.142976760864258,552.7000122070312,12.62621021270752,0.14,1.67
2006-03-08,12.319999694824219,1278.469970703125,5.142976760864258,542.5,12.508378028869629,0.15,1.68
2006-03-09,12.680000305175781,1272.22998046875,5.148159503936768,545.5,12.483570098876953,0.14,1.67
2006-03-10,11.850000381469727,1281.4200439453125,5.137790203094482,539.9000244140625,12.613802909851074,0.14,1.67
2006-03-13,11.369999885559082,1284.1300048828125,5.132605075836182,546.0999755859375,12.731630325317383,0.16,1.69
2006-03-14,10.739999771118164,1297.47998046875,5.153341770172119,551.7000122070312,12.837056159973145,0.12,1.68
2006-03-15,11.350000381469727,1303.02001953125,5.148159503936768,553.0999755859375,12.979691505432129,0.1,1.7
2006-03-16,11.979999542236328,1305.3299560546875,5.168896198272705,554.4000244140625,13.041707038879395,0.03,1.72
2006-03-17,12.119999885559082,1307.25,5.163714408874512,554.0999755859375,13.072709083557129,0.04,1.7
2006-03-20,11.789999961853027,1305.0799560546875,5.168896198272705,555.2000122070312,13.097522735595703,0.0,1.7
2006-03-21,11.619999885559082,1297.22998046875,5.148159503936768,552.4000244140625,12.954889297485352,0.02,1.7
2006-03-22,11.210000038146973,1305.0400390625,5.153341770172119,550.9000244140625,12.90527057647705,0.01,1.69
2006-03-23,11.170000076293945,1301.6700439453125,5.148159503936768,550.0999755859375,12.886661529541016,0.06,1.7
2006-03-24,11.1899995803833,1302.949951171875,5.15852689743042,560.0,12.936285972595215,0.02,1.7
2006-03-27,11.460000038146973,1301.6099853515625,5.153341770172119,567.0,12.99209213256836,0.07,1.7
2006-03-28,11.579999923706055,1293.22998046875,5.137790203094482,566.5999755859375,12.83085823059082,0.14,1.68
2006-03-29,10.949999809265137,1302.8900146484375,5.1274213790893555,573.0,12.967288970947266,0.18,1.71
2006-03-30,11.569999694824219,1300.25,5.117053508758545,586.7000122070312,13.085119247436523,0.25,1.7
2006-03-31,11.390000343322754,1294.8699951171875,5.137876987457275,581.7999877929688,13.169601440429688,0.23,1.69
2006-04-03,11.569999694824219,1297.81005859375,5.132668972015381,589.4000244140625,13.430511474609375,0.21,1.68
2006-04-04,11.140000343322754,1305.9300537109375,5.137876987457275,586.0,13.592021942138672,0.19,1.69
2006-04-05,11.130000114440918,1311.56005859375,5.143082141876221,587.9000244140625,13.65414047241211,0.17,1.7
2006-04-06,11.449999809265137,1309.0400390625,5.132668972015381,595.2000122070312,13.697622299194336,0.22,1.7
2006-04-07,12.260000228881836,1295.5,5.117048263549805,588.4000244140625,13.560957908630371,0.28,1.7
2006-04-10,12.1899995803833,1296.6199951171875,5.117048263549805,597.5999755859375,13.5547513961792,0.28,1.7
2006-04-11,13.0,1286.5699462890625,5.122256278991699,595.2000122070312,13.424297332763672,0.23,1.71
2006-04-12,12.760000228881836,1288.1199951171875,5.111846446990967,597.5,13.424297332763672,0.28,1.71
2006-04-13,12.380000114440918,1289.1199951171875,5.096234321594238,596.5,13.44914436340332,0.35,1.69
2006-04-17,12.579999923706055,1285.3299560546875,5.106642723083496,615.4000244140625,13.635505676269531,0.29,1.7
2006-04-18,11.399999618530273,1307.280029296875,5.117048263549805,620.0,13.95232105255127,0.27,1.7
2006-04-19,11.319999694824219,1309.9300537109375,5.111846446990967,632.5999755859375,14.064131736755371,0.31,1.7
2006-04-20,11.640000343322754,1311.4599609375,5.106642723083496,619.7999877929688,14.057929039001465,0.31,1.7
2006-04-21,11.59000015258789,1311.280029296875,5.111846446990967,632.2000122070312,14.138689994812012,0.26,1.7
2006-04-24,11.75,1308.1099853515625,5.122256278991699,620.5999755859375,14.08898639678955,0.24,1.67
2006-04-25,11.75,1301.739990234375,5.101437091827393,631.0,13.977165222167969,0.28,1.68
2006-04-26,11.760000228881836,1305.4100341796875,5.0910258293151855,638.7999877929688,14.157318115234375,0.33,1.64
2006-04-27,11.84000015258789,1309.719970703125,5.101437091827393,633.2999877929688,14.08898639678955,0.31,1.67
2006-04-28,11.59000015258789,1310.6099853515625,5.1275715827941895,651.7999877929688,14.136271476745605,0.3,1.67
2006-05-01,12.539999961853027,1305.18994140625,5.11189079284668,657.5,14.186050415039062,0.32,1.63
2006-05-02,11.989999771118164,1313.2099609375,5.117120265960693,664.7000122070312,14.422478675842285,0.31,1.61
2006-05-03,11.989999771118164,1308.1199951171875,5.106662273406982,665.9000244140625,14.42870807647705,0.33,1.61
2006-05-04,11.859999656677246,1312.25,5.106662273406982,674.2000122070312,14.546917915344238,0.36,1.6
2006-05-05,11.619999885559082,1325.760009765625,5.117120265960693,682.2000122070312,14.69002914428711,0.29,1.6
2006-05-08,12.0,1324.6600341796875,5.11189079284668,677.7999877929688,14.839353561401367,0.25,1.59
2006-05-09,11.989999771118164,1325.1400146484375,5.11189079284668,699.4000244140625,14.826916694641113,0.25,1.59
2006-05-10,11.779999732971191,1322.8499755859375,5.11189079284668,703.7000122070312,14.777135848999023,0.25,1.58
2006-05-11,12.489999771118164,1305.9200439453125,5.106662273406982,719.7999877929688,14.59048843383789,0.32,1.61
2006-05-12,14.1899995803833,1291.239990234375,5.096209526062012,710.2999877929688,14.273151397705078,0.34,1.63
2006-05-15,13.569999694824219,1294.5,5.10143518447876,683.5999755859375,13.787845611572266,0.29,1.64
2006-05-16,13.350000381469727,1292.0799560546875,5.11189079284668,691.5,13.750515937805176,0.27,1.66
2006-05-17,16.260000228881836,1270.3199462890625,5.10143518447876,690.5,13.576299667358398,0.33,1.66
2006-05-18,16.989999771118164,1261.81005859375,5.117120265960693,679.5999755859375,13.271424293518066,0.25,1.66
2006-05-19,17.18000030517578,1267.030029296875,5.12234354019165,656.7000122070312,13.296308517456055,0.23,1.65
2006-05-22,17.719999313354492,1262.0699462890625,5.12234354019165,657.0,12.661672592163086,0.21,1.66
2006-05-23,18.260000228881836,1256.5799560546875,5.117120265960693,673.0,12.817221641540527,0.23,1.65
2006-05-24,17.360000610351562,1258.5699462890625,5.12234354019165,637.0,12.56212329864502,0.21,1.68
2006-05-25,15.5,1272.8800048828125,5.11189079284668,648.4000244140625,12.761219024658203,0.25,1.67
2006-05-26,14.260000228881836,1280.1600341796875,5.12234354019165,650.9000244140625,12.991432189941406,0.22,1.67
2006-05-30,18.65999984741211,1259.8699951171875,5.11189079284668,653.9000244140625,12.58700942993164,0.25,1.67
2006-05-31,16.440000534057617,1270.0899658203125,5.122914791107178,642.5,12.640615463256836,0.26,1.66
2006-06-01,14.520000457763672,1285.7099609375,5.122914791107178,627.5999755859375,12.759041786193848,0.28,1.66
2006-06-02,14.319999694824219,1288.219970703125,5.154404640197754,635.5,12.889932632446289,0.19,1.67
2006-06-05,16.649999618530273,1265.2900390625,5.149159908294678,643.2000122070312,12.621912956237793,0.17,1.67
2006-06-06,17.34000015258789,1263.8499755859375,5.149159908294678,629.4000244140625,12.466085433959961,0.15,1.65
2006-06-07,17.799999237060547,1256.1500244140625,5.143908500671387,627.4000244140625,12.216768264770508,0.16,1.67
2006-06-08,18.350000381469727,1257.9300537109375,5.149159908294678,609.0999755859375,11.799148559570312,0.13,1.66
2006-06-09,18.1200008392334,1252.300048828125,5.154404640197754,608.2000122070312,11.867714881896973,0.1,1.66
2006-06-12,20.959999084472656,1237.43994140625,5.149159908294678,606.7999877929688,11.599695205688477,0.06,1.65
2006-06-13,23.809999465942383,1223.68994140625,5.154404640197754,562.5,11.188312530517578,0.08,1.67
2006-06-14,21.459999084472656,1230.0400390625,5.138659954071045,562.2999877929688,11.406469345092773,0.15,1.67
2006-06-15,15.899999618530273,1256.1600341796875,5.117663860321045,566.5,11.780455589294434,0.25,1.67
2006-06-16,17.25,1251.5400390625,5.112411975860596,578.0,11.936280250549316,0.25,1.67
2006-06-19,17.829999923706055,1240.1300048828125,5.107165336608887,568.7999877929688,11.780455589294434,0.21,1.67
2006-06-20,16.690000534057617,1240.1199951171875,5.107165336608887,576.9000244140625,11.693194389343262,0.23,1.67
2006-06-21,15.520000457763672,1252.199951171875,5.1019158363342285,587.5,11.855243682861328,0.24,1.68
2006-06-22,15.880000114440918,1245.5999755859375,5.091419219970703,582.2000122070312,11.849018096923828,0.28,1.69
2006-06-23,15.890000343322754,1244.5,5.080923557281494,584.7999877929688,11.842779159545898,0.25,1.69
2006-06-26,15.619999885559082,1250.56005859375,5.080923557281494,584.7999877929688,11.861486434936523,0.22,1.69
2006-06-27,16.399999618530273,1239.199951171875,5.086167812347412,581.5999755859375,11.830312728881836,0.16,1.7
2006-06-28,15.789999961853027,1246.0,5.080923557281494,578.2999877929688,11.979911804199219,0.24,1.69
2006-06-29,13.029999732971191,1272.8699951171875,5.091419219970703,586.5,12.422452926635742,0.21,1.69
2006-06-30,13.079999923706055,1270.199951171875,5.128312587738037,613.5,12.638504028320312,0.14,1.67
2006-07-03,13.050000190734863,1280.18994140625,5.128312587738037,613.5,12.900773048400879,0.07,1.68
2006-07-05,14.149999618530273,1270.9100341796875,5.107229709625244,627.2999877929688,12.56982707977295,0.22,1.67
2006-07-06,13.649999618530273,1274.0799560546875,5.117769718170166,634.0999755859375,12.675983428955078,0.19,1.66
2006-07-07,13.970000267028809,1265.47998046875,5.133580684661865,632.7999877929688,12.594801902770996,0.12,1.66
2006-07-10,14.020000457763672,1267.3399658203125,5.133580684661865,624.0999755859375,12.744659423828125,0.07,1.66
2006-07-11,13.140000343322754,1272.4300537109375,5.138853549957275,641.2000122070312,12.744659423828125,0.05,1.67
2006-07-12,14.489999771118164,1258.5999755859375,5.138853549957275,649.4000244140625,12.626017570495605,0.04,1.66
2006-07-13,17.790000915527344,1242.280029296875,5.144127368927002,652.9000244140625,12.307558059692383,0.03,1.66
2006-07-14,18.049999237060547,1236.199951171875,5.1493964195251465,666.5999755859375,12.170181274414062,0.01,1.69
2006-07-17,18.639999389648438,1234.489990234375,5.144127368927002,650.5999755859375,11.964120864868164,-0.04,1.68
2006-07-18,17.739999771118164,1236.8599853515625,5.128312587738037,628.2999877929688,12.045307159423828,0.0,1.68
2006-07-19,15.550000190734863,1259.81005859375,5.1493964195251465,641.5999755859375,12.338781356811523,-0.05,1.69
2006-07-20,16.209999084472656,1249.1300048828125,5.159937858581543,631.7000122070312,12.332534790039062,-0.05,1.69
2006-07-21,17.399999618530273,1240.2900390625,5.15466833114624,619.5999755859375,12.238872528076172,-0.05,1.69
2006-07-24,14.979999542236328,1260.9100341796875,5.15466833114624,612.7000122070312,12.48239517211914,-0.05,1.69
2006-07-25,14.850000381469727,1268.8800048828125,5.1493964195251465,617.5999755859375,12.56982707977295,-0.06,1.68
2006-07-26,14.619999885559082,1268.4000244140625,5.159937858581543,621.5999755859375,12.557331085205078,-0.07,1.68
2006-07-27,14.9399995803833,1263.199951171875,5.159937858581543,632.4000244140625,12.713445663452148,-0.03,1.65
2006-07-28,14.329999923706055,1278.550048828125,5.175747871398926,634.7999877929688,12.85081672668457,-0.07,1.67
2006-07-31,14.949999809265137,1276.6600341796875,5.197448253631592,634.2000122070312,12.810157775878906,-0.11,1.68
2006-08-01,15.050000190734863,1270.9200439453125,5.202741622924805,646.2999877929688,12.653787612915039,-0.13,1.69
2006-08-02,14.34000015258789,1277.4100341796875,5.208034515380859,651.5999755859375,12.83517837524414,-0.14,1.69
2006-08-03,14.460000038146973,1280.27001953125,5.208034515380859,644.9000244140625,12.810157775878906,-0.15,1.68
2006-08-04,14.34000015258789,1279.3599853515625,5.223910331726074,644.0,12.86645793914795,-0.18,1.69
2006-08-07,15.229999542236328,1275.77001953125,5.213327884674072,647.7999877929688,12.822671890258789,-0.19,1.67
2006-08-08,15.229999542236328,1271.47998046875,5.2186198234558105,645.7000122070312,12.86645793914795,-0.17,1.7
2006-08-09,15.199999809265137,1265.949951171875,5.2186198234558105,650.5,12.960277557373047,-0.15,1.73
2006-08-10,14.460000038146973,1271.81005859375,5.213327884674072,634.9000244140625,13.004057884216309,-0.12,1.73
2006-08-11,14.300000190734863,1266.739990234375,5.202741622924805,633.5,12.922751426696777,-0.1,1.72
2006-08-14,14.260000228881836,1268.2099609375,5.197448253631592,628.5,12.903985977172852,-0.12,1.69
2006-08-15,13.420000076293945,1285.5799560546875,5.2186198234558105,622.5,13.07912826538086,-0.17,1.7
2006-08-16,12.40999984741211,1295.4300537109375,5.22920560836792,628.7000122070312,13.273022651672363,-0.2,1.71
2006-08-17,12.239999771118164,1297.47998046875,5.22920560836792,615.4000244140625,13.304301261901855,-0.22,1.71
2006-08-18,11.640000343322754,1302.300048828125,5.239789009094238,612.0999755859375,13.235499382019043,-0.26,1.71
2006-08-21,12.220000267028809,1297.52001953125,5.239789009094238,625.7000122070312,13.097887992858887,-0.29,1.72
2006-08-22,12.1899995803833,1298.8199462890625,5.245085716247559,624.5999755859375,13.147929191589355,-0.28,1.71
2006-08-23,12.399999618530273,1292.989990234375,5.239789009094238,623.7000122070312,12.966531753540039,-0.27,1.72
2006-08-24,12.399999618530273,1296.06005859375,5.239789009094238,619.5,12.922751426696777,-0.28,1.72
2006-08-25,12.3100004196167,1295.0899658203125,5.245085716247559,622.0,12.947772979736328,-0.32,1.74
2006-08-28,12.180000305175781,1301.780029296875,5.245085716247559,615.2999877929688,12.966531753540039,-0.3,1.73
2006-08-29,12.279999732971191,1304.280029296875,5.245085716247559,610.7000122070312,13.047850608825684,-0.28,1.74
2006-08-30,12.220000267028809,1305.3699951171875,5.250375270843506,617.7000122070312,13.110395431518555,-0.29,1.74
2006-08-31,12.3100004196167,1303.8199462890625,5.2827935218811035,625.9000244140625,13.088468551635742,-0.31,1.73
2006-09-01,11.960000038146973,1311.010009765625,5.2827935218811035,624.4000244140625,13.220046043395996,-0.29,1.73
2006-09-04,11.960000038146973,1311.010009765625,5.2827935218811035,624.4000244140625,13.220046043395996,-0.29,1.73
2006-09-05,12.630000114440918,1313.25,5.272162914276123,638.5,13.376675605773926,-0.22,1.73
2006-09-06,13.739999771118164,1300.260009765625,5.266853332519531,633.5,13.15738582611084,-0.17,1.73
2006-09-07,13.880000114440918,1294.02001953125,5.272162914276123,617.0,13.02581787109375,-0.17,1.72
2006-09-08,13.15999984741211,1298.9200439453125,5.277480602264404,609.5999755859375,13.038345336914062,-0.15,1.72
2006-09-11,12.989999771118164,1299.5400390625,5.266853332519531,590.0,12.81905746459961,-0.13,1.72
2006-09-12,11.920000076293945,1313.0,5.277480602264404,586.9000244140625,12.95689582824707,-0.12,1.7
2006-09-13,11.180000305175781,1318.0699462890625,5.277480602264404,589.0999755859375,13.044612884521484,-0.14,1.7
2006-09-14,11.550000190734863,1316.280029296875,5.272162914276123,579.2999877929688,13.0070161819458,-0.16,1.7
2006-09-15,11.760000228881836,1319.6600341796875,5.266853332519531,576.4000244140625,13.050874710083008,-0.16,1.69
2006-09-18,11.779999732971191,1321.1800537109375,5.261537075042725,586.2000122070312,13.263901710510254,-0.13,1.68
2006-09-19,11.979999542236328,1317.6400146484375,5.2827935218811035,576.7999877929688,13.207512855529785,-0.2,1.69
2006-09-20,11.390000343322754,1325.1800537109375,5.2827935218811035,580.0,13.20124626159668,-0.2,1.69
2006-09-21,12.25,1318.030029296875,5.3040571212768555,582.2000122070312,13.057141304016113,-0.27,1.71
2006-09-22,12.59000015258789,1314.780029296875,5.314682960510254,589.4000244140625,12.950629234313965,-0.33,1.72
2006-09-25,12.119999885559082,1326.3699951171875,5.325311183929443,589.9000244140625,12.98822021484375,-0.32,1.72
2006-09-26,11.529999732971191,1336.3499755859375,5.314682960510254,591.2000122070312,13.094733238220215,-0.29,1.71
2006-09-27,11.579999923706055,1336.5899658203125,5.314682960510254,597.2999877929688,13.169922828674316,-0.28,1.71
2006-09-28,11.720000267028809,1338.8800048828125,5.3093695640563965,605.0,13.238839149475098,-0.24,1.73
2006-09-29,11.979999542236328,1335.8499755859375,5.3259148597717285,598.5999755859375,13.210601806640625,-0.25,1.72
2006-10-02,12.569999694824219,1331.3199462890625,5.331249237060547,597.7000122070312,13.229422569274902,-0.26,1.73
2006-10-03,12.239999771118164,1334.1099853515625,5.331249237060547,576.2999877929688,13.141563415527344,-0.28,1.72
2006-10-04,11.859999656677246,1350.199951171875,5.341919422149658,562.0,13.248250961303711,-0.36,1.74
2006-10-05,11.979999542236328,1353.219970703125,5.3365864753723145,571.0,13.3988676071167,-0.33,1.74
2006-10-06,11.5600004196167,1349.5899658203125,5.315239906311035,572.4000244140625,13.354940414428711,-0.25,1.73
2006-10-09,11.680000305175781,1350.6600341796875,5.315239906311035,578.4000244140625,13.27962589263916,-0.25,1.73
2006-10-10,11.520000457763672,1353.4200439453125,5.299230575561523,571.9000244140625,13.373767852783203,-0.25,1.72
2006-10-11,11.619999885559082,1349.949951171875,5.288556098937988,572.2999877929688,13.342389106750488,-0.24,1.73
2006-10-12,11.09000015258789,1362.8299560546875,5.293891429901123,576.2999877929688,13.50556468963623,-0.27,1.71
2006-10-13,10.75,1365.6199951171875,5.288556098937988,588.7999877929688,13.668729782104492,-0.24,1.72
2006-10-16,11.09000015258789,1369.06005859375,5.293891429901123,594.7000122070312,13.769145965576172,-0.3,1.71
2006-10-17,11.729999542236328,1364.050048828125,5.299230575561523,589.7000122070312,13.637350082397461,-0.31,1.71
2006-10-18,11.34000015258789,1365.800048828125,5.299230575561523,588.9000244140625,13.687559127807617,-0.32,1.7
2006-10-19,10.899999618530273,1366.9599609375,5.293891429901123,599.0,13.737767219543457,-0.31,1.7
2006-10-20,10.630000114440918,1368.5999755859375,5.293891429901123,593.0,13.70638370513916,-0.3,1.69
2006-10-23,11.079999923706055,1377.02001953125,5.283217430114746,579.7000122070312,13.700115203857422,-0.29,1.66
2006-10-24,10.779999732971191,1377.3800048828125,5.283217430114746,584.4000244140625,13.737767219543457,-0.3,1.65
2006-10-25,10.65999984741211,1382.219970703125,5.299230575561523,587.5999755859375,13.838179588317871,-0.34,1.66
2006-10-26,10.5600004196167,1389.0799560546875,5.309902191162109,596.7999877929688,13.919768333435059,-0.39,1.65
2006-10-27,10.800000190734863,1377.3399658203125,5.3205790519714355,598.2000122070312,13.769145965576172,-0.43,1.65
2006-10-30,11.199999809265137,1377.9300537109375,5.3205790519714355,604.7000122070312,13.681281089782715,-0.42,1.64
2006-10-31,11.100000381469727,1377.93994140625,5.3645219802856445,604.0999755859375,13.860435485839844,-0.47,1.64
2006-11-01,11.510000228881836,1367.81005859375,5.375234127044678,616.5999755859375,13.91071605682373,-0.5,1.64
2006-11-02,11.420000076293945,1367.3399658203125,5.3645219802856445,625.4000244140625,13.973583221435547,-0.47,1.64
2006-11-03,11.15999984741211,1364.300048828125,5.337723731994629,626.9000244140625,14.067866325378418,-0.37,1.59
2006-11-06,11.15999984741211,1379.780029296875,5.343084812164307,625.7999877929688,14.262730598449707,-0.38,1.59
2006-11-07,11.09000015258789,1382.8399658203125,5.3538007736206055,625.7000122070312,14.275299072265625,-0.42,1.6
2006-11-08,10.75,1385.719970703125,5.359161376953125,616.4000244140625,14.269017219543457,-0.46,1.59
2006-11-09,11.010000228881836,1378.3299560546875,5.3645219802856445,635.0,14.300446510314941,-0.47,1.62
2006-11-10,10.789999961853027,1380.9000244140625,5.369880676269531,628.4000244140625,14.357024192810059,-0.51,1.61
2006-11-13,10.859999656677246,1384.4200439453125,5.3645219802856445,624.2000122070312,14.33815860748291,-0.48,1.6
2006-11-14,10.5,1393.219970703125,5.375234127044678,623.7999877929688,14.495306968688965,-0.52,1.61
2006-11-15,10.3100004196167,1396.5699462890625,5.3645219802856445,622.5,14.47645092010498,-0.48,1.61
2006-11-16,10.15999984741211,1399.760009765625,5.3538007736206055,620.5999755859375,14.463872909545898,-0.43,1.59
2006-11-17,10.050000190734863,1401.199951171875,5.369880676269531,621.5,14.382163047790527,-0.48,1.6
2006-11-20,9.970000267028809,1400.5,5.369880676269531,621.2000122070312,14.382163047790527,-0.48,1.6
2006-11-21,9.899999618530273,1402.81005859375,5.375234127044678,628.2000122070312,14.507885932922363,-0.49,1.6
2006-11-22,10.140000343322754,1406.0899658203125,5.375234127044678,628.7000122070312,14.652459144592285,-0.48,1.6
2006-11-24,10.729999542236328,1400.949951171875,5.38060188293457,628.7000122070312,14.683884620666504,-0.49,1.6
2006-11-27,12.300000190734863,1381.9599609375,5.38060188293457,628.7000122070312,14.57073974609375,-0.51,1.61
2006-11-28,11.619999885559082,1386.719970703125,5.39131498336792,637.2000122070312,14.558165550231934,-0.53,1.62
2006-11-29,10.829999923706055,1399.47998046875,5.385957717895508,635.5,14.834757804870605,-0.52,1.62
2006-11-30,10.90999984741211,1400.6300048828125,5.424159049987793,646.9000244140625,14.91344165802002,-0.57,1.64
2006-12-01,11.65999984741211,1396.7099609375,5.434925079345703,644.7000122070312,14.91344165802002,-0.6,1.65
2006-12-04,11.229999542236328,1409.1199951171875,5.434925079345703,645.2000122070312,15.077116012573242,-0.58,1.66
2006-12-05,11.270000457763672,1414.760009765625,5.434925079345703,642.2999877929688,15.20931625366211,-0.54,1.65
2006-12-06,11.329999923706055,1412.9000244140625,5.424159049987793,630.5,15.196723937988281,-0.51,1.65
2006-12-07,12.670000076293945,1407.2900390625,5.418778896331787,631.9000244140625,15.184130668640137,-0.49,1.64
2006-12-08,12.069999694824219,1409.8399658203125,5.4026408195495605,626.0999755859375,15.121179580688477,-0.41,1.63
2006-12-11,10.710000038146973,1413.0400390625,5.413403511047363,630.0,15.064521789550781,-0.41,1.64
2006-12-12,10.649999618530273,1411.56005859375,5.418778896331787,627.0,14.91344165802002,-0.44,1.65
2006-12-13,10.180000305175781,1413.2099609375,5.4026408195495605,627.9000244140625,14.944916725158691,-0.36,1.64
2006-12-14,9.970000267028809,1425.489990234375,5.397252082824707,626.5999755859375,15.177837371826172,-0.36,1.66
2006-12-15,10.050000190734863,1427.0899658203125,5.397252082824707,615.0,15.215611457824707,-0.31,1.66
2006-12-18,10.600000381469727,1422.47998046875,5.397252082824707,614.0,15.190425872802734,-0.36,1.65
2006-12-19,10.300000190734863,1425.550048828125,5.397252082824707,621.5999755859375,15.089717864990234,-0.36,1.67
2006-12-20,10.260000228881836,1423.530029296875,5.397252082824707,620.5999755859375,15.177837371826172,-0.36,1.67
2006-12-21,10.529999732971191,1418.300048828125,5.408021926879883,618.2000122070312,14.93862247467041,-0.42,1.68
2006-12-22,11.359999656677246,1410.760009765625,5.391876220703125,619.0999755859375,14.963801383972168,-0.36,1.67
2006-12-26,11.260000228881836,1416.9000244140625,5.397252082824707,623.7000122070312,15.077116012573242,-0.38,1.66
2006-12-27,10.640000343322754,1426.8399658203125,5.386495113372803,627.2000122070312,15.247085571289062,-0.31,1.66
2006-12-28,10.989999771118164,1424.72998046875,5.375730514526367,634.0999755859375,15.284854888916016,-0.3,1.65
2006-12-29,11.5600004196167,1418.300048828125,5.398426055908203,635.2000122070312,15.300617218017578,-0.31,1.64
2007-01-02,11.5600004196167,1418.300048828125,5.398426055908203,635.2000122070312,15.300617218017578,-0.39,1.64
2007-01-03,12.039999961853027,1416.5999755859375,5.409239292144775,627.0999755859375,15.451919555664062,-0.38,1.61
2007-01-04,11.510000228881836,1418.3399658203125,5.425451278686523,623.9000244140625,15.262795448303223,-0.42,1.62
2007-01-05,12.140000343322754,1409.7099609375,5.414639949798584,604.9000244140625,14.928671836853027,-0.4,1.6
2007-01-08,12.0,1412.8399658203125,5.414639949798584,607.5,14.934971809387207,-0.42,1.59
2007-01-09,11.90999984741211,1412.1099853515625,5.414639949798584,613.0999755859375,14.726927757263184,-0.42,1.59
2007-01-10,11.470000267028809,1414.8499755859375,5.403833389282227,611.5999755859375,14.600835800170898,-0.4,1.59
2007-01-11,10.869999885559082,1423.8199462890625,5.393023490905762,612.4000244140625,14.726927757263184,-0.37,1.59
2007-01-12,10.149999618530273,1430.72998046875,5.3876214027404785,625.5,14.934971809387207,-0.32,1.59
2007-01-16,10.739999771118164,1431.9000244140625,5.3876214027404785,624.5999755859375,15.03583812713623,-0.36,1.59
2007-01-17,10.59000015258789,1430.6199951171875,5.382218360900879,632.0999755859375,15.016923904418945,-0.33,1.58
2007-01-18,10.850000381469727,1426.3699951171875,5.3876214027404785,627.0999755859375,15.042145729064941,-0.37,1.58
2007-01-19,10.399999618530273,1430.5,5.382218360900879,635.5,15.124096870422363,-0.36,1.57
2007-01-22,10.770000457763672,1422.949951171875,5.3876214027404785,633.2999877929688,15.161931037902832,-0.37,1.57
2007-01-23,10.34000015258789,1427.989990234375,5.376818656921387,645.2000122070312,15.288019180297852,-0.33,1.57
2007-01-24,9.890000343322754,1440.1300048828125,5.376818656921387,647.5999755859375,15.489744186401367,-0.32,1.57
2007-01-25,11.220000267028809,1423.9000244140625,5.360601902008057,647.7999877929688,15.243879318237305,-0.27,1.56
2007-01-26,11.130000114440918,1422.1800537109375,5.3552021980285645,644.5,15.17452621459961,-0.25,1.56
2007-01-29,11.449999809265137,1420.6199951171875,5.3552021980285645,643.0999755859375,15.03583812713623,-0.24,1.55
2007-01-30,10.960000038146973,1428.8199462890625,5.3552021980285645,644.2000122070312,15.180834770202637,-0.25,1.56
2007-01-31,10.420000076293945,1438.239990234375,5.394272804260254,652.0,15.233868598937988,-0.29,1.57
2007-02-01,10.3100004196167,1445.93994140625,5.394272804260254,657.4000244140625,15.429577827453613,-0.29,1.56
2007-02-02,10.079999923706055,1448.3900146484375,5.399703025817871,646.2000122070312,15.511649131774902,-0.31,1.56
2007-02-05,10.550000190734863,1446.989990234375,5.405125617980957,650.9000244140625,15.536918640136719,-0.34,1.56
2007-02-06,10.649999618530273,1448.0,5.4159770011901855,653.5999755859375,15.656855583190918,-0.37,1.55
2007-02-07,10.319999694824219,1450.02001953125,5.4159770011901855,652.2999877929688,15.65053939819336,-0.41,1.56
2007-02-08,10.4399995803833,1448.31005859375,5.421402454376221,658.0,15.60634708404541,-0.43,1.55
2007-02-09,11.100000381469727,1438.06005859375,5.405125617980957,667.5,15.4990234375,-0.36,1.54
2007-02-12,11.609999656677246,1433.3699951171875,5.399703025817871,662.5999755859375,15.347508430480957,-0.38,1.54
2007-02-13,10.34000015258789,1444.260009765625,5.399703025817871,663.9000244140625,15.492721557617188,-0.35,1.54
2007-02-14,10.229999542236328,1455.300048828125,5.421402454376221,667.4000244140625,15.726300239562988,-0.42,1.55
2007-02-15,10.220000267028809,1456.81005859375,5.426832675933838,667.2999877929688,15.783124923706055,-0.47,1.56
2007-02-16,10.020000457763672,1455.5400390625,5.426832675933838,668.7999877929688,15.83363151550293,-0.48,1.55
2007-02-20,10.239999771118164,1459.6800537109375,5.432261943817139,657.0999755859375,15.839937210083008,-0.51,1.55
2007-02-21,10.199999809265137,1457.6300048828125,5.426832675933838,680.2000122070312,15.858880996704102,-0.49,1.54
2007-02-22,10.180000305175781,1456.3800048828125,5.421402454376221,679.4000244140625,15.953581809997559,-0.46,1.54
2007-02-23,10.579999923706055,1451.18994140625,5.432261943817139,683.0999755859375,15.871514320373535,-0.5,1.53
2007-02-26,11.149999618530273,1449.3699951171875,5.443109512329102,686.5,15.839937210083008,-0.56,1.54
2007-02-27,18.309999465942383,1399.0400390625,5.46481466293335,683.9000244140625,14.993962287902832,-0.64,1.59
2007-02-28,15.420000076293945,1406.8199462890625,5.475713729858398,669.4000244140625,15.060356140136719,-0.6,1.6
2007-03-01,15.819999694824219,1403.1700439453125,5.475713729858398,662.2999877929688,14.889646530151367,-0.59,1.62
2007-03-02,18.610000610351562,1387.1700439453125,5.481164455413818,641.5,14.674674034118652,-0.6,1.64
2007-03-05,19.6299991607666,1374.1199951171875,5.481164455413818,636.7000122070312,14.194159507751465,-0.59,1.68
2007-03-06,15.960000038146973,1395.4100341796875,5.481164455413818,643.7999877929688,14.687321662902832,-0.61,1.66
2007-03-07,15.239999771118164,1391.969970703125,5.486615180969238,650.5999755859375,14.630415916442871,-0.62,1.66
2007-03-08,14.289999961853027,1401.8900146484375,5.486615180969238,653.4000244140625,14.984476089477539,-0.59,1.67
2007-03-09,14.09000015258789,1402.8399658203125,5.46481466293335,650.0,15.022418022155762,-0.51,1.65
2007-03-12,13.989999771118164,1406.5999755859375,5.475713729858398,648.4000244140625,15.16150951385498,-0.53,1.65
2007-03-13,18.1299991607666,1377.949951171875,5.486615180969238,647.5999755859375,14.80744743347168,-0.59,1.7
2007-03-14,17.270000457763672,1387.1700439453125,5.481164455413818,640.9000244140625,14.820087432861328,-0.53,1.72
2007-03-15,16.43000030517578,1392.280029296875,5.481164455413818,645.7000122070312,14.94021987915039,-0.51,1.7
2007-03-16,16.790000915527344,1386.949951171875,5.475713729858398,652.5999755859375,14.902283668518066,-0.49,1.7
2007-03-19,14.59000015258789,1402.06005859375,5.470269203186035,653.0999755859375,15.16150951385498,-0.48,1.7
2007-03-20,13.270000457763672,1410.93994140625,5.475713729858398,657.9000244140625,15.250029563903809,-0.5,1.71
2007-03-21,12.1899995803833,1435.0400390625,5.486615180969238,659.0,15.566156387329102,-0.52,1.73
2007-03-22,12.930000305175781,1434.5400390625,5.470269203186035,663.4000244140625,15.629378318786621,-0.46,1.75
2007-03-23,12.949999809265137,1436.1099853515625,5.46481466293335,656.7000122070312,15.654668807983398,-0.46,1.75
2007-03-26,13.15999984741211,1437.5,5.470269203186035,663.4000244140625,15.679964065551758,-0.46,1.75
2007-03-27,13.479999542236328,1428.6099853515625,5.46481466293335,662.0999755859375,15.578800201416016,-0.46,1.76
2007-03-28,14.979999542236328,1417.22998046875,5.459371089935303,666.5,15.389121055603027,-0.44,1.78
2007-03-29,15.140000343322754,1422.530029296875,5.453921318054199,661.5,15.661005973815918,-0.41,1.74
2007-03-30,14.640000343322754,1420.8599853515625,5.476901054382324,663.0,15.701515197753906,-0.39,1.75
2007-04-02,14.529999732971191,1424.550048828125,5.476901054382324,665.7000122070312,15.7648286819458,-0.39,1.74
2007-04-03,13.460000038146973,1437.77001953125,5.471433162689209,664.0,15.973755836486816,-0.38,1.73
2007-04-04,13.239999771118164,1439.3699951171875,5.476901054382324,672.0999755859375,16.08139419555664,-0.41,1.74
2007-04-05,13.229999542236328,1443.760009765625,5.471433162689209,674.2000122070312,16.15736198425293,-0.36,1.74
2007-04-09,13.140000343322754,1444.6099853515625,5.455018043518066,671.9000244140625,16.24600601196289,-0.27,1.72
2007-04-10,12.680000305175781,1448.3900146484375,5.460487365722656,676.5,16.328311920166016,-0.3,1.72
2007-04-11,13.489999771118164,1438.8699951171875,5.455018043518066,676.7999877929688,16.290313720703125,-0.3,1.71
2007-04-12,12.710000038146973,1447.800048828125,5.455018043518066,675.0999755859375,16.42327880859375,-0.29,1.71
2007-04-13,12.199999809265137,1452.8499755859375,5.449545383453369,685.4000244140625,16.492921829223633,-0.26,1.7
2007-04-16,11.979999542236328,1468.3299560546875,5.455018043518066,690.0999755859375,16.720848083496094,-0.27,1.68
2007-04-17,12.140000343322754,1471.47998046875,5.471433162689209,688.2000122070312,16.625885009765625,-0.32,1.68
2007-04-18,12.420000076293945,1472.5,5.476901054382324,689.0999755859375,16.568904876708984,-0.34,1.67
2007-04-19,12.539999961853027,1470.72998046875,5.476901054382324,684.2999877929688,16.410615921020508,-0.31,1.67
2007-04-20,12.069999694824219,1484.3499755859375,5.471433162689209,692.0,16.701858520507812,-0.31,1.68
2007-04-23,13.039999961853027,1480.9300537109375,5.476901054382324,690.5999755859375,16.619550704956055,-0.32,1.68
2007-04-24,13.119999885559082,1480.4100341796875,5.487842082977295,684.2000122070312,16.632219314575195,-0.35,1.68
2007-04-25,13.210000038146973,1495.4200439453125,5.476901054382324,684.0999755859375,16.80315589904785,-0.31,1.68
2007-04-26,12.789999961853027,1494.25,5.46596097946167,674.9000244140625,16.708187103271484,-0.27,1.69
2007-04-27,12.449999809265137,1494.0699462890625,5.46596097946167,678.7000122070312,16.600553512573242,-0.24,1.68
2007-04-30,14.220000267028809,1482.3699951171875,5.50496768951416,680.5,16.387548446655273,-0.28,1.68
2007-05-01,13.510000228881836,1486.300048828125,5.499474048614502,674.4000244140625,16.43192481994629,-0.26,1.67
2007-05-02,13.079999923706055,1495.9200439453125,5.499474048614502,672.2999877929688,16.634790420532227,-0.26,1.66
2007-05-03,13.09000015258789,1502.3900146484375,5.49398136138916,681.7999877929688,16.824974060058594,-0.22,1.64
2007-05-04,12.90999984741211,1505.6199951171875,5.499474048614502,687.2000122070312,16.926406860351562,-0.25,1.64
2007-05-07,13.149999618530273,1509.47998046875,5.50496768951416,688.0,17.015155792236328,-0.25,1.64
2007-05-08,13.210000038146973,1507.719970703125,5.50496768951416,685.0999755859375,16.91372299194336,-0.27,1.66
2007-05-09,12.880000114440918,1512.5799560546875,5.49398136138916,680.2999877929688,17.04685401916504,-0.21,1.65
2007-05-10,13.600000381469727,1491.469970703125,5.499474048614502,665.0999755859375,16.7488956451416,-0.22,1.66
2007-05-11,12.949999809265137,1505.8499755859375,5.49398136138916,670.5999755859375,16.989789962768555,-0.2,1.66
2007-05-14,13.960000038146973,1503.1500244140625,5.488485336303711,668.5,16.977123260498047,-0.16,1.65
2007-05-15,14.010000228881836,1501.18994140625,5.482991695404053,673.0,16.92006492614746,-0.12,1.65
2007-05-16,13.5,1514.1400146484375,5.482991695404053,660.2000122070312,17.192665100097656,-0.04,1.64
2007-05-17,13.510000228881836,1512.75,5.4720048904418945,656.2000122070312,17.148286819458008,-0.05,1.64
2007-05-18,12.760000228881836,1522.75,5.461016654968262,661.0,17.230701446533203,-0.03,1.63
2007-05-21,13.300000190734863,1525.0999755859375,5.466511249542236,662.9000244140625,17.319456100463867,-0.09,1.63
2007-05-22,13.0600004196167,1524.1199951171875,5.45552396774292,659.0999755859375,17.338470458984375,-0.1,1.63
2007-05-23,13.239999771118164,1522.280029296875,5.450030326843262,661.9000244140625,17.294097900390625,-0.05,1.63
2007-05-24,14.079999923706055,1507.510009765625,5.450030326843262,653.0,16.983455657958984,-0.05,1.63
2007-05-25,13.34000015258789,1515.72998046875,5.450030326843262,655.0999755859375,17.192665100097656,-0.02,1.62
2007-05-29,13.529999732971191,1518.1099853515625,5.439039707183838,657.0999755859375,17.173643112182617,-0.02,1.62
2007-05-30,12.829999923706055,1530.22998046875,5.444536209106445,653.0999755859375,17.22435760498047,0.03,1.61
2007-05-31,13.050000190734863,1530.6199951171875,5.46218729019165,661.0,17.385576248168945,0.17,1.6
2007-06-01,12.779999732971191,1536.3399658203125,5.445641994476318,671.2000122070312,17.715652465820312,0.16,1.6
2007-06-04,13.289999961853027,1539.1800537109375,5.451156139373779,670.7000122070312,17.721994400024414,0.12,1.58
2007-06-05,13.630000114440918,1530.949951171875,5.440116882324219,669.5999755859375,17.652175903320312,0.15,1.57
2007-06-06,14.869999885559082,1517.3800048828125,5.440116882324219,669.2999877929688,17.442710876464844,0.17,1.6
2007-06-07,17.059999465942383,1490.719970703125,5.407016277313232,660.0999755859375,17.226898193359375,0.31,1.6
2007-06-08,14.84000015258789,1507.6700439453125,5.401497840881348,645.5,17.379230499267578,0.35,1.62
2007-06-11,14.710000038146973,1509.1199951171875,5.401497840881348,654.2999877929688,17.44905662536621,0.41,1.61
2007-06-12,16.670000076293945,1493.0,5.368393421173096,648.5,17.290369033813477,0.54,1.6
2007-06-13,14.729999542236328,1515.6700439453125,5.384949207305908,648.2000122070312,17.537918090820312,0.54,1.58
2007-06-14,13.640000343322754,1522.969970703125,5.379430294036865,651.5999755859375,17.82355499267578,0.58,1.57
2007-06-15,13.9399995803833,1532.9100341796875,5.395979881286621,654.5,18.096494674682617,0.6,1.6
2007-06-18,13.420000076293945,1531.050048828125,5.401497840881348,655.7999877929688,18.22978401184082,0.52,1.6
2007-06-19,12.850000381469727,1533.699951171875,5.4180521965026855,660.7000122070312,18.274227142333984,0.44,1.6
2007-06-20,14.670000076293945,1512.8399658203125,5.401497840881348,656.0999755859375,18.07745361328125,0.4,1.57
2007-06-21,14.210000038146973,1522.18994140625,5.390466690063477,650.5999755859375,18.356735229492188,0.46,1.6
2007-06-22,15.75,1502.56005859375,5.401497840881348,653.5,18.140928268432617,0.41,1.6
2007-06-25,16.649999618530273,1497.739990234375,5.412535667419434,651.2999877929688,18.058406829833984,0.27,1.59
2007-06-26,18.889999389648438,1492.8900146484375,5.407016277313232,642.0999755859375,17.98859214782715,0.28,1.61
2007-06-27,15.529999732971191,1506.3399658203125,5.412535667419434,641.7000122070312,18.096494674682617,0.32,1.59
2007-06-28,15.539999961853027,1505.7099609375,5.401497840881348,647.5,18.159971237182617,0.34,1.6
2007-06-29,16.229999542236328,1503.3499755859375,5.441394329071045,648.0999755859375,18.187925338745117,0.21,1.59
2007-07-02,15.399999618530273,1519.4300537109375,5.45247220993042,656.5,18.5692195892334,0.05,1.6
2007-07-03,14.920000076293945,1524.8699951171875,5.441394329071045,652.9000244140625,18.753524780273438,0.1,1.6
2007-07-05,15.479999542236328,1525.4000244140625,5.413690090179443,648.4000244140625,18.90604019165039,0.21,1.58
2007-07-06,14.720000267028809,1530.43994140625,5.402605056762695,652.7000122070312,19.096689224243164,0.24,1.59
2007-07-09,15.15999984741211,1531.8499755859375,5.413690090179443,660.5,19.27462387084961,0.19,1.58
2007-07-10,17.56999969482422,1510.1199951171875,5.441394329071045,662.5,19.083984375,0.08,1.6
2007-07-11,16.639999389648438,1518.760009765625,5.430308818817139,660.2999877929688,19.223787307739258,0.14,1.59
2007-07-12,15.539999961853027,1547.699951171875,5.419231414794922,666.7000122070312,19.63686752319336,0.16,1.59
2007-07-13,15.149999618530273,1552.5,5.424771308898926,665.7999877929688,19.77667808532715,0.14,1.59
2007-07-16,15.59000015258789,1549.52001953125,5.435853481292725,665.0,19.592374801635742,0.07,1.58
2007-07-17,15.630000114440918,1549.3699951171875,5.424771308898926,664.7000122070312,19.624155044555664,0.12,1.59
2007-07-18,16.0,1546.1700439453125,5.441394329071045,672.5999755859375,19.52247428894043,0.06,1.58
2007-07-19,15.229999542236328,1553.0799560546875,5.435853481292725,677.2000122070312,19.732181549072266,0.06,1.59
2007-07-20,16.950000762939453,1534.0999755859375,5.44693660736084,683.9000244140625,19.67499351501465,-0.01,1.61
2007-07-23,16.809999465942383,1541.5699462890625,5.44693660736084,680.7999877929688,20.0499324798584,-0.05,1.61
2007-07-24,18.549999237060547,1511.0400390625,5.44693660736084,684.2000122070312,19.64322280883789,-0.08,1.65
2007-07-25,18.100000381469727,1518.0899658203125,5.45247220993042,673.2999877929688,19.77032470703125,-0.07,1.65
2007-07-26,20.739999771118164,1482.6600341796875,5.469101428985596,662.5,18.995012283325195,-0.13,1.83
2007-07-27,24.170000076293945,1458.949951171875,5.463559150695801,660.0,18.5692195892334,-0.05,1.87
2007-07-30,20.8700008392334,1473.9100341796875,5.458017349243164,664.0999755859375,18.982301712036133,-0.14,1.88
2007-07-31,23.520000457763672,1455.27001953125,5.486954689025879,666.9000244140625,18.997570037841797,-0.18,1.85
2007-08-01,23.670000076293945,1465.81005859375,5.492520809173584,663.5999755859375,18.673097610473633,-0.13,1.86
2007-08-02,21.219999313354492,1472.199951171875,5.492520809173584,664.5999755859375,18.736724853515625,-0.12,1.83
2007-08-03,25.15999984741211,1433.06005859375,5.509215831756592,672.5,18.27227210998535,-0.14,1.86
2007-08-06,22.940000534057617,1467.6700439453125,5.498085975646973,671.5,18.47587776184082,-0.16,1.89
2007-08-07,21.559999465942383,1476.7099609375,5.498085975646973,670.5999755859375,18.469505310058594,-0.17,1.83
2007-08-08,21.450000762939453,1497.489990234375,5.475820064544678,674.5,18.97848129272461,-0.11,1.87
2007-08-09,26.479999542236328,1453.0899658203125,5.486954689025879,661.4000244140625,18.32953453063965,-0.02,1.91
2007-08-10,28.299999237060547,1453.6400146484375,5.486954689025879,670.2999877929688,18.100496292114258,0.24,1.88
2007-08-13,26.56999969482422,1452.9200439453125,5.486954689025879,669.7000122070312,18.145036697387695,0.04,1.91
2007-08-14,27.68000030517578,1426.5400390625,5.492520809173584,668.5999755859375,17.71876335144043,0.09,1.95
2007-08-15,30.670000076293945,1406.699951171875,5.492520809173584,668.9000244140625,17.139812469482422,0.48,2.03
2007-08-16,30.829999923706055,1411.27001953125,5.514780521392822,648.2999877929688,16.55448341369629,0.81,2.06
2007-08-17,29.989999771118164,1445.93994140625,5.503646373748779,656.9000244140625,16.83441734313965,0.92,2.07
2007-08-20,26.329999923706055,1445.550048828125,5.514780521392822,656.7000122070312,17.152523040771484,1.52,2.08
2007-08-21,25.25,1447.1199951171875,5.525908470153809,656.7000122070312,17.146163940429688,1.01,2.09
2007-08-22,22.889999389648438,1464.0699462890625,5.514780521392822,659.0999755859375,17.71876335144043,0.96,2.07
2007-08-23,22.6200008392334,1462.5,5.5203447341918945,658.9000244140625,17.839651107788086,0.73,2.04
2007-08-24,20.719999313354492,1479.3699951171875,5.5203447341918945,668.0,18.24047088623047,0.39,2.01
2007-08-27,22.719999313354492,1466.7900390625,5.5314741134643555,666.7999877929688,18.30409049987793,-0.03,2.0
2007-08-28,26.299999237060547,1432.3599853515625,5.542606353759766,664.4000244140625,17.826929092407227,0.13,2.07
2007-08-29,23.809999465942383,1463.760009765625,5.537041187286377,666.2999877929688,18.43132972717285,0.59,2.05
2007-08-30,25.059999465942383,1457.6400146484375,5.542606353759766,665.0,18.32953453063965,0.67,2.07
2007-08-31,23.3799991607666,1473.989990234375,5.560489177703857,673.0,18.835294723510742,0.53,2.05
2007-09-04,22.780000686645508,1489.4200439453125,5.554901123046875,682.5,19.077350616455078,0.09,2.04
2007-09-05,24.579999923706055,1472.2900390625,5.5772528648376465,681.7000122070312,18.733375549316406,0.12,2.06
2007-09-06,23.989999771118164,1478.550048828125,5.5716657638549805,695.5999755859375,18.981800079345703,0.22,2.06
2007-09-07,26.229999542236328,1453.550048828125,5.610782146453857,700.7999877929688,18.656953811645508,0.31,2.1
2007-09-10,27.3799991607666,1451.699951171875,5.6219563484191895,703.2999877929688,18.650569915771484,0.38,2.13
2007-09-11,25.270000457763672,1471.489990234375,5.605187892913818,712.2000122070312,18.988162994384766,0.26,2.11
2007-09-12,24.959999084472656,1471.56005859375,5.599603176116943,711.9000244140625,18.962684631347656,0.38,2.13
2007-09-13,24.760000228881836,1483.949951171875,5.582839488983154,709.5,19.18562889099121,0.41,2.12
2007-09-14,24.920000076293945,1484.25,5.582839488983154,709.5999755859375,19.230222702026367,0.46,2.12
2007-09-17,26.479999542236328,1476.6500244140625,5.582839488983154,715.7999877929688,19.02001953125,0.33,2.1
2007-09-18,20.350000381469727,1519.780029296875,5.594016075134277,715.7999877929688,19.695205688476562,0.49,2.11
2007-09-19,20.030000686645508,1529.030029296875,5.588431358337402,722.0,19.899036407470703,0.6,2.11
2007-09-20,20.450000762939453,1518.75,5.554901123046875,732.4000244140625,19.854455947875977,0.9,2.04
2007-09-21,19.0,1525.75,5.566075801849365,731.4000244140625,20.166576385498047,0.9,2.03
2007-09-24,19.3700008392334,1517.72998046875,5.566075801849365,732.0999755859375,20.35128402709961,0.79,2.02
2007-09-25,18.600000381469727,1517.2099609375,5.566075801849365,731.5999755859375,20.370405197143555,0.84,2.02
2007-09-26,17.6299991607666,1525.4200439453125,5.566075801849365,728.2999877929688,20.586973190307617,0.9,2.03
2007-09-27,17.0,1531.3800048828125,5.582839488983154,732.7000122070312,20.911834716796875,0.87,2.01
2007-09-28,18.0,1526.75,5.600800514221191,742.7999877929688,20.882503509521484,0.77,2.0
2007-10-01,17.84000015258789,1547.0400390625,5.606410980224609,747.2000122070312,21.39898109436035,0.64,1.99
2007-10-02,18.489999771118164,1546.6300048828125,5.612023830413818,729.7999877929688,21.62215232849121,0.58,2.0
2007-10-03,18.799999237060547,1539.5899658203125,5.612023830413818,729.2999877929688,21.3352108001709,0.59,1.99
2007-10-04,18.440000534057617,1542.8399658203125,5.61763334274292,737.7999877929688,21.32245445251465,0.58,1.97
2007-10-05,16.90999984741211,1557.5899658203125,5.589573860168457,741.2999877929688,21.813440322875977,0.65,1.94
2007-10-08,17.459999084472656,1552.5799560546875,5.589573860168457,732.7999877929688,21.69866371154785,0.65,1.94
2007-10-09,16.1200008392334,1565.1500244140625,5.589573860168457,737.4000244140625,22.017480850219727,0.61,1.9
2007-10-10,16.670000076293945,1562.469970703125,5.589573860168457,740.4000244140625,22.113126754760742,0.59,1.91
2007-10-11,18.8799991607666,1554.4100341796875,5.589573860168457,751.2999877929688,22.145015716552734,0.54,1.9
2007-10-12,17.729999542236328,1561.800048828125,5.583966255187988,748.7000122070312,22.278907775878906,0.5,1.87
2007-10-15,19.25,1548.7099609375,5.583966255187988,757.0999755859375,22.221521377563477,0.39,1.88
2007-10-16,20.020000457763672,1538.530029296875,5.589573860168457,757.0,21.979219436645508,0.41,1.92
2007-10-17,18.540000915527344,1541.239990234375,5.61763334274292,757.5,22.27254867553711,0.56,1.91
2007-10-18,18.5,1540.0799560546875,5.628854274749756,764.0999755859375,22.253416061401367,0.76,1.94
2007-10-19,22.959999084472656,1500.6300048828125,5.651305198669434,764.0,21.558391571044922,0.55,1.97
2007-10-22,21.639999389648438,1506.3299560546875,5.651305198669434,755.7999877929688,21.564760208129883,0.42,1.96
2007-10-23,20.40999984741211,1519.5899658203125,5.651305198669434,759.0,22.145015716552734,0.43,1.98
2007-10-24,20.799999237060547,1515.8800048828125,5.668140411376953,761.5999755859375,22.02385711669922,0.51,1.98
2007-10-25,21.170000076293945,1514.4000244140625,5.662529945373535,767.2999877929688,22.27254867553711,0.43,1.99
2007-10-26,19.559999465942383,1535.280029296875,5.651305198669434,783.9000244140625,22.922929763793945,0.45,1.98
2007-10-29,19.8700008392334,1540.97998046875,5.651305198669434,789.0999755859375,23.279996871948242,0.38,1.98
2007-10-30,21.06999969482422,1531.02001953125,5.651305198669434,784.2999877929688,23.031328201293945,0.44,1.99
2007-10-31,18.530000686645508,1549.3800048828125,5.652996063232422,792.0,23.474246978759766,0.54,1.99
2007-11-01,23.209999084472656,1508.43994140625,5.67554235458374,790.7000122070312,22.638164520263672,0.55,2.01
2007-11-02,23.010000228881836,1509.6500244140625,5.692451477050781,805.7000122070312,22.810487747192383,0.7,2.04
2007-11-05,24.309999465942383,1502.1700439453125,5.67554235458374,808.0999755859375,22.287137985229492,0.64,2.02
2007-11-06,21.389999389648438,1520.27001953125,5.664270401000977,820.7999877929688,22.84239959716797,0.62,2.03
2007-11-07,26.489999771118164,1475.6199951171875,5.664270401000977,831.0,22.216938018798828,0.85,2.1
2007-11-08,26.15999984741211,1474.77001953125,5.67554235458374,835.2000122070312,22.236082077026367,0.9,2.16
2007-11-09,28.5,1453.699951171875,5.686817646026611,832.5,21.974411010742188,0.96,2.18
2007-11-12,31.09000015258789,1439.1800537109375,5.68117618560791,805.7999877929688,21.170230865478516,0.96,2.18
2007-11-13,24.100000381469727,1481.050048828125,5.669906139373779,797.2000122070312,21.980789184570312,0.76,2.18
2007-11-14,25.940000534057617,1470.5799560546875,5.669906139373779,813.0,22.08928871154785,0.87,2.16
2007-11-15,28.059999465942383,1451.1500244140625,5.698087215423584,785.9000244140625,21.6744384765625,0.87,2.22
2007-11-16,25.489999771118164,1458.739990234375,5.692451477050781,785.7000122070312,21.693580627441406,0.75,2.26
2007-11-19,26.010000228881836,1433.27001953125,5.7037248611450195,776.7999877929688,21.042587280273438,0.67,2.3
2007-11-20,24.8799991607666,1439.699951171875,5.698087215423584,790.2999877929688,21.28510856628418,0.81,2.35
2007-11-21,26.84000015258789,1416.77001953125,5.70935583114624,797.5999755859375,20.519235610961914,0.91,2.41
2007-11-23,25.610000610351562,1440.699951171875,5.714996814727783,824.0,20.8000545501709,0.78,2.37
2007-11-26,28.90999984741211,1407.219970703125,5.754446983337402,826.0,20.366064071655273,0.7,2.4
2007-11-27,26.280000686645508,1428.22998046875,5.731905937194824,813.7000122070312,20.75537872314453,0.79,2.41
2007-11-28,24.110000610351562,1469.02001953125,5.714996814727783,800.0999755859375,21.40637969970703,0.98,2.4
2007-11-29,23.969999313354492,1469.719970703125,5.731905937194824,795.2999877929688,21.39361000061035,0.95,2.46
2007-11-30,22.8700008392334,1481.1400146484375,5.755674362182617,782.2000122070312,21.619775772094727,0.82,2.47
2007-12-03,23.610000610351562,1472.4200439453125,5.778311729431152,788.2999877929688,21.581436157226562,0.83,2.52
2007-12-04,23.790000915527344,1462.7900390625,5.772650241851807,801.2999877929688,21.626169204711914,0.82,2.53
2007-12-05,22.530000686645508,1485.010009765625,5.766994953155518,797.5,22.265050888061523,0.85,2.58
2007-12-06,20.959999084472656,1507.3399658203125,5.744355201721191,801.2000122070312,22.55893898010254,0.93,2.59
2007-12-07,20.850000381469727,1504.6600341796875,5.710400104522705,794.4000244140625,22.392833709716797,1.0,2.61
2007-12-10,20.739999771118164,1515.9599609375,5.699077129364014,807.7000122070312,22.348100662231445,1.1,2.59
2007-12-11,23.59000015258789,1477.6500244140625,5.744355201721191,811.4000244140625,21.683666229248047,1.04,2.63
2007-12-12,22.469999313354492,1486.5899658203125,5.7273783683776855,813.5,22.066986083984375,1.17,2.63
2007-12-13,22.559999465942383,1488.4100341796875,5.710400104522705,799.0,21.69644546508789,1.31,2.58
2007-12-14,23.270000457763672,1467.949951171875,5.687756538391113,793.2999877929688,21.153396606445312,1.36,2.55
2007-12-17,24.520000457763672,1445.9000244140625,5.699077129364014,794.7999877929688,20.373960494995117,1.13,2.55
2007-12-18,22.639999389648438,1454.97998046875,5.721715927124023,803.0,20.731733322143555,1.1,2.52
2007-12-19,21.68000030517578,1453.0,5.738699913024902,801.0999755859375,20.81478500366211,1.15,2.54
2007-12-20,20.579999923706055,1460.1199951171875,5.7500176429748535,799.2000122070312,20.859508514404297,1.12,2.51
2007-12-21,18.469999313354492,1484.4599609375,5.7160563468933105,811.5999755859375,21.000064849853516,1.18,2.5
2007-12-24,18.600000381469727,1496.449951171875,5.699077129364014,812.7999877929688,21.262001037597656,0.9,2.49
2007-12-26,18.65999984741211,1497.6600341796875,5.6820969581604,826.0,21.357839584350586,0.98,2.49
2007-12-27,20.260000228881836,1476.27001953125,5.704739093780518,828.5999755859375,21.172561645507812,1.04,2.52
2007-12-28,20.739999771118164,1478.489990234375,5.733032703399658,839.5999755859375,21.236452102661133,0.93,2.51
2007-12-31,22.5,1468.3599853515625,5.773956775665283,834.9000244140625,21.181447982788086,0.68,2.52
2008-01-02,23.170000076293945,1447.1600341796875,5.808056354522705,857.0,20.964008331298828,0.65,2.54
2008-01-03,22.489999771118164,1447.1600341796875,5.808056354522705,866.4000244140625,21.002376556396484,0.67,2.57
2008-01-04,23.940000534057617,1411.6300048828125,5.825098037719727,863.0999755859375,20.625049591064453,0.68,2.59
2008-01-07,23.790000915527344,1416.1800537109375,5.825098037719727,859.5999755859375,20.63783836364746,0.59,2.6
2008-01-08,25.43000030517578,1390.18994140625,5.825098037719727,878.0,20.59307098388672,0.61,2.63
2008-01-09,24.1200008392334,1409.1300048828125,5.83078145980835,879.5,21.098310470581055,0.6,2.67
2008-01-10,23.450000762939453,1420.3299560546875,5.808056354522705,891.7000122070312,21.06632423400879,0.67,2.73
2008-01-11,23.68000030517578,1401.02001953125,5.836468696594238,896.0999755859375,20.720996856689453,0.73,2.77
2008-01-14,22.899999618530273,1416.25,5.836468696594238,901.5999755859375,20.932029724121094,0.62,2.76
2008-01-15,23.34000015258789,1380.949951171875,5.853518009185791,901.0,20.196565628051758,0.55,2.78
2008-01-16,24.3799991607666,1373.199951171875,5.84783411026001,880.5999755859375,19.582612991333008,0.6,2.77
2008-01-17,28.459999084472656,1333.25,5.864882946014404,879.5,19.019821166992188,0.59,2.81
2008-01-18,27.18000030517578,1325.18994140625,5.859201908111572,880.7999877929688,19.250051498413086,0.8,2.87
2008-01-22,31.010000228881836,1310.5,5.893296718597412,889.5999755859375,18.329105377197266,1.17,2.98
2008-01-23,29.020000457763672,1338.5999755859375,5.870560646057129,882.5,18.335506439208984,1.3,2.95
2008-01-24,27.780000686645508,1352.0699462890625,5.842146873474121,905.5,18.70644187927246,1.31,2.95
2008-01-25,29.079999923706055,1330.6099853515625,5.859201908111572,910.5,18.68086051940918,1.31,2.95
2008-01-28,27.780000686645508,1353.9599609375,5.864882946014404,927.0999755859375,18.834352493286133,1.27,2.97
2008-01-29,27.31999969482422,1362.300048828125,5.84783411026001,925.0999755859375,18.911094665527344,1.41,2.94
2008-01-30,27.6200008392334,1355.81005859375,5.842146873474121,920.5999755859375,18.65528106689453,1.57,2.94
2008-01-31,26.200000762939453,1378.550048828125,5.877532958984375,922.7000122070312,18.856332778930664,1.71,2.96
2008-02-01,24.020000457763672,1395.4200439453125,5.883234977722168,908.7000122070312,19.336538314819336,1.52,2.98
2008-02-04,25.989999771118164,1380.8199462890625,5.871825695037842,904.9000244140625,19.490209579467773,1.41,2.98
2008-02-05,28.239999771118164,1336.6400146484375,5.888942241668701,885.9000244140625,18.894752502441406,1.42,3.01
2008-02-06,28.969999313354492,1326.449951171875,5.877532958984375,900.7000122070312,18.60661506652832,1.51,3.05
2008-02-07,27.65999984741211,1336.9100341796875,5.848995685577393,906.0999755859375,18.664241790771484,1.57,3.06
2008-02-08,28.010000228881836,1331.2900390625,5.860414028167725,918.4000244140625,18.497770309448242,1.41,3.09
2008-02-11,27.600000381469727,1339.1300048828125,5.866114139556885,922.9000244140625,18.625823974609375,1.31,3.09
2008-02-12,26.329999923706055,1348.8599853515625,5.848995685577393,907.4000244140625,18.958778381347656,1.35,3.11
2008-02-13,24.8799991607666,1367.2099609375,5.837583065032959,906.5,19.221290588378906,1.42,3.11
2008-02-14,25.540000915527344,1348.8599853515625,5.803349494934082,907.4000244140625,19.266111373901367,1.54,3.1
2008-02-15,25.020000457763672,1349.989990234375,5.814764022827148,902.7999877929688,19.40056800842285,1.55,3.14
2008-02-19,25.59000015258789,1348.780029296875,5.774816989898682,926.5999755859375,19.65668487548828,1.61,3.07
2008-02-20,24.399999618530273,1360.030029296875,5.763402462005615,934.5999755859375,19.72071647644043,1.68,3.03
2008-02-21,25.1200008392334,1342.530029296875,5.803349494934082,946.0999755859375,19.59905242919922,1.57,3.1
2008-02-22,24.059999465942383,1353.1099853515625,5.791936874389648,944.7000122070312,19.816753387451172,1.59,3.12
2008-02-25,23.030000686645508,1371.800048828125,5.763402462005615,937.5999755859375,20.04085350036621,1.71,3.08
2008-02-26,21.899999618530273,1381.2900390625,5.769110679626465,946.0999755859375,20.271352767944336,1.74,3.1
2008-02-27,22.690000534057617,1380.02001953125,5.786229610443115,958.2000122070312,20.44423484802246,1.87,3.11
2008-02-28,23.530000686645508,1367.6800537109375,5.8204665184021,964.5,20.335384368896484,1.81,3.17
2008-02-29,26.540000915527344,1330.6300048828125,5.883481979370117,972.0999755859375,19.75465965270996,1.68,3.22
2008-03-03,26.280000686645508,1331.3399658203125,5.872025012969971,981.5,19.76107406616211,1.84,3.22
2008-03-04,25.520000457763672,1326.75,5.837650299072266,963.9000244140625,19.446996688842773,1.97,3.19
2008-03-05,24.600000381469727,1333.699951171875,5.809004783630371,986.2000122070312,19.65851593017578,2.17,3.26
2008-03-06,27.549999237060547,1304.3399658203125,5.797550201416016,975.0,19.24829864501953,2.23,3.35
2008-03-07,27.489999771118164,1293.3699951171875,5.814736366271973,972.2000122070312,19.03036880493164,2.11,3.39
2008-03-10,29.3799991607666,1273.3699951171875,5.831921577453613,969.9000244140625,18.59450912475586,2.11,3.43
2008-03-11,26.360000610351562,1320.6500244140625,5.797550201416016,974.2000122070312,19.59442138671875,2.12,3.39
2008-03-12,27.219999313354492,1308.77001953125,5.854840278625488,978.7999877929688,19.286760330200195,2.01,3.39
2008-03-13,27.290000915527344,1315.47998046875,5.826193332672119,992.2999877929688,19.139333724975586,2.21,3.39
2008-03-14,31.15999984741211,1288.1400146484375,5.8491106033325195,998.2000122070312,18.568870544433594,2.26,3.42
2008-03-17,32.2400016784668,1276.5999755859375,5.889209747314453,1001.4000244140625,18.03045654296875,2.23,3.5
2008-03-18,25.790000915527344,1330.739990234375,5.860564231872559,1003.2000122070312,18.697065353393555,2.56,3.39
2008-03-19,29.84000015258789,1298.4200439453125,5.883481979370117,944.7000122070312,17.908666610717773,2.77,3.44
2008-03-20,26.6200008392334,1329.510009765625,5.8949384689331055,919.5999755859375,18.17147445678711,2.71,3.42
2008-03-24,25.729999542236328,1349.8800048828125,5.837650299072266,918.2999877929688,18.60733413696289,2.32,3.34
2008-03-25,25.719999313354492,1352.989990234375,5.860564231872559,934.5999755859375,18.998323440551758,2.22,3.39
2008-03-26,26.079999923706055,1341.1300048828125,5.866296291351318,949.0,18.947046279907227,2.22,3.41
2008-03-27,25.8799991607666,1325.760009765625,5.8491106033325195,948.7999877929688,18.908588409423828,2.26,3.41
2008-03-28,25.709999084472656,1315.219970703125,5.866296291351318,930.5999755859375,18.902175903320312,2.14,3.47
2008-03-31,25.610000610351562,1322.699951171875,5.9013848304748535,916.2000122070312,19.02665901184082,2.07,3.45
2008-04-01,22.68000030517578,1370.1800537109375,5.872625827789307,882.9000244140625,19.572114944458008,2.17,3.43
2008-04-02,23.43000030517578,1367.530029296875,5.8611159324646,895.2000122070312,19.59136390686035,2.19,3.4
2008-04-03,23.209999084472656,1369.31005859375,5.8611159324646,905.0,19.694047927856445,2.21,3.38
2008-04-04,22.450000762939453,1370.4000244140625,5.895631313323975,909.0,19.694047927856445,2.15,3.4
2008-04-07,22.420000076293945,1372.5400390625,5.884124755859375,922.7000122070312,19.892976760864258,2.12,3.37
2008-04-08,22.360000610351562,1365.5400390625,5.884124755859375,914.0,19.85447120666504,2.17,3.37
2008-04-09,22.809999465942383,1354.489990234375,5.907135963439941,933.5999755859375,19.694047927856445,2.18,3.38
2008-04-10,21.979999542236328,1360.550048828125,5.889878273010254,928.2999877929688,19.950725555419922,2.28,3.35
2008-04-11,23.459999084472656,1332.8299560546875,5.907135963439941,923.5999755859375,19.681201934814453,2.3,3.38
2008-04-14,23.81999969482422,1328.3199462890625,5.895631313323975,925.4000244140625,19.64912986755371,2.45,3.39
2008-04-15,22.780000686645508,1334.4300537109375,5.872625827789307,928.7000122070312,19.84163475036621,2.5,3.39
2008-04-16,20.530000686645508,1364.7099609375,5.838111400604248,945.0999755859375,20.303667068481445,2.6,3.39
2008-04-17,20.3700008392334,1365.56005859375,5.826605319976807,939.7999877929688,20.220239639282227,2.52,3.34
2008-04-18,20.1299991607666,1390.3299560546875,5.838111400604248,912.2000122070312,20.406347274780273,2.42,3.26
2008-04-21,20.5,1388.1700439453125,5.855361461639404,914.7000122070312,20.483346939086914,2.41,3.22
2008-04-22,20.8700008392334,1375.93994140625,5.855361461639404,922.2999877929688,20.432003021240234,2.47,3.21
2008-04-23,20.260000228881836,1379.9300537109375,5.84961462020874,906.2000122070312,20.56035614013672,2.51,3.18
2008-04-24,20.059999465942383,1388.8199462890625,5.826605319976807,886.7999877929688,20.579601287841797,2.61,3.13
2008-04-25,19.59000015258789,1397.8399658203125,5.820856094360352,887.2000122070312,20.57318687438965,2.57,3.14
2008-04-28,19.639999389648438,1396.3699951171875,5.8323588371276855,892.9000244140625,20.56035614013672,2.43,3.11
2008-04-29,20.239999771118164,1390.93994140625,5.838111400604248,874.2000122070312,20.265159606933594,2.39,3.11
2008-04-30,20.790000915527344,1385.5899658203125,5.877947807312012,862.7999877929688,20.58892822265625,2.34,3.1
2008-05-01,18.8799991607666,1409.3399658203125,5.889498710632324,848.9000244140625,20.75595474243164,2.33,3.04
2008-05-02,18.18000030517578,1413.9000244140625,5.872176647186279,856.0999755859375,20.903715133666992,2.39,2.97
2008-05-05,18.899999618530273,1407.489990234375,5.872176647186279,872.2999877929688,20.88443374633789,2.35,3.01
2008-05-06,18.209999084472656,1418.260009765625,5.860631465911865,876.0,21.07716178894043,2.3,3.01
2008-05-07,19.729999542236328,1392.5699462890625,5.872176647186279,869.5999755859375,20.556806564331055,2.2,3.05
2008-05-08,19.399999618530273,1397.6800537109375,5.889498710632324,880.5999755859375,20.659589767456055,2.13,3.08
2008-05-09,19.40999984741211,1388.280029296875,5.8952789306640625,884.5,20.582517623901367,2.08,3.07
2008-05-12,17.790000915527344,1403.5799560546875,5.883723735809326,883.7000122070312,20.7688045501709,2.01,3.06
2008-05-13,17.979999542236328,1403.0400390625,5.849080562591553,868.5,20.839475631713867,2.07,3.04
2008-05-14,17.65999984741211,1408.6600341796875,5.849080562591553,865.4000244140625,20.88443374633789,2.1,3.06
2008-05-15,16.299999237060547,1423.5699462890625,5.877947807312012,879.0,21.30199432373047,2.0,3.08
2008-05-16,16.469999313354492,1425.3499755859375,5.877947807312012,899.0,21.520416259765625,2.01,3.06
2008-05-19,17.010000228881836,1426.6300048828125,5.883723735809326,905.0,21.584653854370117,2.01,3.07
2008-05-20,17.579999923706055,1413.4000244140625,5.8952789306640625,919.5,21.224910736083984,1.92,3.08
2008-05-21,18.59000015258789,1390.7099609375,5.883723735809326,928.0,21.038616180419922,1.95,3.08
2008-05-22,18.049999237060547,1394.3499755859375,5.854856014251709,917.9000244140625,21.10927963256836,2.06,3.06
2008-05-23,19.549999237060547,1375.9300537109375,5.872176647186279,925.5999755859375,20.762380599975586,1.99,3.06
2008-05-27,19.639999389648438,1385.3499755859375,5.849080562591553,907.7000122070312,20.659589767456055,2.04,3.08
2008-05-28,19.06999969482422,1390.8399658203125,5.820208549499512,900.5,20.80092430114746,2.14,3.03
2008-05-29,18.139999389648438,1398.260009765625,5.802888870239258,877.2000122070312,20.86516761779785,2.18,3.04
2008-05-30,17.829999923706055,1400.3800048828125,5.837671756744385,887.2999877929688,20.98349380493164,2.17,3.0
2008-06-02,19.829999923706055,1385.6700439453125,5.855060577392578,892.9000244140625,20.84844398498535,2.13,3.05
2008-06-03,20.239999771118164,1377.6500244140625,5.872453212738037,881.5999755859375,20.53333282470703,2.07,3.03
2008-06-04,20.799999237060547,1377.199951171875,5.849267959594727,879.9000244140625,20.29539680480957,2.14,3.04
2008-06-05,18.6299991607666,1404.050048828125,5.831876754760742,871.7999877929688,20.713401794433594,2.21,3.01
2008-06-06,23.559999465942383,1360.6800537109375,5.855060577392578,895.4000244140625,20.12820816040039,2.09,3.04
2008-06-09,23.1200008392334,1361.760009765625,5.826076984405518,894.7000122070312,20.096054077148438,2.13,2.94
2008-06-10,23.18000030517578,1358.43994140625,5.7855000495910645,867.9000244140625,19.703771591186523,2.09,2.94
2008-06-11,24.1200008392334,1335.489990234375,5.797089099884033,879.7000122070312,19.401531219482422,2.14,2.97
2008-06-12,23.329999923706055,1339.8699951171875,5.762308597564697,869.2000122070312,19.440113067626953,2.23,2.9
2008-06-13,21.219999313354492,1360.030029296875,5.75071382522583,870.2999877929688,19.575159072875977,2.28,2.9
2008-06-16,20.950000762939453,1360.1400146484375,5.75071382522583,883.5999755859375,19.63947296142578,2.18,2.92
2008-06-17,21.1299991607666,1350.9300537109375,5.762308597564697,884.2999877929688,19.74878692626953,2.24,2.94
2008-06-18,22.239999771118164,1337.81005859375,5.7912983894348145,890.9000244140625,19.652332305908203,2.23,2.95
2008-06-19,21.579999923706055,1342.8299560546875,5.773900985717773,901.7000122070312,19.62017059326172,2.31,2.92
2008-06-20,22.8700008392334,1317.9300537109375,5.779702663421631,901.2999877929688,19.079998016357422,2.29,2.95
2008-06-23,22.639999389648438,1318.0,5.773900985717773,884.7999877929688,19.047847747802734,2.32,2.93
2008-06-24,22.420000076293945,1314.2900390625,5.7855000495910645,889.2000122070312,18.89992904663086,2.27,2.98
2008-06-25,21.139999389648438,1321.969970703125,5.7855000495910645,880.0,19.24076271057129,2.31,2.96
2008-06-26,23.93000030517578,1283.1500244140625,5.802889823913574,913.0999755859375,18.790607452392578,2.33,3.0
2008-06-27,23.440000534057617,1278.3800048828125,5.814484596252441,929.2999877929688,18.797035217285156,2.31,3.04
2008-06-30,23.950000762939453,1280.0,5.837182521820068,926.2000122070312,18.831165313720703,2.09,3.05
2008-07-01,23.649999618530273,1284.9100341796875,5.825541973114014,942.5,18.605833053588867,2.14,3.06
2008-07-02,25.920000076293945,1261.52001953125,5.825541973114014,944.7999877929688,18.12298583984375,2.17,3.05
2008-07-03,24.780000686645508,1262.9000244140625,5.819716453552246,931.9000244140625,18.000656127929688,2.15,3.08
2008-07-07,25.780000686645508,1252.31005859375,5.831359386444092,927.2999877929688,17.94271469116211,2.08,3.1
2008-07-08,23.149999618530273,1273.699951171875,5.848819732666016,921.9000244140625,18.007099151611328,2.05,3.11
2008-07-09,25.229999542236328,1244.68994140625,5.86627721786499,927.2999877929688,17.79464340209961,2.03,3.14
2008-07-10,25.59000015258789,1253.3900146484375,5.86627721786499,940.9000244140625,18.09722900390625,2.16,3.17
2008-07-11,27.489999771118164,1239.489990234375,5.837182521820068,959.5,18.04572105407715,2.34,3.15
2008-07-14,28.479999542236328,1228.300048828125,5.854641914367676,972.7000122070312,17.987791061401367,2.38,3.16
2008-07-15,28.540000915527344,1214.9100341796875,5.854641914367676,977.7000122070312,17.62725257873535,2.48,3.22
2008-07-16,25.100000381469727,1245.3599853515625,5.819716453552246,961.7999877929688,17.94271469116211,2.6,3.24
2008-07-17,25.010000228881836,1260.3199462890625,5.784802436828613,970.0,18.09722900390625,2.64,3.2
2008-07-18,24.049999237060547,1260.6800537109375,5.767347812652588,957.2999877929688,17.94271469116211,2.63,3.17
2008-07-21,23.049999237060547,1260.0,5.773162841796875,963.0999755859375,18.155168533325195,2.61,3.18
2008-07-22,21.18000030517578,1277.0,5.76152229309082,948.0,18.23242950439453,2.59,3.13
2008-07-23,21.309999465942383,1282.18994140625,5.76152229309082,922.4000244140625,18.335437774658203,2.57,3.14
2008-07-24,23.440000534057617,1252.5400390625,5.796440124511719,922.0,17.949153900146484,2.38,3.19
2008-07-25,22.90999984741211,1257.760009765625,5.767347812652588,926.5999755859375,17.865459442138672,2.38,3.17
2008-07-28,24.229999542236328,1234.3699951171875,5.796440124511719,927.5999755859375,17.691638946533203,2.33,3.16
2008-07-29,22.030000686645508,1263.199951171875,5.784802436828613,916.4000244140625,17.91053581237793,2.37,3.13
2008-07-30,21.209999084472656,1284.260009765625,5.790627479553223,902.9000244140625,18.27749252319336,2.37,3.17
2008-07-31,22.940000534057617,1267.3800048828125,5.8373703956604,913.9000244140625,18.067358016967773,2.31,3.22
2008-08-01,22.56999969482422,1260.31005859375,5.831525802612305,909.0,17.95778465270996,2.31,3.21
2008-08-04,23.489999771118164,1249.010009765625,5.81983757019043,900.0999755859375,17.545259475708008,2.23,3.22
2008-08-05,21.139999389648438,1284.8800048828125,5.80815315246582,878.5999755859375,17.667728424072266,2.29,3.2
2008-08-06,20.229999542236328,1289.18994140625,5.790628910064697,875.5999755859375,17.83531379699707,2.42,3.24
2008-08-07,21.149999618530273,1266.0699462890625,5.81983757019043,870.7000122070312,17.467912673950195,2.26,3.25
2008-08-08,20.65999984741211,1296.3199462890625,5.82568359375,857.7999877929688,17.47435188293457,2.24,3.23
2008-08-11,20.1200008392334,1305.3199462890625,5.802309513092041,821.5,17.351879119873047,2.12,3.24
2008-08-12,21.170000076293945,1289.5899658203125,5.82568359375,808.2000122070312,17.100502014160156,2.05,3.26
2008-08-13,21.549999237060547,1285.8299560546875,5.813994407653809,825.0,17.08116912841797,2.09,3.25
2008-08-14,20.34000015258789,1292.9300537109375,5.82568359375,808.2000122070312,17.203632354736328,2.0,3.26
2008-08-15,19.579999923706055,1298.199951171875,5.843212604522705,786.0,17.003820419311523,1.99,3.27
2008-08-18,20.979999542236328,1278.5999755859375,5.843212604522705,799.7000122070312,16.675090789794922,2.0,3.26
2008-08-19,21.280000686645508,1266.68994140625,5.843212604522705,811.0999755859375,16.481714248657227,2.03,3.28
2008-08-20,20.420000076293945,1274.5400390625,5.86658239364624,810.2999877929688,16.86201286315918,2.08,3.31
2008-08-21,19.81999969482422,1277.719970703125,5.84905481338501,833.0,16.842668533325195,2.12,3.28
2008-08-22,18.809999465942383,1292.199951171875,5.8373703956604,827.4000244140625,16.836227416992188,2.17,3.27
2008-08-25,20.969999313354492,1266.8399658203125,5.854897975921631,819.7999877929688,16.520383834838867,2.05,3.3
2008-08-26,20.489999771118164,1271.510009765625,5.860743522644043,822.2000122070312,16.475271224975586,2.08,3.31
2008-08-27,19.760000228881836,1281.6600341796875,5.86658239364624,828.0999755859375,16.784666061401367,2.1,3.3
2008-08-28,19.43000030517578,1300.6800537109375,5.860743522644043,830.9000244140625,16.868459701538086,2.05,3.29
2008-08-29,20.649999618530273,1282.8299560546875,5.878340244293213,829.2999877929688,16.683237075805664,2.11,3.29
2008-09-02,21.989999771118164,1277.5799560546875,5.895939826965332,805.0,16.199195861816406,2.02,3.33
2008-09-03,21.43000030517578,1274.97998046875,5.907675266265869,802.7000122070312,15.960397720336914,2.01,3.32
2008-09-04,24.030000686645508,1236.8299560546875,5.925272464752197,797.9000244140625,15.366647720336914,1.95,3.37
2008-09-05,23.059999465942383,1242.31005859375,5.913540363311768,797.5999755859375,15.411818504333496,1.98,3.37
2008-09-08,22.639999389648438,1267.7900390625,5.960474491119385,797.5,15.766791343688965,1.95,3.37
2008-09-09,25.469999313354492,1224.510009765625,5.966341495513916,787.0999755859375,14.869701385498047,1.96,3.35
2008-09-10,24.520000457763672,1232.0400390625,5.954607009887695,757.9000244140625,15.063313484191895,2.0,3.37
2008-09-11,24.389999389648438,1249.050048828125,5.954607009887695,741.2999877929688,14.882603645324707,2.03,3.41
2008-09-12,25.65999984741211,1251.699951171875,5.925272464752197,760.2999877929688,15.108490943908691,2.25,3.43
2008-09-15,31.700000762939453,1192.699951171875,5.954607009887695,783.0999755859375,14.237214088439941,2.45,3.66
2008-09-16,30.299999237060547,1213.5999755859375,5.919407367706299,776.5,14.004881858825684,2.64,3.68
2008-09-17,36.220001220703125,1156.3900146484375,5.919407367706299,846.5999755859375,13.185242652893066,3.38,3.84
2008-09-18,33.099998474121094,1206.510009765625,5.890073299407959,892.7000122070312,13.804808616638184,3.31,3.79
2008-09-19,32.06999969482422,1255.0799560546875,5.843137741088867,860.5999755859375,14.992315292358398,2.79,3.77
2008-09-22,33.849998474121094,1207.0899658203125,5.837273597717285,903.9000244140625,14.785796165466309,2.55,3.78
2008-09-23,35.720001220703125,1188.219970703125,5.831409454345703,885.5,14.36629581451416,3.05,3.77
2008-09-24,35.189998626708984,1185.8699951171875,5.837273597717285,889.0,14.46955680847168,3.31,3.78
2008-09-25,32.81999969482422,1209.1800537109375,5.8138108253479,877.7000122070312,14.889057159423828,3.12,3.86
2008-09-26,34.7400016784668,1213.27001953125,5.802069664001465,882.9000244140625,14.630906105041504,2.98,3.88
2008-09-29,46.720001220703125,1106.4200439453125,5.860742568969727,888.2000122070312,13.043256759643555,2.67,4.01
2008-09-30,39.38999938964844,1166.3599853515625,5.813035011291504,874.2000122070312,13.9961576461792,2.93,4.0
2008-10-01,39.810001373291016,1161.06005859375,5.830703258514404,880.7000122070312,13.90565013885498,2.92,4.1
2008-10-02,45.2599983215332,1114.280029296875,5.842483043670654,839.0,13.032906532287598,3.03,4.31
2008-10-03,45.13999938964844,1099.22998046875,5.848372459411621,828.9000244140625,12.7355375289917,3.12,4.35
2008-10-06,52.04999923706055,1056.8900146484375,5.877822399139404,862.7000122070312,11.636528968811035,2.94,4.43
2008-10-07,53.68000030517578,996.22998046875,5.866039276123047,878.4000244140625,11.022377014160156,2.68,4.55
2008-10-08,57.529998779296875,984.9400024414062,5.813035011291504,903.0999755859375,10.802577018737793,3.04,4.49
2008-10-09,63.91999816894531,909.9199829101562,5.771807670593262,883.0999755859375,10.253074645996094,3.24,4.48
2008-10-10,69.94999694824219,899.219970703125,5.7364702224731445,855.4000244140625,10.233677864074707,3.64,4.86
2008-10-13,54.9900016784668,1003.3499755859375,5.695242881774902,838.9000244140625,11.73349380493164,3.64,4.86
2008-10-14,55.130001068115234,998.010009765625,5.701135635375977,836.2999877929688,11.617134094238281,3.74,4.78
2008-10-15,69.25,907.8400268554688,5.7129130363464355,835.5,10.240142822265625,3.82,4.94
2008-10-16,67.61000061035156,946.4299926757812,5.7129130363464355,801.5,10.5245943069458,3.53,5.09
2008-10-17,70.33000183105469,940.5499877929688,5.695242881774902,785.0999755859375,10.09145736694336,3.15,5.45
2008-10-20,52.970001220703125,985.4000244140625,5.724691390991211,787.5999755859375,10.589239120483398,2.67,5.52
2008-10-21,53.11000061035156,955.0499877929688,5.748256206512451,766.0999755859375,10.039739608764648,2.66,5.6
2008-10-22,69.6500015258789,896.780029296875,5.765917778015137,733.2999877929688,9.082958221435547,2.6,5.6
2008-10-23,67.80000305175781,908.1099853515625,5.748256206512451,713.2999877929688,9.03123664855957,2.65,5.48
2008-10-24,79.12999725341797,876.77001953125,5.7129130363464355,729.0999755859375,8.294256210327148,2.87,5.54
2008-10-27,80.05999755859375,848.9199829101562,5.689352035522461,741.7000122070312,7.9516282081604,2.95,5.6
2008-10-28,66.95999908447266,940.510009765625,5.665794849395752,739.2999877929688,9.005377769470215,3.12,5.59
2008-10-29,69.95999908447266,930.0900268554688,5.659906387329102,752.7999877929688,9.03123664855957,3.31,5.58
2008-10-30,62.900001525878906,954.0900268554688,5.642238140106201,737.2000122070312,9.994486808776855,3.59,5.52
2008-10-31,59.88999938964844,968.75,5.665898323059082,716.7999877929688,10.146092414855957,3.55,5.53
2008-11-03,53.68000030517578,966.2999877929688,5.689547538757324,725.4000244140625,10.321029663085938,3.47,5.53
2008-11-04,47.72999954223633,1005.75,5.748691558837891,756.0,10.92357063293457,3.33,5.56
2008-11-05,54.560001373291016,952.77001953125,5.7664384841918945,741.2999877929688,10.256235122680664,3.33,5.53
2008-11-06,63.68000030517578,904.8800048828125,5.7664384841918945,731.2000122070312,9.478758811950684,3.43,5.5
2008-11-07,56.099998474121094,930.989990234375,5.754610538482666,733.2000122070312,10.061863899230957,3.52,5.45
2008-11-10,59.97999954223633,919.2100219726562,5.754610538482666,745.5999755859375,10.081303596496582,3.53,5.4
2008-11-11,61.439998626708984,898.9500122070312,5.754610538482666,732.0,9.647210121154785,3.53,5.4
2008-11-12,66.45999908447266,852.2999877929688,5.784181118011475,717.7000122070312,9.031705856323242,3.57,5.41
2008-11-13,59.83000183105469,911.2899780273438,5.748691558837891,704.9000244140625,9.653692245483398,3.62,5.54
2008-11-14,66.30999755859375,873.2899780273438,5.754610538482666,742.4000244140625,9.239038467407227,3.57,5.56
2008-11-17,69.1500015258789,850.75,5.760519981384277,741.9000244140625,9.07058334350586,3.56,5.58
2008-11-18,67.63999938964844,859.1199951171875,5.778268337249756,732.5999755859375,8.83085823059082,3.41,5.71
2008-11-19,74.26000213623047,806.5800170898438,5.778268337249756,735.9000244140625,8.293106079101562,3.31,5.73
2008-11-20,80.86000061035156,752.4400024414062,5.8137526512146,748.5999755859375,7.846049785614014,3.07,5.92
2008-11-21,72.66999816894531,800.030029296875,5.772353649139404,791.7000122070312,8.435640335083008,3.18,5.88
2008-11-24,64.69999694824219,851.8099975585938,5.742780685424805,819.4000244140625,8.876211166381836,3.22,5.86
2008-11-25,60.900001525878906,857.3900146484375,5.825579643249512,818.4000244140625,8.863251686096191,3.01,6.01
2008-11-26,54.91999816894531,887.6799926757812,5.8314971923828125,808.5,9.355655670166016,2.94,6.06
2008-11-28,55.279998779296875,896.239990234375,5.872461318969727,816.2000122070312,9.37124252319336,2.92,6.1
2008-12-01,68.51000213623047,816.2100219726562,5.9080939292907715,774.5999755859375,8.708826065063477,2.65,6.12
2008-12-02,62.97999954223633,848.8099975585938,5.9080939292907715,781.2999877929688,8.975090980529785,2.62,6.11
2008-12-03,60.720001220703125,870.739990234375,5.9080939292907715,768.7999877929688,9.001069068908691,2.65,6.13
2008-12-04,63.63999938964844,845.219970703125,5.919968605041504,763.7999877929688,8.741294860839844,2.53,6.16
2008-12-05,59.93000030517578,876.0700073242188,5.8902788162231445,750.5,9.066010475158691,2.65,6.07
2008-12-08,58.4900016784668,909.7000122070312,5.896213531494141,767.4000244140625,9.579059600830078,2.74,6.02
2008-12-09,58.90999984741211,888.6699829101562,5.914026737213135,772.4000244140625,9.48164176940918,2.64,6.06
2008-12-10,55.72999954223633,899.239990234375,5.925907135009766,807.0999755859375,9.98169994354248,2.69,6.01
2008-12-11,55.779998779296875,873.5900268554688,5.943718433380127,824.9000244140625,9.942739486694336,2.63,6.07
2008-12-12,54.279998779296875,879.72998046875,5.9496564865112305,818.9000244140625,9.929752349853516,2.58,6.08
2008-12-15,56.7599983215332,868.5700073242188,5.961535453796387,835.4000244140625,9.890785217285156,2.5,6.1
2008-12-16,52.369998931884766,913.1799926757812,6.003094673156738,841.7000122070312,10.442794799804688,2.33,6.11
2008-12-17,49.84000015258789,904.4199829101562,6.026848793029785,867.5,10.377854347229004,2.15,6.02
2008-12-18,47.34000015258789,885.280029296875,6.050599098205566,859.5999755859375,10.247970581054688,2.08,6.03
2008-12-19,44.93000030517578,887.8800048828125,6.050599098205566,836.4000244140625,10.247970581054688,2.11,5.94
2008-12-22,44.560001373291016,871.6300048828125,6.038724899291992,846.2000122070312,9.942739486694336,2.15,5.93
2008-12-23,45.02000045776367,863.1599731445312,6.038724899291992,837.2000122070312,9.306296348571777,2.16,5.94
2008-12-24,44.209999084472656,868.1500244140625,6.038724899291992,847.0999755859375,9.351759910583496,2.2,5.9
2008-12-26,43.380001068115234,872.7999877929688,6.050599098205566,870.4000244140625,9.37124252319336,2.13,5.9
2008-12-29,43.900001525878906,869.4199829101562,6.056534290313721,874.5999755859375,9.423197746276855,2.07,5.92
2008-12-30,41.630001068115234,890.6400146484375,6.062475681304932,869.2999877929688,9.644003868103027,2.01,5.86
2008-12-31,40.0,903.25,6.067836284637451,883.5999755859375,9.698027610778809,2.14,5.82
2009-01-02,39.189998626708984,931.7999877929688,6.038029670715332,878.7999877929688,10.082043647766113,2.38,5.72
2009-01-05,39.08000183105469,927.4500122070312,6.038029670715332,857.2000122070312,10.29031753540039,2.35,5.82
2009-01-06,38.560001373291016,934.7000122070312,6.061879634857178,865.4000244140625,10.472562789916992,2.37,5.77
2009-01-07,43.38999938964844,906.6500244140625,6.067836284637451,841.0999755859375,10.010442733764648,2.41,5.71
2009-01-08,42.560001373291016,909.72998046875,6.0797576904296875,853.9000244140625,9.860742568969727,2.38,5.71
2009-01-09,42.81999969482422,890.3499755859375,6.091682434082031,854.2999877929688,9.685009956359863,2.36,5.72
2009-01-12,45.84000015258789,870.260009765625,6.103604316711426,820.2999877929688,9.294485092163086,2.22,5.71
2009-01-13,43.27000045776367,871.7899780273438,6.103604316711426,820.0999755859375,9.32702350616455,2.22,5.72
2009-01-14,49.13999938964844,842.6199951171875,6.115522861480713,808.2000122070312,9.047150611877441,2.12,5.68
2009-01-15,51.0,843.739990234375,6.109560966491699,806.7000122070312,9.014608383178711,2.12,5.68
2009-01-16,46.11000061035156,850.1199951171875,6.0976386070251465,839.2999877929688,9.099218368530273,2.24,5.55
2009-01-20,56.650001525878906,805.219970703125,6.073800086975098,854.5999755859375,8.572013854980469,2.27,5.55
2009-01-21,46.41999816894531,840.239990234375,6.038029670715332,849.5999755859375,8.923484802246094,2.45,5.58
2009-01-22,47.290000915527344,827.5,6.032074451446533,858.2000122070312,8.708693504333496,2.52,5.62
2009-01-23,47.27000045776367,831.9500122070312,6.026113033294678,895.2999877929688,8.702181816101074,2.54,5.63
2009-01-26,45.689998626708984,836.5700073242188,6.026113033294678,908.5,8.819345474243164,2.56,5.6
2009-01-27,42.25,845.7100219726562,6.049958229064941,899.2000122070312,8.910463333129883,2.46,5.47
2009-01-28,39.65999984741211,874.0900268554688,6.026113033294678,888.0999755859375,9.261937141418457,2.52,5.49
2009-01-29,42.630001068115234,845.1400146484375,6.0022711753845215,905.0999755859375,8.962536811828613,2.64,5.41
2009-01-30,44.84000015258789,825.8800048828125,6.025606155395508,927.2999877929688,8.925347328186035,2.63,5.38
2009-02-02,45.52000045776367,825.4400024414062,6.049543380737305,906.7000122070312,8.847053527832031,2.49,5.33
2009-02-03,43.060001373291016,838.510009765625,6.025606155395508,892.0,9.010167121887207,2.57,5.32
2009-02-04,43.849998474121094,832.22998046875,6.013642311096191,901.5999755859375,9.075410842895508,2.65,5.29
2009-02-05,43.72999954223633,845.8499755859375,6.019628524780273,913.5999755859375,9.245043754577637,2.66,5.23
2009-02-06,43.369998931884766,868.5999755859375,6.007656574249268,913.9000244140625,9.636502265930176,2.77,5.13
2009-02-09,43.63999938964844,869.8900146484375,6.007656574249268,892.4000244140625,9.64302921295166,2.75,5.09
2009-02-10,46.66999816894531,827.1599731445312,6.04356050491333,913.7000122070312,9.316812515258789,2.59,5.08
2009-02-11,44.529998779296875,833.739990234375,6.061507225036621,943.7999877929688,9.40815258026123,2.48,5.1
2009-02-12,41.25,835.1900024414062,6.055531024932861,948.5,9.297236442565918,2.46,5.16
2009-02-13,42.93000030517578,826.8400268554688,6.031593322753906,941.5,9.395101547241211,2.6,5.24
2009-02-17,48.65999984741211,789.1699829101562,6.061507225036621,967.0,8.742661476135254,2.32,5.28
2009-02-18,48.459999084472656,788.4199829101562,6.04356050491333,977.7000122070312,8.755717277526855,2.43,5.21
2009-02-19,47.08000183105469,778.9400024414062,6.019628524780273,976.0999755859375,8.762238502502441,2.55,5.27
2009-02-20,49.29999923706055,770.0499877929688,6.031593322753906,1001.7999877929688,8.553459167480469,2.51,5.25
2009-02-23,52.619998931884766,743.3300170898438,6.025606155395508,994.5999755859375,8.449066162109375,2.49,5.24
2009-02-24,45.4900016784668,773.1400146484375,6.019628524780273,969.0999755859375,8.657849311828613,2.48,5.23
2009-02-25,44.66999816894531,764.9000244140625,5.989706993103027,965.7000122070312,8.586079597473145,2.65,5.18
2009-02-26,44.65999984741211,752.8300170898438,5.989706993103027,941.7999877929688,8.514309883117676,2.71,5.23
2009-02-27,46.349998474121094,735.0900268554688,5.999918460845947,941.5,8.40443229675293,2.76,5.22
2009-03-02,52.650001525878906,700.8200073242188,6.0239410400390625,939.0,7.946601390838623,2.63,5.29
2009-03-03,50.93000030517578,696.3300170898438,6.017934799194336,912.9000244140625,8.044711112976074,2.66,5.34
2009-03-04,47.560001373291016,712.8699951171875,5.993907451629639,906.0,8.482918739318848,2.75,5.31
2009-03-05,50.16999816894531,682.5499877929688,6.0239410400390625,927.0,8.201680183410645,2.63,5.34
2009-03-06,49.33000183105469,683.3800048828125,6.011931419372559,942.0999755859375,8.306327819824219,2.62,5.35
2009-03-09,49.68000030517578,676.530029296875,5.999918460845947,917.7000122070312,8.208221435546875,2.66,5.4
2009-03-10,44.369998931884766,719.5999755859375,5.98189640045166,895.5999755859375,8.757614135742188,2.75,5.45
2009-03-11,43.61000061035156,721.3599853515625,5.993907451629639,910.4000244140625,8.777237892150879,2.72,5.45
2009-03-12,41.18000030517578,750.739990234375,5.999918460845947,923.7000122070312,9.025775909423828,2.67,5.52
2009-03-13,42.36000061035156,756.5499877929688,6.005921363830566,929.7999877929688,9.084635734558105,2.69,5.56
2009-03-16,43.7400016784668,753.8900146484375,5.993907451629639,921.5999755859375,9.150042533874512,2.73,5.57
2009-03-17,40.79999923706055,778.1199951171875,5.987905025482178,916.4000244140625,9.372416496276855,2.78,5.6
2009-03-18,40.060001373291016,794.3499755859375,6.0599751472473145,888.7000122070312,9.463981628417969,2.3,5.88
2009-03-19,43.68000030517578,784.0399780273438,6.0599751472473145,958.2999877929688,9.496681213378906,2.41,5.84
2009-03-20,45.88999938964844,768.5399780273438,6.053969860076904,955.7999877929688,9.378957748413086,2.43,5.86
2009-03-23,43.22999954223633,822.9199829101562,6.047966480255127,952.0999755859375,10.124560356140137,2.46,5.88
2009-03-24,42.93000030517578,806.1199951171875,6.041958808898926,923.2999877929688,9.882567405700684,2.47,5.8
2009-03-25,42.25,813.8800048828125,6.041958808898926,935.4000244140625,10.046079635620117,2.62,5.79
2009-03-26,40.36000061035156,832.8599853515625,6.053969860076904,939.5999755859375,10.327314376831055,2.61,5.76
2009-03-27,41.040000915527344,815.9400024414062,6.053969860076904,923.0,10.046079635620117,2.64,5.72
2009-03-30,45.540000915527344,787.530029296875,6.0599751472473145,915.5,9.542462348937988,2.55,5.75
2009-03-31,44.13999938964844,797.8699951171875,6.088914394378662,922.5999755859375,9.77252197265625,2.5,5.74
2009-04-01,42.279998779296875,811.0800170898438,6.094937324523926,926.0999755859375,10.087128639221191,2.46,5.7
2009-04-02,42.040000915527344,834.3800048828125,6.082884788513184,907.4000244140625,10.585264205932617,2.55,5.69
2009-04-03,39.70000076293945,842.5,6.058771133422852,895.5999755859375,10.670470237731934,2.7,5.68
2009-04-06,40.93000030517578,835.47998046875,6.058771133422852,871.5,10.650802612304688,2.75,5.68
2009-04-07,40.38999938964844,815.5499877929688,6.064798355102539,882.2000122070312,10.473835945129395,2.73,5.67
2009-04-08,38.849998474121094,825.1599731445312,6.082884788513184,884.7999877929688,10.532827377319336,2.68,5.64
2009-04-09,36.529998779296875,856.5599975585938,6.070828437805176,882.2000122070312,10.998183250427246,2.78,5.61
2009-04-13,37.810001373291016,858.72998046875,6.088914394378662,894.7000122070312,11.103056907653809,2.7,5.6
2009-04-14,37.66999816894531,841.5,6.106997966766357,890.9000244140625,10.985074996948242,2.63,5.6
2009-04-15,36.16999816894531,852.0599975585938,6.1130290031433105,892.7999877929688,11.129274368286133,2.67,5.53
2009-04-16,35.790000915527344,865.2999877929688,6.1009721755981445,879.2999877929688,11.24069595336914,2.73,5.52
2009-04-17,33.939998626708984,869.5999755859375,6.082884788513184,867.4000244140625,11.103056907653809,2.84,5.43
2009-04-20,39.18000030517578,832.3900146484375,6.1009721755981445,887.0,10.696683883666992,2.74,5.35
2009-04-21,37.13999938964844,850.0800170898438,6.094937324523926,882.0999755859375,10.867096900939941,2.79,5.3
2009-04-22,38.099998474121094,843.5499877929688,6.082884788513184,891.7999877929688,10.801558494567871,2.84,5.33
2009-04-23,37.150001525878906,851.9199829101562,6.094937324523926,905.9000244140625,11.01784610748291,2.86,5.3
2009-04-24,36.81999969482422,866.22998046875,6.082884788513184,913.5999755859375,11.2144775390625,2.93,5.25
2009-04-27,38.31999969482422,857.510009765625,6.106997966766357,907.4000244140625,10.847433090209961,2.82,5.3
2009-04-28,37.95000076293945,855.1599731445312,6.094937324523926,892.7999877929688,10.755675315856934,2.92,5.24
2009-04-29,36.08000183105469,873.6400146484375,6.082884788513184,899.7999877929688,11.162042617797852,3.01,5.17
2009-04-30,36.5,872.8099975585938,6.110716342926025,890.7000122070312,11.366252899169922,3.02,5.08
2009-05-01,35.29999923706055,877.52001953125,6.104665756225586,887.5999755859375,11.477884292602539,3.05,5.01
2009-05-04,34.529998779296875,907.239990234375,6.110716342926025,901.5999755859375,12.2264404296875,3.0,4.98
2009-05-05,33.36000061035156,903.7999877929688,6.116761207580566,903.7000122070312,12.180480003356934,3.01,4.93
2009-05-06,32.45000076293945,919.530029296875,6.128866195678711,910.5,12.4299955368042,2.99,4.91
2009-05-07,33.439998626708984,907.3900146484375,6.110716342926025,915.0,12.219874382019043,3.11,4.9
2009-05-08,32.04999923706055,929.22998046875,6.116761207580566,914.4000244140625,12.581016540527344,3.1,4.85
2009-05-11,32.869998931884766,909.239990234375,6.140964984893799,913.0,12.416861534118652,2.98,4.88
2009-05-12,31.799999237060547,908.3499755859375,6.14701509475708,923.5,12.403729438781738,2.98,4.86
2009-05-13,33.650001525878906,883.9199829101562,6.165167808532715,925.5,12.06228256225586,2.94,4.86
2009-05-14,31.3700008392334,893.0700073242188,6.159122467041016,928.0,12.108247756958008,2.94,4.87
2009-05-15,33.119998931884766,882.8800048828125,6.159122467041016,930.9000244140625,12.101686477661133,2.97,4.85
2009-05-18,30.239999771118164,909.7100219726562,6.140964984893799,921.2999877929688,12.745179176330566,3.03,4.85
2009-05-19,28.799999237060547,908.1300048828125,6.140964984893799,926.2999877929688,12.869932174682617,3.07,4.79
2009-05-20,29.030000686645508,903.469970703125,6.159122467041016,937.0,12.94873332977295,3.01,4.74
2009-05-21,31.350000381469727,888.3300170898438,6.140964984893799,950.7999877929688,12.751747131347656,3.16,4.7
2009-05-22,32.630001068115234,887.0,6.134917736053467,958.5,12.837105751037598,3.27,4.66
2009-05-26,30.6200008392334,910.3300170898438,6.116761207580566,953.0999755859375,12.935602188110352,3.32,4.62
2009-05-27,32.36000061035156,893.0599975585938,6.086514472961426,953.2000122070312,12.909334182739258,3.54,4.48
2009-05-28,31.670000076293945,906.8300170898438,6.098615646362305,961.5,13.204815864562988,3.52,4.38
2009-05-29,28.920000076293945,919.1400146484375,6.1629767417907715,978.7999877929688,13.448134422302246,3.33,4.29
2009-06-01,30.040000915527344,942.8699951171875,6.120474338531494,978.5999755859375,13.961067199707031,3.58,4.26
2009-06-02,29.6299991607666,944.739990234375,6.132620334625244,983.2000122070312,13.822969436645508,3.51,4.14
2009-06-03,31.020000457763672,931.760009765625,6.156907558441162,964.5,13.467860221862793,3.42,4.1
2009-06-04,30.18000030517578,942.4600219726562,6.1265435218811035,981.2000122070312,13.573074340820312,3.58,4.05
2009-06-05,29.6200008392334,940.0900268554688,6.084044933319092,961.7000122070312,13.612537384033203,3.64,3.95
2009-06-08,29.770000457763672,939.1400146484375,6.0718994140625,951.7000122070312,13.415251731872559,3.72,3.81
2009-06-09,28.270000457763672,942.4299926757812,6.084044933319092,954.0,13.395524978637695,3.67,3.85
2009-06-10,28.459999084472656,939.1500244140625,6.065827369689941,954.0,13.612537384033203,3.8,3.77
2009-06-11,28.110000610351562,944.8900146484375,6.084044933319092,961.2999877929688,13.730908393859863,3.69,3.79
2009-06-12,28.149999618530273,946.2100219726562,6.108328342437744,940.0999755859375,13.691451072692871,3.62,3.79
2009-06-15,30.809999465942383,923.719970703125,6.1265435218811035,926.9000244140625,13.231121063232422,3.59,3.76
2009-06-16,32.68000030517578,911.969970703125,6.144764423370361,931.5999755859375,13.079869270324707,3.5,3.74
2009-06-17,31.540000915527344,910.7100219726562,6.144764423370361,935.4000244140625,12.961498260498047,3.51,3.67
2009-06-18,30.030000686645508,918.3699951171875,6.10225772857666,934.0,12.86943244934082,3.68,3.61
2009-06-19,27.989999771118164,921.22998046875,6.120474338531494,935.5999755859375,12.961498260498047,3.6,3.54
2009-06-22,31.170000076293945,893.0399780273438,6.138686656951904,920.5999755859375,12.547205924987793,3.52,3.51
2009-06-23,30.579999923706055,895.0999755859375,6.144764423370361,923.9000244140625,12.5603609085083,3.45,3.53
2009-06-24,29.049999237060547,900.9400024414062,6.132620334625244,934.0999755859375,12.836555480957031,3.53,3.52
2009-06-25,26.360000610351562,920.260009765625,6.1690473556518555,939.0999755859375,13.11275577545166,3.37,3.64
2009-06-26,25.93000030517578,918.9000244140625,6.175121784210205,940.7000122070312,13.21139144897461,3.32,3.65
2009-06-29,25.350000381469727,927.22998046875,6.181198596954346,940.4000244140625,13.296881675720215,3.31,3.69
2009-06-30,26.350000381469727,919.3200073242188,6.1964263916015625,927.0999755859375,13.172399520874023,3.34,3.64
2009-07-01,26.219999313354492,923.3300170898438,6.1964263916015625,941.0,13.409505844116211,3.38,3.65
2009-07-02,27.950000762939453,896.4199829101562,6.208609580993652,930.7000122070312,13.132888793945312,3.34,3.63
2009-07-06,29.0,898.719970703125,6.208609580993652,924.0,13.093374252319336,3.33,3.66
2009-07-07,30.850000381469727,881.030029296875,6.220801830291748,928.7999877929688,12.843094825744629,3.28,3.66
2009-07-08,31.299999237060547,879.5599975585938,6.251261234283447,909.0,12.731128692626953,3.15,3.66
2009-07-09,29.780000686645508,882.6799926757812,6.2329816818237305,915.9000244140625,12.882613182067871,3.25,3.71
2009-07-10,29.020000457763672,879.1300048828125,6.251261234283447,912.2000122070312,12.764059066772461,3.14,3.71
2009-07-13,26.309999465942383,901.0499877929688,6.239078998565674,922.2000122070312,12.744303703308105,3.2,3.7
2009-07-14,25.020000457763672,905.8400268554688,6.226893901824951,922.5,12.882613182067871,3.32,3.68
2009-07-15,25.889999389648438,932.6799926757812,6.1903276443481445,939.0999755859375,13.481959342956543,3.45,3.63
2009-07-16,25.420000076293945,940.739990234375,6.214705944061279,935.0999755859375,13.547816276550293,3.4,3.6
2009-07-17,24.34000015258789,940.3800048828125,6.1964263916015625,937.2000122070312,13.653193473815918,3.5,3.56
2009-07-20,24.399999618530273,951.1300048828125,6.208609580993652,948.5,14.107641220092773,3.42,3.55
2009-07-21,23.8700008392334,954.5800170898438,6.245167255401611,946.5999755859375,14.101058006286621,3.31,3.55
2009-07-22,23.469999313354492,954.0700073242188,6.2329816818237305,953.0,14.054953575134277,3.39,3.53
2009-07-23,23.43000030517578,976.2899780273438,6.1964263916015625,954.5,14.423781394958496,3.53,3.48
2009-07-24,23.09000015258789,979.260009765625,6.208609580993652,952.7999877929688,14.404022216796875,3.52,3.41
2009-07-27,24.280000686645508,982.1799926757812,6.1964263916015625,953.2999877929688,14.522575378417969,3.56,3.4
2009-07-28,25.010000228881836,979.6199951171875,6.208609580993652,939.0,14.529162406921387,3.53,3.32
2009-07-29,25.610000610351562,975.1500244140625,6.214705944061279,927.2000122070312,14.298645973205566,3.5,3.23
2009-07-30,25.399999618530273,986.75,6.2329816818237305,934.9000244140625,14.542335510253906,3.49,3.13
2009-07-31,25.920000076293945,987.47998046875,6.284950256347656,953.7000122070312,14.714472770690918,3.34,3.11
2009-08-03,25.559999465942383,1002.6300048828125,6.260495185852051,956.5999755859375,15.1563720703125,3.47,3.04
2009-08-04,24.889999389648438,1005.6500244140625,6.254380226135254,967.5,15.070634841918945,3.52,2.99
2009-08-05,24.899999618530273,1002.719970703125,6.236037731170654,964.2000122070312,14.945319175720215,3.62,2.95
2009-08-06,25.670000076293945,997.0800170898438,6.242157936096191,960.7000122070312,14.859570503234863,3.62,2.9
2009-08-07,24.760000228881836,1010.47998046875,6.217696666717529,957.2999877929688,14.96509838104248,3.7,2.85
2009-08-10,24.989999771118164,1007.0999755859375,6.242157936096191,945.0,14.872760772705078,3.61,2.85
2009-08-11,25.989999771118164,994.3499755859375,6.260495185852051,945.7999877929688,14.655112266540527,3.53,2.88
2009-08-12,25.450000762939453,1005.8099975585938,6.254380226135254,950.7000122070312,14.714472770690918,3.55,2.97
2009-08-13,24.709999084472656,1012.72998046875,6.284950256347656,954.7000122070312,14.938720703125,3.42,2.99
2009-08-14,24.270000457763672,1004.0900268554688,6.291061878204346,947.0,14.78702449798584,3.37,3.02
2009-08-17,27.889999389648438,979.72998046875,6.3094024658203125,934.2999877929688,14.200029373168945,3.3,3.08
2009-08-18,26.18000030517578,989.6699829101562,6.297174453735352,937.7000122070312,14.437460899353027,3.33,3.07
2009-08-19,26.260000228881836,996.4600219726562,6.303288459777832,943.2999877929688,14.444061279296875,3.28,3.1
2009-08-20,25.09000015258789,1007.3699951171875,6.3155198097229,940.2999877929688,14.641921043395996,3.25,3.09
2009-08-21,25.010000228881836,1026.1300048828125,6.284950256347656,953.2000122070312,14.885960578918457,3.39,3.06
2009-08-24,25.139999389648438,1025.5699462890625,6.303288459777832,942.2999877929688,14.96509838104248,3.31,3.05
2009-08-25,24.920000076293945,1028.0,6.3155198097229,944.5,14.958508491516113,3.28,3.01
2009-08-26,24.950000762939453,1028.1199951171875,6.3155198097229,944.2999877929688,14.859570503234863,3.29,2.98
2009-08-27,24.68000030517578,1030.97998046875,6.3094024658203125,945.5,14.81999683380127,3.32,2.96
2009-08-28,24.760000228881836,1028.9300537109375,6.32163143157959,957.0,14.83979320526123,3.31,2.95
2009-08-31,26.010000228881836,1020.6199951171875,6.3486199378967285,951.7000122070312,14.642308235168457,3.25,2.98
2009-09-01,29.149999618530273,998.0399780273438,6.360895156860352,954.7000122070312,14.463987350463867,3.24,3.01
2009-09-02,28.899999618530273,994.75,6.379288196563721,976.5999755859375,14.51682186126709,3.15,2.99
2009-09-03,27.100000381469727,1003.239990234375,6.367026329040527,995.7999877929688,14.761190414428711,3.18,3.0
2009-09-04,25.260000228881836,1016.4000244140625,6.3486199378967285,994.9000244140625,15.038583755493164,3.31,3.0
2009-09-08,25.6200008392334,1025.3900146484375,6.3486199378967285,997.9000244140625,15.388630867004395,3.33,2.98
2009-09-09,24.31999969482422,1033.3699951171875,6.3486199378967285,995.2999877929688,15.421647071838379,3.34,3.01
2009-09-10,23.549999237060547,1044.1400146484375,6.373156547546387,995.4000244140625,15.580163955688477,3.22,2.96
2009-09-11,24.149999618530273,1042.72998046875,6.379288196563721,1004.9000244140625,15.613180160522461,3.2,2.97
2009-09-14,23.860000610351562,1049.3399658203125,6.360895156860352,999.9000244140625,15.566950798034668,3.28,2.94
2009-09-15,23.420000076293945,1052.6300048828125,6.360895156860352,1005.0,15.71225643157959,3.34,2.93
2009-09-16,23.690000534057617,1068.760009765625,6.360895156860352,1018.9000244140625,16.09531593322754,3.38,2.91
2009-09-17,23.649999618530273,1065.489990234375,6.379288196563721,1012.2999877929688,16.042476654052734,3.32,2.87
2009-09-18,23.920000076293945,1068.300048828125,6.367026329040527,1009.2000122070312,16.07550621032715,3.41,2.85
2009-09-21,24.059999465942383,1064.6600341796875,6.367026329040527,1003.7000122070312,15.950014114379883,3.38,2.86
2009-09-22,23.079999923706055,1071.6600341796875,6.373156547546387,1014.2000122070312,16.16796112060547,3.35,2.84
2009-09-23,23.489999771118164,1060.8699951171875,6.379288196563721,1013.0,15.989644050598145,3.33,2.84
2009-09-24,24.950000762939453,1050.780029296875,6.3915581703186035,997.5,15.784897804260254,3.3,2.86
2009-09-25,25.610000610351562,1044.3800048828125,6.397695064544678,990.2000122070312,15.811317443847656,3.24,2.83
2009-09-28,24.8799991607666,1062.97998046875,6.403830051422119,992.5,15.910388946533203,3.2,2.81
2009-09-29,25.190000534057617,1060.6099853515625,6.403830051422119,993.0999755859375,15.969830513000488,3.18,2.81
2009-09-30,25.610000610351562,1057.0799560546875,6.424132347106934,1008.0,16.02338981628418,3.17,2.86
2009-10-01,28.270000457763672,1029.8499755859375,6.442593097686768,999.5,15.732417106628418,3.11,2.9
2009-10-02,28.68000030517578,1025.2099609375,6.436437606811523,1003.2000122070312,15.699357032775879,3.14,2.93
2009-10-05,26.84000015258789,1040.4599609375,6.442593097686768,1016.7000122070312,15.977104187011719,3.16,2.95
2009-10-06,25.700000762939453,1054.719970703125,6.430286407470703,1038.5999755859375,16.248239517211914,3.19,2.94
2009-10-07,24.68000030517578,1057.5799560546875,6.454899787902832,1043.300048828125,16.274694442749023,3.12,2.92
2009-10-08,24.18000030517578,1065.47998046875,6.442593097686768,1055.4000244140625,16.47307777404785,3.21,2.96
2009-10-09,23.1200008392334,1071.489990234375,6.411827087402344,1047.800048828125,16.61196517944336,3.33,2.96
2009-10-12,23.010000228881836,1076.18994140625,6.424132347106934,1056.699951171875,16.638404846191406,3.33,2.96
2009-10-13,22.989999771118164,1073.18994140625,6.430286407470703,1064.199951171875,16.664859771728516,3.27,2.95
2009-10-14,22.860000610351562,1092.02001953125,6.411827087402344,1063.9000244140625,17.134384155273438,3.38,2.96
2009-10-15,21.719999313354492,1096.56005859375,6.3995208740234375,1049.800048828125,17.127775192260742,3.42,2.96
2009-10-16,21.43000030517578,1087.6800537109375,6.411827087402344,1050.699951171875,16.909543991088867,3.36,2.93
2009-10-19,21.489999771118164,1097.9100341796875,6.41798210144043,1057.300048828125,17.180679321289062,3.33,2.91
2009-10-20,20.899999618530273,1091.06005859375,6.430286407470703,1057.800048828125,16.98228645324707,3.27,2.91
2009-10-21,22.219999313354492,1081.4000244140625,6.41798210144043,1063.699951171875,16.916154861450195,3.35,2.89
2009-10-22,20.690000534057617,1092.9100341796875,6.411827087402344,1057.800048828125,16.962444305419922,3.38,2.88
2009-10-23,22.270000457763672,1079.5999755859375,6.3995208740234375,1055.5999755859375,16.889705657958984,3.44,2.8
2009-10-26,24.309999465942383,1066.949951171875,6.381059169769287,1042.0999755859375,16.764047622680664,3.51,2.83
2009-10-27,24.829999923706055,1063.4100341796875,6.405673027038574,1034.699951171875,16.51936912536621,3.41,2.84
2009-10-28,27.90999984741211,1042.6300048828125,6.41798210144043,1029.9000244140625,15.871297836303711,3.37,2.85
2009-10-29,24.760000228881836,1066.1099853515625,6.405673027038574,1046.4000244140625,16.3011474609375,3.47,2.86
2009-10-30,30.690000534057617,1036.18994140625,6.450736999511719,1039.699951171875,15.823783874511719,3.36,2.86
2009-11-02,29.780000686645508,1042.8800048828125,6.444560527801514,1053.4000244140625,15.94958209991455,3.39,2.85
2009-11-03,28.809999465942383,1045.4100341796875,6.432217121124268,1084.300048828125,15.936334609985352,3.44,2.87
2009-11-04,27.719999313354492,1046.5,6.42604398727417,1086.699951171875,16.260757446289062,3.52,2.89
2009-11-05,25.43000030517578,1066.6300048828125,6.432217121124268,1088.699951171875,16.459381103515625,3.53,2.86
2009-11-06,24.190000534057617,1069.300048828125,6.43839168548584,1095.0999755859375,16.472625732421875,3.48,2.86
2009-11-09,23.149999618530273,1093.0799560546875,6.444560527801514,1100.800048828125,16.982425689697266,3.45,2.89
2009-11-10,22.84000015258789,1093.010009765625,6.444560527801514,1101.9000244140625,16.9559326171875,3.43,2.92
2009-11-11,23.040000915527344,1098.510009765625,6.450736999511719,1114.0,17.08835792541504,3.43,2.92
2009-11-12,24.239999771118164,1087.239990234375,6.456909656524658,1106.0,16.777177810668945,3.38,2.94
2009-11-13,23.360000610351562,1093.47998046875,6.463077068328857,1116.0999755859375,16.9559326171875,3.37,2.93
2009-11-16,22.889999389648438,1109.300048828125,6.481594562530518,1138.5999755859375,17.320093154907227,3.26,2.92
2009-11-17,22.40999984741211,1110.3199462890625,6.487774848937988,1138.800048828125,17.30684471130371,3.27,2.92
2009-11-18,21.6299991607666,1109.800048828125,6.475428104400635,1140.699951171875,17.23401641845703,3.32,2.94
2009-11-19,22.6299991607666,1094.9000244140625,6.481594562530518,1141.4000244140625,17.00229263305664,3.33,2.92
2009-11-20,22.190000534057617,1091.3800048828125,6.481594562530518,1146.4000244140625,16.9559326171875,3.34,2.93
2009-11-23,21.15999984741211,1106.239990234375,6.481594562530518,1164.300048828125,17.18766975402832,3.32,2.92
2009-11-24,20.469999313354492,1105.6500244140625,6.493946552276611,1165.5,17.094974517822266,3.27,2.93
2009-11-25,20.479999542236328,1110.6300048828125,6.506292343139648,1186.9000244140625,17.24725914001465,3.23,2.95
2009-11-27,24.739999771118164,1091.489990234375,6.5124592781066895,1174.199951171875,16.61827850341797,3.18,2.99
2009-11-30,24.510000228881836,1095.6300048828125,6.5384697914123535,1181.0999755859375,16.776700973510742,3.15,2.99
2009-12-01,21.920000076293945,1108.8599853515625,6.519891738891602,1199.0999755859375,17.227441787719727,3.22,3.0
2009-12-02,21.1200008392334,1109.239990234375,6.5137038230896,1212.0,17.313615798950195,3.27,2.95
2009-12-03,22.459999084472656,1099.9200439453125,6.501315593719482,1217.4000244140625,17.280467987060547,3.33,2.93
2009-12-04,21.25,1105.97998046875,6.482746601104736,1168.800048828125,17.326862335205078,3.42,2.91
2009-12-07,22.100000381469727,1103.25,6.495129585266113,1163.4000244140625,17.23406219482422,3.4,2.93
2009-12-08,23.690000534057617,1091.93994140625,6.501315593719482,1142.800048828125,16.968929290771484,3.37,2.92
2009-12-09,22.65999984741211,1095.949951171875,6.501315593719482,1120.4000244140625,16.988813400268555,3.42,2.89
2009-12-10,22.31999969482422,1102.3499755859375,6.488936424255371,1125.699951171875,17.055089950561523,3.47,2.93
2009-12-11,21.59000015258789,1106.4100341796875,6.476548671722412,1119.4000244140625,17.14789581298828,3.52,2.86
2009-12-14,21.149999618530273,1114.1099853515625,6.476548671722412,1123.300048828125,17.26058006286621,3.52,2.79
2009-12-15,21.489999771118164,1107.9300537109375,6.464168548583984,1122.4000244140625,17.134639739990234,3.55,2.8
2009-12-16,20.540000915527344,1109.1800537109375,6.464168548583984,1135.5,17.134639739990234,3.57,2.77
2009-12-17,22.510000228881836,1096.0799560546875,6.495129585266113,1106.800048828125,16.763446807861328,3.46,2.75
2009-12-18,21.68000030517578,1102.469970703125,6.482746601104736,1110.800048828125,16.783329010009766,3.5,2.73
2009-12-21,20.489999771118164,1114.050048828125,6.451785564422607,1095.4000244140625,16.730297088623047,3.61,2.69
2009-12-22,19.540000915527344,1118.02001953125,6.4332122802734375,1086.0,16.8695011138916,3.68,2.65
2009-12-23,19.709999084472656,1120.5899658203125,6.4332122802734375,1093.300048828125,16.81646728515625,3.7,2.63
2009-12-24,19.469999313354492,1126.47998046875,6.4146342277526855,1104.0999755859375,16.9821834564209,3.77,2.65
2009-12-28,19.93000030517578,1127.780029296875,6.408442974090576,1107.199951171875,17.06835174560547,3.74,2.64
2009-12-29,20.010000228881836,1126.199951171875,6.4146342277526855,1097.0,17.06835174560547,3.72,2.59
2009-12-30,19.959999084472656,1126.4200439453125,6.42082405090332,1091.5,17.121389389038086,3.75,2.56
2009-12-31,21.68000030517578,1115.0999755859375,6.428901672363281,1095.199951171875,17.19371223449707,3.79,2.54
2010-01-04,20.040000915527344,1132.989990234375,6.435113430023193,1117.699951171875,17.664867401123047,3.77,2.54
2010-01-05,19.350000381469727,1136.52001953125,6.4599609375,1118.0999755859375,17.777677536010742,3.7,2.53
2010-01-06,19.15999984741211,1137.1400146484375,6.447534561157227,1135.9000244140625,17.897123336791992,3.79,2.49
2010-01-07,19.059999465942383,1141.68994140625,6.447534561157227,1133.0999755859375,17.76441192626953,3.8,2.48
2010-01-08,18.1299991607666,1144.97998046875,6.453749656677246,1138.199951171875,17.850671768188477,3.78,2.49
2010-01-11,17.549999237060547,1146.97998046875,6.453749656677246,1150.699951171875,17.90376091003418,3.81,2.47
2010-01-12,18.25,1136.219970703125,6.4785966873168945,1128.9000244140625,17.698043823242188,3.69,2.48
2010-01-13,17.850000381469727,1145.6800537109375,6.466172218322754,1136.4000244140625,17.698043823242188,3.74,2.5
2010-01-14,17.6299991607666,1148.4599609375,6.4785966873168945,1142.5999755859375,17.698043823242188,3.71,2.46
2010-01-15,17.90999984741211,1136.030029296875,6.491016864776611,1130.0999755859375,17.52549934387207,3.64,2.48
2010-01-19,17.579999923706055,1150.22998046875,6.48480224609375,1139.699951171875,17.751127243041992,3.67,2.48
2010-01-20,18.68000030517578,1138.0400390625,6.497224807739258,1112.300048828125,17.366254806518555,3.63,2.48
2010-01-21,22.270000457763672,1116.47998046875,6.509651184082031,1102.699951171875,16.9017333984375,3.56,2.51
2010-01-22,27.309999465942383,1091.760009765625,6.509651184082031,1089.199951171875,16.55666732788086,3.56,2.53
2010-01-25,25.40999984741211,1096.780029296875,6.497224807739258,1095.199951171875,16.669483184814453,3.6,2.56
2010-01-26,24.549999237060547,1092.1700439453125,6.503440856933594,1097.9000244140625,16.31777000427246,3.58,2.59
2010-01-27,23.139999389648438,1097.5,6.497224807739258,1084.4000244140625,16.218231201171875,3.58,2.57
2010-01-28,23.729999542236328,1084.530029296875,6.497224807739258,1083.5999755859375,16.238130569458008,3.6,2.57
2010-01-29,24.6200008392334,1073.8699951171875,6.530252456665039,1083.0,16.112062454223633,3.55,2.57
2010-02-01,22.59000015258789,1089.18994140625,6.51779317855835,1104.300048828125,16.384136199951172,3.58,2.57
2010-02-02,21.479999542236328,1103.3199462890625,6.524020195007324,1117.4000244140625,16.483671188354492,3.57,2.56
2010-02-03,21.600000381469727,1097.280029296875,6.511557579040527,1111.4000244140625,16.54339027404785,3.63,2.58
2010-02-04,26.079999923706055,1063.1099853515625,6.5364813804626465,1062.4000244140625,15.899706840515137,3.53,2.62
2010-02-05,26.110000610351562,1066.18994140625,6.5427093505859375,1052.199951171875,15.607720375061035,3.49,2.62
2010-02-08,26.510000228881836,1056.739990234375,6.5364813804626465,1065.699951171875,15.461737632751465,3.5,2.64
2010-02-09,26.0,1070.52001953125,6.51779317855835,1076.699951171875,15.879800796508789,3.55,2.65
2010-02-10,25.399999618530273,1068.1300048828125,6.499095439910889,1075.800048828125,15.879800796508789,3.61,2.66
2010-02-11,23.959999084472656,1078.469970703125,6.492868423461914,1094.199951171875,16.17841148376465,3.62,2.7
2010-02-12,22.729999542236328,1075.510009765625,6.505331039428711,1089.5,16.08551597595215,3.59,2.72
2010-02-16,22.25,1094.8699951171875,6.511557579040527,1119.300048828125,16.37749671936035,3.56,2.73
2010-02-17,21.719999313354492,1099.510009765625,6.492868423461914,1119.5,16.50358009338379,3.64,2.73
2010-02-18,20.6299991607666,1106.75,6.480404376983643,1118.0,16.54339027404785,3.69,2.72
2010-02-19,20.020000457763672,1109.1700439453125,6.480404376983643,1121.300048828125,16.37749671936035,3.67,2.65
2010-02-22,19.940000534057617,1108.010009765625,6.480404376983643,1112.5999755859375,16.4239444732666,3.69,2.65
2010-02-23,21.3700008392334,1094.5999755859375,6.505331039428711,1102.699951171875,16.204957962036133,3.57,2.65
2010-02-24,20.270000457763672,1105.239990234375,6.505331039428711,1096.5,16.27794647216797,3.58,2.65
2010-02-25,20.100000381469727,1102.93994140625,6.51779317855835,1107.800048828125,16.138601303100586,3.51,2.64
2010-02-26,19.5,1104.489990234375,6.5434112548828125,1118.300048828125,16.284591674804688,3.48,2.62
2010-03-01,19.260000228881836,1115.7099609375,6.54966402053833,1117.800048828125,16.569934844970703,3.48,2.65
2010-03-02,19.059999465942383,1118.31005859375,6.54966402053833,1136.9000244140625,16.71592903137207,3.48,2.64
2010-03-03,18.829999923706055,1118.7900390625,6.54966402053833,1142.699951171875,16.808834075927734,3.49,2.63
2010-03-04,18.719999313354492,1122.969970703125,6.555910587310791,1132.5999755859375,16.77565574645996,3.47,2.62
2010-03-05,17.420000076293945,1138.699951171875,6.537168025970459,1134.800048828125,17.094173431396484,3.54,2.61
2010-03-08,17.790000915527344,1138.5,6.530911922454834,1123.5999755859375,17.187068939208984,3.56,2.59
2010-03-09,17.920000076293945,1140.449951171875,6.537168025970459,1122.0,17.233531951904297,3.55,2.61
2010-03-10,18.56999969482422,1145.6099853515625,6.530911922454834,1107.800048828125,17.326431274414062,3.58,2.59
2010-03-11,18.059999465942383,1150.239990234375,6.530911922454834,1108.0,17.31979751586914,3.57,2.56
2010-03-12,17.579999923706055,1149.989990234375,6.537168025970459,1101.5,17.3065242767334,3.56,2.55
2010-03-15,18.0,1150.510009765625,6.537168025970459,1105.0999755859375,17.14726448059082,3.54,2.56
2010-03-16,17.690000534057617,1159.4599609375,6.54966402053833,1122.199951171875,17.339702606201172,3.5,2.55
2010-03-17,16.90999984741211,1166.2099609375,6.555910587310791,1124.0,17.53879165649414,3.5,2.53
2010-03-18,16.6200008392334,1165.8299560546875,6.54966402053833,1127.4000244140625,17.46578598022461,3.52,2.52
2010-03-19,16.969999313354492,1159.9000244140625,6.5434112548828125,1107.4000244140625,17.33306884765625,3.54,2.49
2010-03-22,16.8700008392334,1165.81005859375,6.54966402053833,1099.300048828125,17.339702606201172,3.52,2.5
2010-03-23,16.350000381469727,1174.1700439453125,6.54966402053833,1103.5,17.399429321289062,3.55,2.51
2010-03-24,17.549999237060547,1167.719970703125,6.518413543701172,1088.5999755859375,17.246795654296875,3.7,2.48
2010-03-25,18.399999618530273,1165.72998046875,6.505921840667725,1092.699951171875,17.167177200317383,3.77,2.47
2010-03-26,17.770000457763672,1166.5899658203125,6.512168884277344,1104.199951171875,17.279977798461914,3.72,2.49
2010-03-29,17.59000015258789,1173.219970703125,6.512168884277344,1110.300048828125,17.52549934387207,3.73,2.49
2010-03-30,17.1299991607666,1173.27001953125,6.512168884277344,1104.5,17.5985107421875,3.72,2.48
2010-03-31,17.59000015258789,1169.4300537109375,6.538493633270264,1113.300048828125,17.611778259277344,3.68,2.47
2010-04-01,17.469999313354492,1178.0999755859375,6.525961399078369,1125.0999755859375,17.970117568969727,3.73,2.44
2010-04-05,17.020000457763672,1187.43994140625,6.49461555480957,1132.9000244140625,18.1492919921875,3.83,2.43
2010-04-06,16.229999542236328,1189.43994140625,6.500883102416992,1135.0999755859375,18.202373504638672,3.81,2.46
2010-04-07,16.6200008392334,1182.449951171875,6.525961399078369,1152.300048828125,18.129379272460938,3.72,2.44
2010-04-08,16.479999542236328,1186.43994140625,6.525961399078369,1152.199951171875,18.1492919921875,3.74,2.43
2010-04-09,16.139999389648438,1194.3699951171875,6.525961399078369,1161.0999755859375,18.262107849121094,3.74,2.43
2010-04-12,15.579999923706055,1196.47998046875,6.544767379760742,1161.5999755859375,18.1492919921875,3.71,2.4
2010-04-13,16.200000762939453,1197.300048828125,6.544767379760742,1152.800048828125,18.089569091796875,3.68,2.4
2010-04-14,15.59000015258789,1210.6500244140625,6.538493633270264,1159.0,18.328458786010742,3.72,2.4
2010-04-15,15.890000343322754,1211.6700439453125,6.544767379760742,1159.699951171875,18.282007217407227,3.7,2.42
2010-04-16,18.360000610351562,1192.1300048828125,6.563563346862793,1136.300048828125,17.86394691467285,3.63,2.43
2010-04-19,17.34000015258789,1197.52001953125,6.551033973693848,1135.199951171875,17.717954635620117,3.67,2.42
2010-04-20,15.729999542236328,1207.1700439453125,6.551033973693848,1138.5999755859375,17.89048194885254,3.66,2.4
2010-04-21,16.31999969482422,1205.93994140625,6.563563346862793,1148.199951171875,17.883852005004883,3.62,2.38
2010-04-22,16.469999313354492,1208.6700439453125,6.557305335998535,1142.300048828125,17.90376091003418,3.64,2.38
2010-04-23,16.6200008392334,1217.280029296875,6.544767379760742,1153.0999755859375,17.990032196044922,3.68,2.37
2010-04-26,17.469999313354492,1212.050048828125,6.551033973693848,1153.5,18.04974937438965,3.67,2.38
2010-04-27,22.809999465942383,1183.7099609375,6.582376480102539,1161.699951171875,17.518878936767578,3.55,2.39
2010-04-28,21.079999923706055,1191.3599853515625,6.563563346862793,1171.300048828125,17.57859992980957,3.64,2.38
2010-04-29,18.440000534057617,1206.780029296875,6.569840908050537,1168.4000244140625,17.771045684814453,3.59,2.37
2010-04-30,22.049999237060547,1186.68994140625,6.599350452423096,1180.0999755859375,17.658227920532227,3.53,2.38
2010-05-03,20.190000534057617,1202.260009765625,6.586793422698975,1182.699951171875,17.717954635620117,3.55,2.37
2010-05-04,23.84000015258789,1173.5999755859375,6.611911773681641,1168.5999755859375,17.114084243774414,3.47,2.38
2010-05-05,24.90999984741211,1165.8699951171875,6.618188858032227,1174.5999755859375,16.848642349243164,3.43,2.4
2010-05-06,32.79999923706055,1128.1500244140625,6.649584770202637,1196.9000244140625,16.16514015197754,3.3,2.41
2010-05-07,40.95000076293945,1110.8800048828125,6.624469757080078,1210.0,16.09214973449707,3.32,2.55
2010-05-10,28.84000015258789,1159.72998046875,6.605630874633789,1200.4000244140625,17.05436134338379,3.41,2.53
2010-05-11,28.31999969482422,1155.7900390625,6.605630874633789,1219.9000244140625,16.822107315063477,3.4,2.58
2010-05-12,25.520000457763672,1171.6700439453125,6.599350452423096,1242.699951171875,17.0477237701416,3.4,2.61
2010-05-13,26.68000030517578,1157.43994140625,6.611911773681641,1228.800048828125,16.95482063293457,3.39,2.6
2010-05-14,31.239999771118164,1135.6800537109375,6.637026309967041,1227.4000244140625,16.64956283569336,3.28,2.59
2010-05-17,30.84000015258789,1136.93994140625,6.630746841430664,1227.699951171875,16.4969425201416,3.31,2.59
2010-05-18,33.54999923706055,1120.800048828125,6.649584770202637,1214.300048828125,16.231496810913086,3.21,2.61
2010-05-19,35.31999969482422,1115.050048828125,6.649584770202637,1192.5999755859375,15.966066360473633,3.19,2.65
2010-05-20,45.790000915527344,1071.5899658203125,6.668418884277344,1187.800048828125,15.236115455627441,3.08,2.74
2010-05-21,40.099998474121094,1087.68994140625,6.668418884277344,1175.699951171875,15.541361808776855,3.03,2.76
2010-05-24,38.31999969482422,1073.6500244140625,6.662143707275391,1193.800048828125,15.534734725952148,3.06,2.79
2010-05-25,34.61000061035156,1074.030029296875,6.662143707275391,1197.800048828125,15.229472160339355,3.01,2.81
2010-05-26,35.02000045776367,1067.949951171875,6.655863285064697,1213.300048828125,15.335655212402344,3.04,2.87
2010-05-27,29.68000030517578,1103.06005859375,6.624469757080078,1211.9000244140625,16.078868865966797,3.17,2.89
2010-05-28,32.06999969482422,1089.4100341796875,6.6572184562683105,1212.199951171875,16.01251220703125,3.15,2.89
2010-06-01,35.540000915527344,1070.7099609375,6.663519382476807,1224.800048828125,15.766984939575195,3.13,2.92
2010-06-02,30.170000076293945,1098.3800048828125,6.650922775268555,1220.5999755859375,16.158512115478516,3.19,2.91
2010-06-03,29.459999084472656,1102.8299560546875,6.644622802734375,1208.300048828125,16.204957962036133,3.25,2.92
2010-06-04,35.47999954223633,1064.8800048828125,6.6887054443359375,1216.199951171875,15.71390151977539,3.06,2.95
2010-06-07,36.56999969482422,1050.469970703125,6.69500732421875,1239.300048828125,15.49491024017334,3.05,3.0
2010-06-08,33.70000076293945,1062.0,6.682414531707764,1244.0,15.720536231994629,3.06,2.99
2010-06-09,33.72999954223633,1055.68994140625,6.682414531707764,1228.5,15.63426685333252,3.1,3.0
2010-06-10,30.56999969482422,1086.8399658203125,6.650922775268555,1220.800048828125,16.11869239807129,3.23,3.01
2010-06-11,28.790000915527344,1091.5999755859375,6.676114559173584,1228.9000244140625,16.191692352294922,3.16,3.04
2010-06-14,28.579999923706055,1089.6300048828125,6.669817924499512,1223.300048828125,16.25804328918457,3.21,3.06
2010-06-15,25.8700008392334,1115.22998046875,6.6572184562683105,1233.199951171875,16.64956283569336,3.23,3.05
2010-06-16,25.920000076293945,1114.6099853515625,6.669817924499512,1229.300048828125,16.669483184814453,3.17,3.07
2010-06-17,25.049999237060547,1116.0400390625,6.6887054443359375,1247.5,16.67611312866211,3.12,3.04
2010-06-18,23.950000762939453,1117.510009765625,6.682414531707764,1257.199951171875,16.73583984375,3.13,3.04
2010-06-21,24.8799991607666,1113.199951171875,6.682414531707764,1239.699951171875,17.034448623657227,3.14,3.02
2010-06-22,27.049999237060547,1095.31005859375,6.701310634613037,1239.9000244140625,16.78891944885254,3.05,3.04
2010-06-23,26.90999984741211,1092.0400390625,6.713903903961182,1234.0999755859375,16.835372924804688,3.0,3.05
2010-06-24,29.739999771118164,1073.68994140625,6.707606315612793,1245.5,16.623022079467773,3.01,3.08
2010-06-25,28.530000686645508,1076.760009765625,6.713903903961182,1255.800048828125,16.68938446044922,2.99,3.09
2010-06-28,29.0,1074.5699462890625,6.732799053192139,1238.199951171875,16.65620231628418,2.88,3.1
2010-06-29,34.130001068115234,1041.239990234375,6.745394706726074,1242.0,16.065608978271484,2.82,3.12
2010-06-30,34.540000915527344,1030.7099609375,6.764344692230225,1245.5,16.005878448486328,2.79,3.08
2010-07-01,32.86000061035156,1027.3699951171875,6.764344692230225,1206.300048828125,15.985971450805664,2.79,3.02
2010-07-02,30.1200008392334,1022.5800170898438,6.751710891723633,1207.4000244140625,16.025789260864258,2.83,3.04
2010-07-06,29.649999618530273,1028.06005859375,6.770655632019043,1194.800048828125,16.30449867248535,2.78,3.05
2010-07-07,26.84000015258789,1060.27001953125,6.758022785186768,1198.5999755859375,16.60975456237793,2.84,3.08
2010-07-08,25.709999084472656,1070.25,6.751710891723633,1195.800048828125,16.64956283569336,2.89,3.07
2010-07-09,24.979999542236328,1077.9599609375,6.745398998260498,1209.5999755859375,16.842008590698242,2.91,3.07
2010-07-12,24.43000030517578,1078.75,6.745398998260498,1198.5,16.815462112426758,2.92,3.05
2010-07-13,24.559999465942383,1095.3399658203125,6.732766628265381,1213.300048828125,16.948184967041016,3.0,3.03
2010-07-14,24.889999389648438,1095.1700439453125,6.751710891723633,1206.800048828125,16.9216365814209,2.92,3.02
2010-07-15,25.139999389648438,1096.47998046875,6.770655632019043,1208.0999755859375,16.881824493408203,2.85,3.02
2010-07-16,26.25,1064.8800048828125,6.783290386199951,1188.0,16.52348518371582,2.81,3.04
2010-07-19,25.969999313354492,1071.25,6.776972770690918,1181.699951171875,16.65620231628418,2.82,3.04
2010-07-20,23.93000030517578,1083.47998046875,6.776972770690918,1191.5,16.95482063293457,2.82,2.99
2010-07-21,25.639999389648438,1069.5899658203125,6.802239894866943,1191.5999755859375,16.86191749572754,2.74,2.98
2010-07-22,24.6299991607666,1093.6700439453125,6.789612770080566,1195.5,17.25343894958496,2.8,2.97
2010-07-23,23.469999313354492,1102.6600341796875,6.776972770690918,1187.699951171875,17.372888565063477,2.86,2.95
2010-07-26,22.729999542236328,1115.010009765625,6.776972770690918,1183.0,17.452516555786133,2.87,2.92
2010-07-27,23.190000534057617,1113.8399658203125,6.770655632019043,1158.0,17.472423553466797,2.93,2.9
2010-07-28,24.25,1106.1300048828125,6.783290386199951,1160.4000244140625,17.399429321289062,2.88,2.92
2010-07-29,24.1299991607666,1101.530029296875,6.789612770080566,1168.4000244140625,17.452516555786133,2.88,2.92
2010-07-30,23.5,1101.5999755859375,6.827603340148926,1181.699951171875,17.48569679260254,2.79,2.91
2010-08-02,22.010000228881836,1125.8599853515625,6.814939022064209,1183.4000244140625,17.93694305419922,2.83,2.9
2010-08-03,22.6299991607666,1120.4599609375,6.833937168121338,1185.199951171875,17.797582626342773,2.78,2.92
2010-08-04,22.209999084472656,1127.239990234375,6.821274757385254,1193.699951171875,17.90376091003418,2.82,2.9
2010-08-05,22.100000381469727,1125.81005859375,6.827603340148926,1197.199951171875,17.83740234375,2.79,2.93
2010-08-06,21.739999771118164,1121.6400146484375,6.846610069274902,1203.4000244140625,17.804218292236328,2.71,2.94
2010-08-09,22.139999389648438,1127.7900390625,6.840273857116699,1200.699951171875,17.93030548095703,2.71,2.95
2010-08-10,22.3700008392334,1121.06005859375,6.852945804595947,1196.199951171875,17.69140625,2.64,3.05
2010-08-11,25.389999389648438,1089.469970703125,6.865614891052246,1197.5,17.180437088012695,2.57,3.03
2010-08-12,25.729999542236328,1083.6099853515625,6.846610069274902,1214.800048828125,17.173809051513672,2.58,3.04
2010-08-13,26.239999771118164,1079.25,6.865614891052246,1214.9000244140625,17.246795654296875,2.53,3.05
2010-08-16,26.100000381469727,1079.3800048828125,6.89094877243042,1224.5,17.38615608215332,2.42,3.0
2010-08-17,24.329999923706055,1092.5400390625,6.878277778625488,1226.5999755859375,17.571956634521484,2.47,2.99
2010-08-18,24.59000015258789,1094.1600341796875,6.871942520141602,1229.699951171875,17.571956634521484,2.48,2.94
2010-08-19,26.440000534057617,1075.6300048828125,6.89094877243042,1233.800048828125,17.46578598022461,2.42,2.93
2010-08-20,25.489999771118164,1071.68994140625,6.878277778625488,1227.199951171875,17.43924331665039,2.47,2.9
2010-08-23,25.65999984741211,1067.3599853515625,6.871942520141602,1226.9000244140625,17.326431274414062,2.44,2.94
2010-08-24,27.459999084472656,1051.8699951171875,6.903613567352295,1231.800048828125,17.10080909729004,2.34,2.95
2010-08-25,26.700000762939453,1055.3299560546875,6.89094877243042,1239.5,17.027816772460938,2.38,2.94
2010-08-26,27.3700008392334,1047.219970703125,6.903613567352295,1235.4000244140625,16.948184967041016,2.34,2.95
2010-08-27,24.450000762939453,1064.5899658203125,6.865614891052246,1236.0,17.213626861572266,2.51,2.96
2010-08-30,27.209999084472656,1048.9200439453125,6.89094877243042,1237.0999755859375,17.007902145385742,2.4,2.99
2010-08-31,26.049999237060547,1049.3299560546875,6.929048538208008,1248.300048828125,17.094173431396484,2.33,3.01
2010-09-01,23.889999389648438,1080.2900390625,6.9036455154418945,1246.300048828125,17.57859992980957,2.45,3.01
2010-09-02,23.190000534057617,1090.0999755859375,6.890946865081787,1251.5,17.63831901550293,2.49,3.02
2010-09-03,21.309999465942383,1104.510009765625,6.871888160705566,1249.199951171875,17.790939331054688,2.58,2.97
2010-09-07,23.799999237060547,1091.8399658203125,6.897294998168945,1257.300048828125,17.658227920532227,2.47,2.96
2010-09-08,23.25,1098.8699951171875,6.884594917297363,1255.5999755859375,17.757774353027344,2.52,2.95
2010-09-09,22.809999465942383,1104.1800537109375,6.852832317352295,1248.9000244140625,17.830766677856445,2.63,2.96
2010-09-10,21.989999771118164,1109.550048828125,6.846487522125244,1244.5,17.91039276123047,2.67,2.94
2010-09-13,21.209999084472656,1121.9000244140625,6.85918664932251,1245.0999755859375,18.282007217407227,2.59,2.97
2010-09-14,21.559999465942383,1121.0999755859375,6.8782429695129395,1269.699951171875,18.30191421508789,2.53,2.97
2010-09-15,22.100000381469727,1125.0699462890625,6.86553955078125,1266.699951171875,18.354999542236328,2.59,3.0
2010-09-16,21.719999313354492,1124.6600341796875,6.85918664932251,1271.9000244140625,18.262107849121094,2.61,3.02
2010-09-17,22.010000228881836,1125.5899658203125,6.85918664932251,1275.5999755859375,18.255464553833008,2.59,3.03
2010-09-20,21.5,1142.7099609375,6.86553955078125,1279.0,18.514266967773438,2.55,3.02
2010-09-21,22.350000381469727,1139.780029296875,6.890946865081787,1272.4000244140625,18.500991821289062,2.44,3.05
2010-09-22,22.510000228881836,1134.280029296875,6.897294998168945,1290.199951171875,18.494356155395508,2.4,3.05
2010-09-23,23.8700008392334,1124.8299560546875,6.9036455154418945,1294.300048828125,18.447904586791992,2.4,3.04
2010-09-24,21.709999084472656,1148.6700439453125,6.884594917297363,1296.0,18.72661018371582,2.47,3.05
2010-09-27,22.540000915527344,1142.1600341796875,6.910000324249268,1296.699951171875,18.71998405456543,2.38,3.04
2010-09-28,22.600000381469727,1147.699951171875,6.916345119476318,1306.5999755859375,18.81952476501465,2.32,3.06
2010-09-29,23.25,1144.72998046875,6.910000324249268,1308.5,18.912416458129883,2.36,3.06
2010-09-30,23.700000762939453,1141.199951171875,6.928467273712158,1307.800048828125,19.005327224731445,2.37,3.05
2010-10-01,22.5,1146.239990234375,6.928467273712158,1316.0999755859375,19.22431182861328,2.38,3.07
2010-10-04,23.530000686645508,1137.030029296875,6.941196918487549,1315.4000244140625,19.250852584838867,2.37,3.1
2010-10-05,21.760000228881836,1160.75,6.941196918487549,1338.9000244140625,19.536195755004883,2.38,3.11
2010-10-06,21.489999771118164,1159.969970703125,6.960307598114014,1346.4000244140625,19.569377899169922,2.28,3.13
2010-10-07,21.559999465942383,1158.06005859375,6.960307598114014,1333.9000244140625,19.456567764282227,2.28,3.18
2010-10-08,20.709999084472656,1165.1500244140625,6.960307598114014,1344.199951171875,19.54947280883789,2.29,3.21
2010-10-11,18.959999084472656,1165.3199462890625,6.960307598114014,1353.300048828125,19.58264923095703,2.29,3.21
2010-10-12,18.93000030517578,1169.77001953125,6.953934669494629,1345.699951171875,19.522924423217773,2.31,3.22
2010-10-13,19.06999969482422,1178.0999755859375,6.953934669494629,1369.5,19.808271408081055,2.33,3.22
2010-10-14,19.8799991607666,1173.81005859375,6.934836387634277,1376.699951171875,19.861352920532227,2.38,3.23
2010-10-15,19.030000686645508,1176.18994140625,6.915727615356445,1371.0999755859375,19.82154655456543,2.45,3.26
2010-10-18,19.09000015258789,1184.7099609375,6.934836387634277,1371.199951171875,19.755186080932617,2.37,3.26
2010-10-19,20.6299991607666,1165.9000244140625,6.947573661804199,1335.0999755859375,19.330490112304688,2.36,3.25
2010-10-20,19.790000915527344,1178.1700439453125,6.947573661804199,1343.300048828125,19.522924423217773,2.37,3.23
2010-10-21,19.270000457763672,1180.260009765625,6.934836387634277,1324.699951171875,19.52956771850586,2.44,3.2
2010-10-22,18.780000686645508,1183.0799560546875,6.934836387634277,1324.4000244140625,19.562746047973633,2.46,3.18
2010-10-25,19.850000381469727,1185.6199951171875,6.934836387634277,1338.300048828125,19.72864532470703,2.45,3.13
2010-10-26,20.219999313354492,1185.6400146484375,6.915727615356445,1338.0,19.768461227416992,2.53,3.13
2010-10-27,20.709999084472656,1182.449951171875,6.902991771697998,1322.199951171875,19.46319580078125,2.61,3.09
2010-10-28,20.8799991607666,1183.780029296875,6.915727615356445,1342.0999755859375,19.54947280883789,2.56,3.16
2010-10-29,21.200000762939453,1183.260009765625,6.953399181365967,1357.0999755859375,19.569377899169922,2.51,3.15
2010-11-01,21.829999923706055,1184.3800048828125,6.953399181365967,1350.199951171875,19.801637649536133,2.53,3.13
2010-11-02,21.56999969482422,1193.5699462890625,6.966167449951172,1356.4000244140625,19.95426368713379,2.5,3.08
2010-11-03,19.559999465942383,1197.9599609375,6.966167449951172,1337.0999755859375,20.113523483276367,2.54,3.16
2010-11-04,18.520000457763672,1221.06005859375,6.98532247543335,1382.699951171875,20.55813217163086,2.4,3.24
2010-11-05,18.260000228881836,1225.8499755859375,6.966167449951172,1397.300048828125,20.55813217163086,2.45,3.27
2010-11-08,18.290000915527344,1223.25,6.95978307723999,1402.800048828125,20.46523094177246,2.47,3.25
2010-11-09,19.079999923706055,1213.4000244140625,6.921474456787109,1409.800048828125,20.345788955688477,2.59,3.25
2010-11-10,18.469999313354492,1218.7099609375,6.927863121032715,1399.0999755859375,20.385602951049805,2.52,3.31
2010-11-11,18.639999389648438,1213.5400390625,6.927863121032715,1403.0999755859375,20.20642852783203,2.52,3.31
2010-11-12,20.610000610351562,1199.2099609375,6.902318954467773,1365.4000244140625,19.808271408081055,2.63,3.24
2010-11-15,20.200000762939453,1197.75,6.864010810852051,1368.4000244140625,19.748550415039062,2.78,3.2
2010-11-16,22.579999923706055,1178.3399658203125,6.883164405822754,1338.300048828125,19.350400924682617,2.7,3.15
2010-11-17,21.760000228881836,1178.5899658203125,6.883164405822754,1336.800048828125,19.33712387084961,2.75,3.13
2010-11-18,18.75,1196.68994140625,6.876777648925781,1352.9000244140625,19.72864532470703,2.75,3.12
2010-11-19,18.040000915527344,1199.72998046875,6.883164405822754,1352.199951171875,19.735280990600586,2.74,3.11
2010-11-22,18.3700008392334,1197.8399658203125,6.902318954467773,1357.699951171875,19.695457458496094,2.65,3.14
2010-11-23,20.6299991607666,1180.72998046875,6.908708572387695,1377.5,19.197772979736328,2.62,3.13
2010-11-24,19.559999465942383,1198.3499755859375,6.870398998260498,1372.9000244140625,19.50965690612793,2.77,3.1
2010-11-26,22.219999313354492,1189.4000244140625,6.883164405822754,1362.300048828125,19.118131637573242,2.71,3.07
2010-11-29,21.530000686645508,1187.760009765625,6.889545917510986,1366.0,19.151317596435547,2.66,3.04
2010-11-30,23.540000915527344,1180.550048828125,6.913875579833984,1385.0,19.038503646850586,2.64,3.03
2010-12-01,21.360000610351562,1206.0699462890625,6.862661838531494,1387.300048828125,19.58264923095703,2.81,3.01
2010-12-02,19.389999389648438,1221.530029296875,6.856261253356934,1388.5,19.867992401123047,2.85,2.99
2010-12-03,18.010000228881836,1224.7099609375,6.862661838531494,1405.4000244140625,19.940990447998047,2.89,3.02
2010-12-06,18.020000457763672,1223.1199951171875,6.888274192810059,1415.300048828125,19.994077682495117,2.8,3.02
2010-12-07,17.989999771118164,1223.75,6.837057113647461,1408.300048828125,19.974170684814453,3.01,2.99
2010-12-08,17.739999771118164,1228.280029296875,6.805052280426025,1382.5,19.814905166625977,3.11,2.9
2010-12-09,17.25,1233.0,6.805052280426025,1392.0999755859375,19.755186080932617,3.09,2.86
2010-12-10,17.610000610351562,1240.4000244140625,6.7858428955078125,1384.300048828125,19.801637649536133,3.19,2.79
2010-12-13,17.549999237060547,1240.4599609375,6.798641681671143,1397.300048828125,19.90117835998535,3.14,2.8
2010-12-14,17.610000610351562,1241.5899658203125,6.7666335105896,1403.5999755859375,19.994077682495117,3.34,2.75
2010-12-15,17.940000534057617,1235.22998046875,6.747429370880127,1385.5,19.768461227416992,3.39,2.74
2010-12-16,17.389999389648438,1242.8699951171875,6.760234832763672,1370.4000244140625,19.741912841796875,3.34,2.77
2010-12-17,16.110000610351562,1243.9100341796875,6.792239189147949,1378.5999755859375,19.781728744506836,3.22,2.73
2010-12-20,16.40999984741211,1247.0799560546875,6.792239189147949,1385.5,19.735280990600586,3.22,2.75
2010-12-21,16.489999771118164,1254.5999755859375,6.805052280426025,1388.199951171875,19.939998626708984,3.21,2.72
2010-12-22,15.449999809265137,1258.8399658203125,6.792239189147949,1386.800048828125,19.98713493347168,3.22,2.73
2010-12-23,16.469999313354492,1256.77001953125,6.783880233764648,1380.0,19.98713493347168,3.27,2.7
2010-12-27,17.670000076293945,1257.5400390625,6.790314674377441,1382.4000244140625,19.953466415405273,3.19,2.7
2010-12-28,17.520000457763672,1258.510009765625,6.7517266273498535,1405.199951171875,19.953466415405273,3.35,2.68
2010-12-29,17.280000686645508,1259.780029296875,6.796740531921387,1413.0999755859375,20.18242835998535,3.22,2.7
2010-12-30,17.520000457763672,1257.8800048828125,6.790314674377441,1405.5999755859375,20.337316513061523,3.26,2.69
2010-12-31,17.75,1257.6400146484375,6.834802150726318,1421.0999755859375,20.431591033935547,3.18,2.68
2011-01-03,17.610000610351562,1271.8699951171875,6.8219122886657715,1422.5999755859375,20.700963973999023,3.21,2.68
2011-01-04,17.3799991607666,1270.199951171875,6.828359127044678,1378.5,20.734634399414062,3.22,2.71
2011-01-05,17.020000457763672,1276.56005859375,6.789669990539551,1373.4000244140625,20.70769500732422,3.36,2.67
2011-01-06,17.399999618530273,1273.8499755859375,6.802566051483154,1371.4000244140625,20.519142150878906,3.29,2.67
2011-01-07,17.139999389648438,1271.5,6.828359127044678,1368.5,20.337316513061523,3.2,2.73
2011-01-10,17.540000915527344,1269.75,6.834802150726318,1373.699951171875,20.17569351196289,3.17,2.75
2011-01-11,16.889999389648438,1274.47998046875,6.8219122886657715,1384.0,20.330581665039062,3.22,2.68
2011-01-12,16.239999771118164,1285.9599609375,6.815464973449707,1385.699951171875,20.694231033325195,3.25,2.68
2011-01-13,16.389999389648438,1283.760009765625,6.834802150726318,1386.9000244140625,20.59995460510254,3.19,2.71
2011-01-14,15.460000038146973,1293.239990234375,6.828359127044678,1360.4000244140625,20.626882553100586,3.2,2.74
2011-01-18,15.869999885559082,1295.02001953125,6.8219122886657715,1368.0999755859375,20.593212127685547,3.23,2.72
2011-01-19,17.309999465942383,1281.9200439453125,6.828359127044678,1370.199951171875,20.498939514160156,3.21,2.7
2011-01-20,17.989999771118164,1280.260009765625,6.802566051483154,1346.5,20.276708602905273,3.31,2.7
2011-01-21,18.469999313354492,1283.3499755859375,6.809011936187744,1341.0,20.155485153198242,3.28,2.68
2011-01-24,17.649999618530273,1290.8399658203125,6.809011936187744,1344.5,20.195898056030273,3.27,2.67
2011-01-25,17.59000015258789,1291.1800537109375,6.828359127044678,1332.300048828125,20.135286331176758,3.19,2.66
2011-01-26,16.639999389648438,1296.6300048828125,6.809011936187744,1333.0,20.290176391601562,3.29,2.68
2011-01-27,16.149999618530273,1299.5400390625,6.8219122886657715,1318.4000244140625,20.256502151489258,3.27,2.67
2011-01-28,20.040000915527344,1276.3399658203125,6.834802150726318,1340.699951171875,19.81878662109375,3.21,2.7
2011-01-31,19.530000686645508,1286.1199951171875,6.84061861038208,1333.800048828125,19.865924835205078,3.27,2.68
2011-02-01,17.6299991607666,1307.5899658203125,6.821227550506592,1339.5999755859375,20.155485153198242,3.33,2.66
2011-02-02,17.299999237060547,1304.030029296875,6.814760208129883,1331.5,20.189165115356445,3.36,2.64
2011-02-03,16.690000534057617,1307.0999755859375,6.795362949371338,1352.300048828125,20.195898056030273,3.44,2.61
2011-02-04,15.930000305175781,1310.8699951171875,6.769501686096191,1348.300048828125,20.168960571289062,3.53,2.57
2011-02-07,16.280000686645508,1319.050048828125,6.769501686096191,1347.5999755859375,20.074682235717773,3.52,2.53
2011-02-08,15.8100004196167,1324.5699462890625,6.7436394691467285,1363.4000244140625,20.034271240234375,3.6,2.5
2011-02-09,15.869999885559082,1320.8800048828125,6.763034343719482,1364.800048828125,19.690834045410156,3.51,2.53
2011-02-10,16.09000015258789,1321.8699951171875,6.7436394691467285,1361.9000244140625,19.36085319519043,3.58,2.55
2011-02-11,15.6899995803833,1329.1500244140625,6.763034343719482,1359.9000244140625,19.44839859008789,3.52,2.56
2011-02-14,15.949999809265137,1332.3199462890625,6.769501686096191,1364.5999755859375,19.636953353881836,3.49,2.53
2011-02-15,16.3700008392334,1328.010009765625,6.7759690284729,1373.5999755859375,19.583080291748047,3.48,2.53
2011-02-16,16.719999313354492,1336.3199462890625,6.7759690284729,1374.699951171875,19.697559356689453,3.5,2.53
2011-02-17,16.59000015258789,1340.4300537109375,6.788899898529053,1384.699951171875,19.798582077026367,3.49,2.56
2011-02-18,16.43000030517578,1343.010009765625,6.788899898529053,1388.199951171875,19.939998626708984,3.49,2.58
2011-02-22,20.799999237060547,1315.43994140625,6.814760208129883,1400.5,19.414737701416016,3.34,2.62
2011-02-23,22.1299991607666,1307.4000244140625,6.814760208129883,1413.4000244140625,19.38105583190918,3.37,2.6
2011-02-24,21.31999969482422,1306.0999755859375,6.821227550506592,1415.300048828125,19.313720703125,3.33,2.59
2011-02-25,19.219999313354492,1319.8800048828125,6.827690601348877,1408.699951171875,19.556142807006836,3.29,2.6
2011-02-28,18.350000381469727,1327.219970703125,6.851672172546387,1409.300048828125,19.697559356689453,3.27,2.57
2011-03-01,21.010000228881836,1306.3299560546875,6.858155250549316,1430.699951171875,19.57634925842285,3.27,2.59
2011-03-02,20.700000762939453,1308.43994140625,6.838714599609375,1437.199951171875,19.764911651611328,3.33,2.6
2011-03-03,18.600000381469727,1330.969970703125,6.812781810760498,1416.0,20.121814727783203,3.45,2.55
2011-03-04,19.059999465942383,1321.1500244140625,6.838714599609375,1428.199951171875,20.142026901245117,3.37,2.6
2011-03-07,20.65999984741211,1310.1300048828125,6.832230091094971,1434.0999755859375,20.034271240234375,3.4,2.59
2011-03-08,19.81999969482422,1321.8199462890625,6.81926155090332,1426.9000244140625,20.168960571289062,3.45,2.59
2011-03-09,20.219999313354492,1320.02001953125,6.838714599609375,1429.300048828125,20.17569351196289,3.38,2.61
2011-03-10,21.8799991607666,1295.1099853515625,6.871123790740967,1412.199951171875,19.711034774780273,3.29,2.66
2011-03-11,20.079999923706055,1304.280029296875,6.864641189575195,1421.5,19.731233596801758,3.32,2.63
2011-03-14,21.1299991607666,1296.3900146484375,6.871123790740967,1424.5999755859375,19.859182357788086,3.27,2.65
2011-03-15,24.31999969482422,1281.8699951171875,6.877607345581055,1392.5999755859375,19.50227928161621,3.23,2.68
2011-03-16,29.399999618530273,1256.8800048828125,6.9035325050354,1396.0,19.26658058166504,3.12,2.71
2011-03-17,26.3700008392334,1273.719970703125,6.89056921005249,1404.0,19.36759376525879,3.17,2.72
2011-03-18,24.440000534057617,1279.2099609375,6.89056921005249,1415.9000244140625,19.509010314941406,3.21,2.69
2011-03-21,20.610000610351562,1298.3800048828125,6.871123790740967,1426.199951171875,19.764911651611328,3.24,2.64
2011-03-22,20.209999084472656,1293.77001953125,6.864641189575195,1427.5,19.886117935180664,3.24,2.64
2011-03-23,19.170000076293945,1297.5400390625,6.864641189575195,1437.9000244140625,20.027544021606445,3.27,2.63
2011-03-24,18.0,1309.6600341796875,6.851672172546387,1434.800048828125,20.24976921081543,3.33,2.59
2011-03-25,17.90999984741211,1313.800048828125,6.838714599609375,1426.0999755859375,20.296907424926758,3.37,2.58
2011-03-28,19.440000534057617,1310.18994140625,6.838714599609375,1419.800048828125,20.20937156677246,3.36,2.56
2011-03-29,18.15999984741211,1319.43994140625,6.825743198394775,1416.0,20.37098503112793,3.4,2.59
2011-03-30,17.709999084472656,1328.260009765625,6.838714599609375,1423.800048828125,20.653827667236328,3.37,2.59
2011-03-31,17.739999771118164,1325.8299560546875,6.851711273193359,1438.9000244140625,20.795249938964844,3.38,2.58
2011-04-01,17.399999618530273,1332.4100341796875,6.851711273193359,1428.0999755859375,21.131946563720703,3.39,2.58
2011-04-04,17.5,1332.8699951171875,6.864712715148926,1432.199951171875,21.246435165405273,3.39,2.58
2011-04-05,17.25,1332.6300048828125,6.845206260681152,1451.800048828125,21.266637802124023,3.43,2.55
2011-04-06,16.899999618530273,1335.5400390625,6.832211017608643,1457.699951171875,21.408050537109375,3.5,2.55
2011-04-07,17.110000610351562,1333.510009765625,6.832211017608643,1458.5,21.401323318481445,3.54,2.57
2011-04-08,17.8700008392334,1328.1700439453125,6.825713634490967,1473.4000244140625,21.41478729248047,3.55,2.56
2011-04-11,16.59000015258789,1324.4599609375,6.825713634490967,1467.4000244140625,21.266637802124023,3.54,2.55
2011-04-12,17.09000015258789,1314.1600341796875,6.851711273193359,1452.9000244140625,20.90972900390625,3.47,2.58
2011-04-13,16.920000076293945,1314.4100341796875,6.858216285705566,1454.9000244140625,21.037675857543945,3.43,2.58
2011-04-14,16.270000457763672,1314.52001953125,6.851711273193359,1471.699951171875,21.071348190307617,3.44,2.55
2011-04-15,15.319999694824219,1319.6800537109375,6.877711296081543,1485.300048828125,21.071348190307617,3.36,2.56
2011-04-18,16.959999084472656,1305.1400146484375,6.890717506408691,1492.300048828125,20.660560607910156,3.33,2.58
2011-04-19,15.829999923706055,1312.6199951171875,6.897219181060791,1494.5,20.849109649658203,3.33,2.56
2011-04-20,15.069999694824219,1330.3599853515625,6.884218215942383,1498.300048828125,21.320512771606445,3.37,2.55
2011-04-21,14.6899995803833,1337.3800048828125,6.884218215942383,1503.199951171875,21.475400924682617,3.36,2.57
2011-04-25,15.770000457763672,1335.25,6.897219181060791,1508.5999755859375,21.448463439941406,3.32,2.58
2011-04-26,15.619999885559082,1347.239990234375,6.910221576690674,1503.0,21.502336502075195,3.27,2.57
2011-04-27,15.350000381469727,1355.6600341796875,6.903718948364258,1516.699951171875,21.52927589416504,3.33,2.57
2011-04-28,14.619999885559082,1360.47998046875,6.916723251342773,1530.800048828125,21.461929321289062,3.3,2.59
2011-04-29,14.75,1363.6099853515625,6.94214391708374,1556.0,21.515806198120117,3.28,2.58
2011-05-02,15.989999771118164,1361.219970703125,6.94214391708374,1556.699951171875,21.475400924682617,3.26,2.57
2011-05-03,16.700000762939453,1356.6199951171875,6.955179691314697,1540.0999755859375,21.152156829833984,3.25,2.57
2011-05-04,17.079999923706055,1347.3199462890625,6.961701393127441,1514.9000244140625,20.8087158203125,3.22,2.56
2011-05-05,18.200000762939453,1335.0999755859375,6.981252193450928,1480.9000244140625,20.579742431640625,3.16,2.59
2011-05-06,18.399999618530273,1340.199951171875,6.981252193450928,1491.199951171875,20.694231033325195,3.17,2.6
2011-05-09,17.15999984741211,1346.2900390625,6.981252193450928,1502.9000244140625,20.775039672851562,3.14,2.64
2011-05-10,15.90999984741211,1357.1600341796875,6.961701393127441,1516.5999755859375,20.916452407836914,3.2,2.61
2011-05-11,16.950000762939453,1342.0799560546875,6.974733829498291,1501.0999755859375,20.680761337280273,3.16,2.61
2011-05-12,16.030000686645508,1348.6500244140625,6.968215465545654,1506.5999755859375,20.573013305664062,3.2,2.64
2011-05-13,17.06999969482422,1337.77001953125,6.981252193450928,1493.4000244140625,20.357513427734375,3.15,2.64
2011-05-16,18.239999771118164,1329.469970703125,6.987775802612305,1490.4000244140625,20.2430362701416,3.11,2.6
2011-05-17,17.549999237060547,1328.97998046875,7.00080680847168,1479.800048828125,20.290176391601562,3.08,2.59
2011-05-18,16.229999542236328,1340.6800537109375,6.981252193450928,1495.5999755859375,20.4921932220459,3.13,2.59
2011-05-19,15.520000457763672,1343.5999755859375,6.981252193450928,1492.199951171875,20.431591033935547,3.12,2.61
2011-05-20,17.43000030517578,1333.27001953125,6.987775802612305,1508.800048828125,20.337316513061523,3.1,2.63
2011-05-23,18.270000457763672,1317.3699951171875,6.99429178237915,1515.300048828125,19.886117935180664,3.07,2.62
2011-05-24,17.81999969482422,1316.280029296875,6.99429178237915,1523.199951171875,20.088150024414062,3.06,2.62
2011-05-25,17.06999969482422,1320.469970703125,6.99429178237915,1526.5999755859375,20.034271240234375,3.07,2.64
2011-05-26,16.09000015258789,1325.68994140625,7.0138444900512695,1522.800048828125,20.303647994995117,3.02,2.64
2011-05-27,15.979999542236328,1331.0999755859375,7.007331371307373,1536.300048828125,20.519142150878906,3.02,2.65
2011-05-31,15.449999809265137,1345.199951171875,7.032815456390381,1535.9000244140625,20.90972900390625,2.99,2.65
2011-06-01,18.299999237060547,1314.550048828125,7.058963298797607,1542.4000244140625,20.633623123168945,2.91,2.68
2011-06-02,18.09000015258789,1312.93994140625,7.032815456390381,1532.0,20.721174240112305,3.0,2.7
2011-06-03,17.950000762939453,1300.1600341796875,7.045888423919678,1541.699951171875,20.626882553100586,2.95,2.73
2011-06-06,18.489999771118164,1286.1700439453125,7.039361953735352,1546.5,20.391189575195312,2.96,2.75
2011-06-07,18.06999969482422,1284.93994140625,7.05242395401001,1543.300048828125,20.552806854248047,2.96,2.75
2011-06-08,18.790000915527344,1279.56005859375,7.058963298797607,1538.0999755859375,20.438323974609375,2.94,2.73
2011-06-09,17.770000457763672,1289.0,7.039361953735352,1542.0999755859375,20.47199821472168,2.96,2.73
2011-06-10,18.860000610351562,1270.97998046875,7.045888423919678,1528.5999755859375,20.108360290527344,2.94,2.71
2011-06-13,19.610000610351562,1271.8299560546875,7.039361953735352,1515.0,20.108360290527344,2.95,2.72
2011-06-14,18.260000228881836,1287.8699951171875,7.00667142868042,1523.800048828125,20.32384490966797,3.06,2.71
2011-06-15,21.31999969482422,1265.4200439453125,7.039361953735352,1525.5999755859375,20.00734519958496,2.93,2.74
2011-06-16,22.729999542236328,1267.6400146484375,7.045888423919678,1529.300048828125,19.798582077026367,2.88,2.75
2011-06-17,21.850000381469727,1271.5,7.039361953735352,1538.5999755859375,19.771644592285156,2.9,2.79
2011-06-20,19.989999771118164,1278.3599853515625,7.039361953735352,1541.5,19.72450065612793,2.94,2.76
2011-06-21,18.860000610351562,1295.52001953125,7.032815456390381,1546.0,19.993871688842773,2.96,2.75
2011-06-22,18.520000457763672,1287.1400146484375,7.039361953735352,1552.9000244140625,19.933271408081055,2.99,2.74
2011-06-23,19.290000915527344,1283.5,7.05242395401001,1520.0999755859375,19.82550621032715,2.92,2.76
2011-06-24,21.100000381469727,1268.449951171875,7.058963298797607,1500.5,19.852449417114258,2.86,2.83
2011-06-27,20.559999465942383,1280.0999755859375,7.039361953735352,1496.0,19.98040199279785,2.93,2.87
2011-06-28,19.170000076293945,1296.6700439453125,7.00667142868042,1499.699951171875,20.17569351196289,3.02,2.81
2011-06-29,17.270000457763672,1307.4100341796875,6.993598937988281,1509.9000244140625,20.377723693847656,3.12,2.75
2011-06-30,16.520000457763672,1320.6400146484375,7.00539493560791,1502.300048828125,20.593212127685547,3.15,2.72
2011-07-01,15.869999885559082,1339.6700439453125,6.998841285705566,1482.300048828125,20.869321823120117,3.2,2.69
2011-07-05,16.059999465942383,1337.8800048828125,7.018500328063965,1512.300048828125,20.896249771118164,3.14,2.74
2011-07-06,16.34000015258789,1339.219970703125,7.025056838989258,1528.699951171875,20.8087158203125,3.11,2.73
2011-07-07,15.949999809265137,1353.219970703125,7.01194953918457,1530.199951171875,21.010732650756836,3.14,2.69
2011-07-08,15.949999809265137,1343.800048828125,7.04471492767334,1541.199951171875,20.842388153076172,3.0,2.73
2011-07-11,18.389999389648438,1319.489990234375,7.070927143096924,1548.800048828125,20.391189575195312,2.91,2.76
2011-07-12,19.8700008392334,1313.6400146484375,7.070927143096924,1561.9000244140625,20.121814727783203,2.89,2.77
2011-07-13,19.90999984741211,1317.719970703125,7.077484607696533,1585.199951171875,20.37098503112793,2.91,2.76
2011-07-14,20.799999237060547,1308.8699951171875,7.05783224105835,1589.0,20.310379028320312,2.97,2.76
2011-07-15,19.530000686645508,1316.1400146484375,7.064378261566162,1589.800048828125,20.424863815307617,2.92,2.8
2011-07-18,20.950000762939453,1305.43994140625,7.05783224105835,1602.0999755859375,20.148761749267578,2.92,2.84
2011-07-19,19.209999084472656,1326.72998046875,7.070927143096924,1600.9000244140625,20.37098503112793,2.88,2.78
2011-07-20,19.09000015258789,1325.8399658203125,7.05783224105835,1596.699951171875,20.424863815307617,2.94,2.8
2011-07-21,17.559999465942383,1343.800048828125,7.04471492767334,1586.800048828125,20.653827667236328,2.98,2.77
2011-07-22,17.520000457763672,1345.02001953125,7.05783224105835,1601.300048828125,20.71442985534668,2.94,2.75
2011-07-25,19.350000381469727,1337.4300537109375,7.04471492767334,1612.0,20.660560607910156,2.98,2.77
2011-07-26,20.229999542236328,1331.93994140625,7.05783224105835,1616.5999755859375,20.72789764404297,2.92,2.76
2011-07-27,22.979999542236328,1304.8900146484375,7.04471492767334,1615.0,20.512401580810547,2.93,2.73
2011-07-28,23.739999771118164,1300.6700439453125,7.05783224105835,1613.4000244140625,20.50567054748535,2.91,2.73
2011-07-29,25.25,1292.280029296875,7.115645885467529,1628.300048828125,20.424863815307617,2.72,2.77
2011-08-01,23.65999984741211,1286.93994140625,7.135349273681641,1619.0,20.519142150878906,2.67,2.77
2011-08-02,24.790000915527344,1254.050048828125,7.174769878387451,1641.9000244140625,20.067947387695312,2.6,2.74
2011-08-03,23.3799991607666,1260.3399658203125,7.174769878387451,1663.4000244140625,19.892858505249023,2.62,2.72
2011-08-04,31.65999984741211,1200.0699462890625,7.220765113830566,1656.199951171875,18.88945960998535,2.45,2.77
2011-08-05,32.0,1199.3800048828125,7.168201923370361,1648.800048828125,18.72110939025879,2.57,2.77
2011-08-08,48.0,1119.4599609375,7.2010579109191895,1710.199951171875,17.333860397338867,2.35,2.88
2011-08-09,35.060001373291016,1172.530029296875,7.220765113830566,1740.0,17.993812561035156,2.17,3.01
2011-08-10,42.9900016784668,1120.760009765625,7.2667555809021,1781.300048828125,17.253047943115234,2.15,3.03
2011-08-11,39.0,1172.6400146484375,7.194488048553467,1748.800048828125,18.01401710510254,2.31,3.15
2011-08-12,36.36000061035156,1178.81005859375,7.220765113830566,1740.199951171875,17.946672439575195,2.22,3.14
2011-08-15,31.8700008392334,1204.489990234375,7.207627296447754,1755.5,18.431537628173828,2.27,3.15
2011-08-16,32.849998474121094,1192.760009765625,7.227336406707764,1782.4000244140625,18.296852111816406,2.2,3.12
2011-08-17,31.579999923706055,1193.8900146484375,7.247048377990723,1791.199951171875,18.41806983947754,2.16,3.11
2011-08-18,42.66999816894531,1140.6500244140625,7.260190963745117,1818.9000244140625,17.65036392211914,2.07,3.12
2011-08-19,43.04999923706055,1123.530029296875,7.253616809844971,1848.9000244140625,17.347318649291992,2.05,3.12
2011-08-22,42.439998626708984,1123.8199462890625,7.247048377990723,1888.699951171875,17.34058952331543,2.09,3.13
2011-08-23,36.27000045776367,1162.3499755859375,7.220765113830566,1858.300048828125,17.89952850341797,2.14,3.19
2011-08-24,35.900001525878906,1177.5999755859375,7.174769878387451,1754.0999755859375,17.771577835083008,2.27,3.21
2011-08-25,39.7599983215332,1159.27001953125,7.187913417816162,1759.800048828125,17.434865951538086,2.22,3.25
2011-08-26,35.59000015258789,1176.800048828125,7.2010579109191895,1794.0999755859375,17.69076919555664,2.18,3.25
2011-08-29,32.279998779296875,1210.0799560546875,7.181343078613281,1788.4000244140625,18.209306716918945,2.26,3.25
2011-08-30,32.88999938964844,1212.9200439453125,7.207627296447754,1826.699951171875,18.31031608581543,2.18,3.22
2011-08-31,31.6200008392334,1218.8900146484375,7.220145225524902,1828.5,18.673961639404297,2.21,3.25
2011-09-01,31.81999969482422,1204.4200439453125,7.246492385864258,1826.0,18.633560180664062,2.13,3.23
2011-09-02,33.91999816894531,1173.969970703125,7.279433727264404,1873.699951171875,18.256444931030273,2.0,3.18
2011-09-06,37.0,1165.239990234375,7.28601598739624,1869.9000244140625,17.91973114013672,1.96,3.21
2011-09-07,33.380001068115234,1198.6199951171875,7.25966739654541,1814.199951171875,18.424800872802734,2.03,3.25
2011-09-08,34.31999969482422,1185.9000244140625,7.272843360900879,1854.4000244140625,18.175628662109375,1.98,3.26
2011-09-09,38.52000045776367,1154.22998046875,7.28601598739624,1856.4000244140625,17.65036392211914,1.92,3.28
2011-09-12,38.59000015258789,1162.27001953125,7.272843360900879,1809.9000244140625,17.421403884887695,1.93,3.29
2011-09-13,36.90999984741211,1172.8699951171875,7.25966739654541,1826.800048828125,17.448339462280273,1.99,3.32
2011-09-14,34.599998474121094,1188.6800537109375,7.25966739654541,1823.5,17.360795974731445,2.02,3.3
2011-09-15,31.969999313354492,1209.1099853515625,7.23990535736084,1778.5,17.54935646057129,2.08,3.31
2011-09-16,30.979999542236328,1216.010009765625,7.246492385864258,1812.0999755859375,17.64363670349121,2.07,3.31
2011-09-19,32.72999954223633,1204.0899658203125,7.272843360900879,1776.4000244140625,17.185710906982422,1.96,3.31
2011-09-20,32.86000061035156,1202.0899658203125,7.272843360900879,1806.5999755859375,17.125097274780273,1.94,3.35
2011-09-21,37.31999969482422,1166.760009765625,7.299193382263184,1805.5,16.620023727416992,1.87,3.26
2011-09-22,41.349998474121094,1129.56005859375,7.332134246826172,1739.199951171875,15.623368263244629,1.72,3.32
2011-09-23,41.25,1136.4300537109375,7.292603969573975,1637.5,15.616632461547852,1.83,3.31
2011-09-26,39.02000045776367,1162.949951171875,7.266257286071777,1592.5,15.60989761352539,1.89,3.37
2011-09-27,37.709999084472656,1175.3800048828125,7.23990535736084,1650.5999755859375,16.114965438842773,1.99,3.39
2011-09-28,41.08000183105469,1151.06005859375,7.23990535736084,1616.300048828125,15.859068870544434,2.01,3.35
2011-09-29,38.84000015258789,1160.4000244140625,7.23990535736084,1615.5,16.074552536010742,1.97,3.3
2011-09-30,42.959999084472656,1131.4200439453125,7.284817695617676,1620.4000244140625,15.657036781311035,1.9,3.3
2011-10-03,45.45000076293945,1099.22998046875,7.31123161315918,1656.0,15.104830741882324,1.78,3.31
2011-10-04,40.81999969482422,1123.949951171875,7.284817695617676,1614.699951171875,15.219315528869629,1.8,3.33
2011-10-05,37.810001373291016,1144.030029296875,7.271609306335449,1640.300048828125,15.3742036819458,1.92,3.36
2011-10-06,36.27000045776367,1164.969970703125,7.238586902618408,1651.9000244140625,15.825390815734863,2.0,3.34
2011-10-07,36.20000076293945,1155.4599609375,7.225372791290283,1634.5,15.865798950195312,2.09,3.32
2011-10-10,33.02000045776367,1194.8900146484375,7.19895601272583,1669.5999755859375,16.4045352935791,2.09,3.32
2011-10-11,32.86000061035156,1195.5400390625,7.205560684204102,1659.699951171875,16.451677322387695,2.16,3.32
2011-10-12,31.260000228881836,1207.25,7.19895601272583,1681.300048828125,16.86919593811035,2.22,3.33
2011-10-13,30.700000762939453,1203.6600341796875,7.212164402008057,1667.300048828125,16.855728149414062,2.17,3.29
2011-10-14,28.239999771118164,1224.5799560546875,7.19895601272583,1681.800048828125,17.057756423950195,2.24,3.26
2011-10-17,33.38999938964844,1200.8599853515625,7.225372791290283,1675.5,16.741249084472656,2.14,3.26
2011-10-18,31.559999465942383,1225.3800048828125,7.218770503997803,1651.699951171875,16.923072814941406,2.15,3.23
2011-10-19,34.439998626708984,1209.8800048828125,7.225372791290283,1646.0,16.721040725708008,2.15,3.21
2011-10-20,34.779998779296875,1215.3900146484375,7.218770503997803,1611.9000244140625,16.444936752319336,2.17,3.2
2011-10-21,31.31999969482422,1238.25,7.212164402008057,1635.0999755859375,16.74797821044922,2.21,3.18
2011-10-24,29.260000228881836,1254.18994140625,7.212164402008057,1651.5,17.320390701293945,2.23,3.16
2011-10-25,32.220001220703125,1229.050048828125,7.251791000366211,1699.5999755859375,17.11836814880371,2.13,3.14
2011-10-26,29.860000610351562,1242.0,7.231983184814453,1722.699951171875,17.455076217651367,2.21,3.1
2011-10-27,25.459999084472656,1284.5899658203125,7.19895601272583,1746.699951171875,18.222776412963867,2.4,3.04
2011-10-28,24.530000686645508,1285.0899658203125,7.225372791290283,1746.199951171875,18.31031608581543,2.33,2.99
2011-10-31,29.959999084472656,1253.300048828125,7.296886920928955,1724.199951171875,17.771577835083008,2.16,3.02
2011-11-01,34.77000045776367,1218.280029296875,7.336612224578857,1711.0,17.354063034057617,2.0,3.03
2011-11-02,32.7400016784668,1237.9000244140625,7.32336950302124,1728.699951171875,17.778318405151367,2.02,3.03
2011-11-03,30.5,1261.1500244140625,7.303511142730713,1764.199951171875,17.87932586669922,2.08,3.04
2011-11-04,30.15999984741211,1253.22998046875,7.310129642486572,1755.300048828125,17.865863800048828,2.05,3.06
2011-11-07,29.850000381469727,1261.1199951171875,7.3167548179626465,1790.300048828125,18.01401710510254,2.03,3.02
2011-11-08,27.479999542236328,1275.9200439453125,7.29026985168457,1798.4000244140625,18.11502456665039,2.09,3.05
2011-11-09,36.15999984741211,1229.0999755859375,7.310129642486572,1790.9000244140625,17.327119827270508,1.99,3.08
2011-11-10,32.810001373291016,1239.699951171875,7.29026985168457,1758.9000244140625,17.34058952331543,2.03,3.14
2011-11-11,30.040000915527344,1263.8499755859375,7.277022838592529,1787.5,17.670568466186523,2.03,3.14
2011-11-14,31.1299991607666,1251.780029296875,7.29026985168457,1777.800048828125,17.54935646057129,2.03,3.13
2011-11-15,31.219999313354492,1257.81005859375,7.283642768859863,1781.699951171875,17.569549560546875,2.05,3.14
2011-11-16,33.5099983215332,1236.9100341796875,7.296886920928955,1773.800048828125,17.246315002441406,2.0,3.17
2011-11-17,34.5099983215332,1216.1300048828125,7.296886920928955,1719.800048828125,17.0106201171875,1.94,3.16
2011-11-18,32.0,1215.6500244140625,7.283642768859863,1724.699951171875,16.855728149414062,2.0,3.14
2011-11-21,32.90999984741211,1192.97998046875,7.29026985168457,1678.300048828125,16.370861053466797,1.95,3.15
2011-11-22,31.969999313354492,1188.0400390625,7.296886920928955,1702.199951171875,16.38433074951172,1.92,3.17
2011-11-23,33.97999954223633,1161.7900390625,7.303511142730713,1695.699951171875,15.912936210632324,1.87,3.15
2011-11-25,34.470001220703125,1158.6700439453125,7.277022838592529,1685.5,15.83212947845459,1.95,3.18
2011-11-28,32.130001068115234,1192.550048828125,7.283642768859863,1710.800048828125,16.411270141601562,1.94,3.19
2011-11-29,30.639999389648438,1195.18994140625,7.270400524139404,1713.4000244140625,16.45841407775879,1.98,3.22
2011-11-30,27.799999237060547,1246.9599609375,7.27504825592041,1745.5,17.165502548217773,2.07,3.24
2011-12-01,27.40999984741211,1244.5799560546875,7.268412113189697,1735.300048828125,17.347318649291992,2.1,3.3
2011-12-02,27.520000457763672,1244.280029296875,7.29495906829834,1747.0,17.306922912597656,2.03,3.24
2011-12-05,27.84000015258789,1257.0799560546875,7.29495906829834,1730.699951171875,17.468544006347656,2.03,3.25
2011-12-06,28.1299991607666,1258.469970703125,7.288318634033203,1727.9000244140625,17.306922912597656,2.07,3.26
2011-12-07,28.670000076293945,1261.010009765625,7.301602363586426,1740.9000244140625,17.34058952331543,2.0,3.26
2011-12-08,30.59000015258789,1234.3499755859375,7.31487512588501,1709.800048828125,16.896135330200195,1.98,3.26
2011-12-09,26.3799991607666,1255.18994140625,7.288318634033203,1712.800048828125,17.057756423950195,2.06,3.28
2011-12-12,25.670000076293945,1236.469970703125,7.301602363586426,1664.199951171875,16.606565475463867,2.02,3.27
2011-12-13,25.40999984741211,1225.72998046875,7.31487512588501,1659.9000244140625,16.45841407775879,1.95,3.29
2011-12-14,26.040000915527344,1211.8199462890625,7.334787845611572,1584.300048828125,16.236183166503906,1.91,3.24
2011-12-15,25.110000610351562,1215.75,7.328156471252441,1574.5999755859375,16.236183166503906,1.92,3.27
2011-12-16,24.290000915527344,1219.6600341796875,7.341426849365234,1595.5999755859375,16.316991806030273,1.86,3.26
2011-12-19,24.920000076293945,1205.3499755859375,7.354700088500977,1594.4000244140625,16.007217407226562,1.81,3.26
2011-12-20,23.219999313354492,1241.300048828125,7.3215155601501465,1615.5999755859375,16.467992782592773,1.93,3.27
2011-12-21,21.43000030517578,1243.719970703125,7.301602363586426,1611.9000244140625,16.564411163330078,1.97,3.3
2011-12-22,21.15999984741211,1254.0,7.308932304382324,1608.9000244140625,16.7159481048584,1.96,3.29
2011-12-23,20.729999542236328,1265.3299560546875,7.2889323234558105,1604.699951171875,16.82614517211914,2.02,3.32
2011-12-27,21.90999984741211,1265.4300537109375,7.295600891113281,1594.199951171875,16.74349021911621,2.0,3.3
2011-12-28,23.520000457763672,1249.6400146484375,7.3222761154174805,1562.9000244140625,16.461105346679688,1.92,3.25
2011-12-29,22.649999618530273,1263.02001953125,7.328934669494629,1539.9000244140625,16.633285522460938,1.89,3.28
2011-12-30,23.399999618530273,1257.5999755859375,7.353675842285156,1565.800048828125,16.605741500854492,1.87,3.27
2012-01-03,22.969999313354492,1277.06005859375,7.34030294418335,1599.699951171875,17.05342674255371,1.95,3.29
2012-01-04,22.219999313354492,1277.300048828125,7.333619594573975,1611.9000244140625,17.005216598510742,1.98,3.3
2012-01-05,21.479999542236328,1281.06005859375,7.326937198638916,1619.4000244140625,16.950117111206055,2.0,3.27
2012-01-06,20.6299991607666,1277.81005859375,7.34030294418335,1616.0999755859375,16.79859161376953,1.96,3.27
2012-01-09,21.06999969482422,1280.699951171875,7.346992492675781,1607.5,16.915679931640625,1.97,3.28
2012-01-10,20.690000534057617,1292.0799560546875,7.34030294418335,1631.0,17.253170013427734,1.98,3.25
2012-01-11,21.049999237060547,1292.47998046875,7.3603620529174805,1639.199951171875,17.246278762817383,1.91,3.27
2012-01-12,20.469999313354492,1295.5,7.3603620529174805,1647.300048828125,17.3358154296875,1.91,3.27
2012-01-13,20.90999984741211,1289.0899658203125,7.373730659484863,1630.4000244140625,17.253170013427734,1.86,3.24
2012-01-17,22.200000762939453,1293.6700439453125,7.3804168701171875,1655.199951171875,17.56310272216797,1.84,3.24
2012-01-18,20.889999389648438,1308.0400390625,7.3603620529174805,1659.5,17.89369773864746,1.89,3.25
2012-01-19,19.8700008392334,1314.5,7.346992492675781,1654.0999755859375,18.065889358520508,1.96,3.22
2012-01-20,18.280000686645508,1315.3800048828125,7.333619594573975,1663.699951171875,18.100326538085938,2.0,3.24
2012-01-23,18.670000076293945,1316.0,7.326937198638916,1678.0,18.16231918334961,2.05,3.24
2012-01-24,18.90999984741211,1314.6500244140625,7.326937198638916,1664.199951171875,18.148542404174805,2.04,3.25
2012-01-25,18.309999465942383,1326.06005859375,7.34030294418335,1699.800048828125,18.313840866088867,1.97,3.31
2012-01-26,18.56999969482422,1318.4300537109375,7.367048740386963,1726.300048828125,18.382713317871094,1.91,3.28
2012-01-27,18.530000686645508,1316.3299560546875,7.373730659484863,1731.800048828125,18.486026763916016,1.87,3.28
2012-01-30,19.399999618530273,1313.010009765625,7.387097358703613,1731.0,18.279399871826172,1.82,3.25
2012-01-31,19.440000534057617,1312.4100341796875,7.417924404144287,1737.800048828125,18.451589584350586,1.77,3.24
2012-02-01,18.549999237060547,1324.0899658203125,7.411216735839844,1747.0999755859375,18.74086570739746,1.81,3.25
2012-02-02,17.979999542236328,1325.5400390625,7.417924404144287,1756.800048828125,18.906166076660156,1.78,3.25
2012-02-03,17.100000381469727,1344.9000244140625,7.391121864318848,1737.9000244140625,19.154115676879883,1.89,3.26
2012-02-06,17.760000228881836,1344.3299560546875,7.404526233673096,1722.800048828125,19.002588272094727,1.85,3.22
2012-02-07,17.649999618530273,1347.050048828125,7.384420871734619,1746.4000244140625,19.023252487182617,1.92,3.19
2012-02-08,18.15999984741211,1349.9599609375,7.384420871734619,1729.300048828125,19.22298812866211,1.92,3.17
2012-02-09,18.6299991607666,1351.949951171875,7.377719402313232,1739.0,19.264312744140625,1.95,3.18
2012-02-10,20.790000915527344,1342.6400146484375,7.391121864318848,1723.300048828125,18.864839553833008,1.87,3.17
2012-02-13,19.040000915527344,1351.77001953125,7.391121864318848,1723.0,19.112789154052734,1.88,3.19
2012-02-14,19.540000915527344,1350.5,7.397823333740234,1715.9000244140625,19.002588272094727,1.8,3.18
2012-02-15,21.139999389648438,1343.22998046875,7.397823333740234,1726.300048828125,19.057687759399414,1.82,3.19
2012-02-16,19.219999313354492,1358.0400390625,7.384420871734619,1726.800048828125,19.21610450744629,1.89,3.17
2012-02-17,17.780000686645508,1361.22998046875,7.377719402313232,1724.5,19.298749923706055,1.92,3.17
2012-02-21,18.190000534057617,1362.2099609375,7.364319324493408,1757.0999755859375,19.23675537109375,1.97,3.15
2012-02-22,18.190000534057617,1357.6600341796875,7.384420871734619,1770.0,19.250537872314453,1.92,3.15
2012-02-23,16.799999237060547,1363.4599609375,7.384420871734619,1784.9000244140625,19.22298812866211,1.9,3.14
2012-02-24,17.309999465942383,1365.739990234375,7.391121864318848,1775.0999755859375,19.346960067749023,1.88,3.12
2012-02-27,18.190000534057617,1367.5899658203125,7.404526233673096,1773.5999755859375,19.181663513183594,1.8,3.12
2012-02-28,17.959999084472656,1372.1800537109375,7.404526233673096,1787.0,19.40894889831543,1.84,3.12
2012-02-29,18.43000030517578,1365.6800537109375,7.41459846496582,1709.9000244140625,19.477825164794922,1.9,3.1
2012-03-01,17.260000228881836,1374.0899658203125,7.40116548538208,1721.0999755859375,19.588027954101562,1.95,3.1
2012-03-02,17.290000915527344,1369.6300048828125,7.421316623687744,1708.800048828125,19.5535831451416,1.92,3.09
2012-03-05,18.049999237060547,1364.3299560546875,7.407882213592529,1703.0,19.30563735961914,1.92,3.11
2012-03-06,20.8700008392334,1343.3599853515625,7.421316623687744,1671.4000244140625,18.733972549438477,1.88,3.1
2012-03-07,19.06999969482422,1352.6300048828125,7.407882213592529,1683.300048828125,18.878612518310547,1.9,3.11
2012-03-08,17.950000762939453,1365.9100341796875,7.394448757171631,1698.0999755859375,19.209217071533203,1.95,3.11
2012-03-09,17.110000610351562,1370.8699951171875,7.394448757171631,1710.9000244140625,19.250537872314453,1.95,3.11
2012-03-12,15.640000343322754,1371.0899658203125,7.394448757171631,1699.199951171875,19.085233688354492,1.95,3.09
2012-03-13,14.800000190734863,1395.949951171875,7.367585182189941,1693.699951171875,19.470943450927734,2.06,3.08
2012-03-14,15.3100004196167,1394.280029296875,7.32728910446167,1642.5,19.33319091796875,2.2,3.07
2012-03-15,15.420000076293945,1402.5999755859375,7.334005832672119,1659.0999755859375,19.346960067749023,2.21,3.07
2012-03-16,14.470000267028809,1404.1700439453125,7.334005832672119,1655.5,19.31252670288086,2.22,3.04
2012-03-19,15.039999961853027,1409.75,7.313855171203613,1666.9000244140625,19.278093338012695,2.29,3.03
2012-03-20,15.579999923706055,1405.52001953125,7.313855171203613,1646.699951171875,19.030139923095703,2.28,3.02
2012-03-21,15.130000114440918,1402.8900146484375,7.334005832672119,1650.0,18.988815307617188,2.22,3.0
2012-03-22,15.569999694824219,1392.780029296875,7.3407206535339355,1642.300048828125,18.80974006652832,2.21,3.01
2012-03-23,14.819999694824219,1397.1099853515625,7.354153156280518,1662.300048828125,18.919940948486328,2.17,3.01
2012-03-26,14.260000228881836,1416.510009765625,7.347445964813232,1685.5,19.078350067138672,2.17,3.01
2012-03-27,15.59000015258789,1412.52001953125,7.367585182189941,1684.800048828125,19.085233688354492,2.11,3.04
2012-03-28,15.470000267028809,1405.5400390625,7.360866069793701,1657.9000244140625,18.878612518310547,2.12,3.03
2012-03-29,15.479999542236328,1403.280029296875,7.374296188354492,1652.199951171875,18.754640579223633,2.11,3.03
2012-03-30,15.5,1408.469970703125,7.371614456176758,1669.300048828125,18.919940948486328,2.16,3.07
2012-04-02,15.640000343322754,1419.0400390625,7.378345012664795,1677.5,19.071460723876953,2.14,3.08
2012-04-03,15.65999984741211,1413.3800048828125,7.351391315460205,1670.0,19.112789154052734,2.22,3.06
2012-04-04,16.440000534057617,1398.9599609375,7.364867687225342,1612.300048828125,18.733972549438477,2.17,3.08
2012-04-05,16.700000762939453,1398.0799560546875,7.378345012664795,1628.5,18.80284881591797,2.11,3.09
2012-04-09,18.809999465942383,1382.199951171875,7.418771743774414,1642.5,18.596227645874023,1.97,3.11
2012-04-10,20.389999389648438,1358.5899658203125,7.425511837005615,1659.5,18.29317855834961,1.92,3.14
2012-04-11,20.020000457763672,1368.7099609375,7.412038803100586,1659.0,18.43092918395996,1.96,3.16
2012-04-12,17.200000762939453,1387.5699462890625,7.405297756195068,1679.5,18.720195770263672,1.99,3.15
2012-04-13,19.549999237060547,1370.260009765625,7.425511837005615,1659.0999755859375,18.554901123046875,1.93,3.15
2012-04-16,19.549999237060547,1369.5699462890625,7.425511837005615,1648.699951171875,18.5273494720459,1.92,3.14
2012-04-17,18.459999084472656,1390.780029296875,7.425511837005615,1650.300048828125,18.658220291137695,1.95,3.14
2012-04-18,18.639999389648438,1385.1400146484375,7.425511837005615,1638.800048828125,18.554901123046875,1.93,3.15
2012-04-19,18.360000610351562,1376.9200439453125,7.432249546051025,1640.5999755859375,18.534238815307617,1.91,3.15
2012-04-20,17.440000534057617,1378.530029296875,7.432249546051025,1642.0999755859375,18.58245277404785,1.91,3.17
2012-04-23,18.969999313354492,1366.93994140625,7.438989162445068,1631.9000244140625,18.300064086914062,1.88,3.16
2012-04-24,18.100000381469727,1371.969970703125,7.425511837005615,1643.0,18.368938446044922,1.91,3.15
2012-04-25,16.81999969482422,1390.68994140625,7.425511837005615,1641.4000244140625,18.472253799438477,1.92,3.17
2012-04-26,16.239999771118164,1399.97998046875,7.432249546051025,1659.5999755859375,18.554901123046875,1.89,3.19
2012-04-27,16.31999969482422,1403.3599853515625,7.432249546051025,1664.0,18.603111267089844,1.87,3.19
2012-04-30,17.149999618530273,1397.9100341796875,7.455888271331787,1663.4000244140625,18.589338302612305,1.85,3.2
2012-05-01,16.600000381469727,1405.8199462890625,7.449132919311523,1661.699951171875,18.658220291137695,1.89,3.22
2012-05-02,16.8799991607666,1402.31005859375,7.455888271331787,1653.4000244140625,18.706424713134766,1.88,3.19
2012-05-03,17.559999465942383,1391.5699462890625,7.462639808654785,1634.199951171875,18.561792373657227,1.87,3.18
2012-05-04,19.15999984741211,1369.0999755859375,7.47614860534668,1644.699951171875,18.279399871826172,1.84,3.19
2012-05-07,18.940000534057617,1369.5799560546875,7.47614860534668,1638.5999755859375,18.327611923217773,1.82,3.18
2012-05-08,19.049999237060547,1363.719970703125,7.47614860534668,1604.0,18.052112579345703,1.79,3.19
2012-05-09,20.079999923706055,1354.5799560546875,7.47614860534668,1593.699951171875,17.762836456298828,1.78,3.22
2012-05-10,18.829999923706055,1357.989990234375,7.469388961791992,1595.0999755859375,17.85237693786621,1.79,3.21
2012-05-11,19.889999389648438,1353.3900146484375,7.47614860534668,1583.5999755859375,17.645751953125,1.74,3.22
2012-05-14,21.8700008392334,1338.3499755859375,7.489655494689941,1560.5999755859375,17.273834228515625,1.68,3.22
2012-05-15,21.969999313354492,1330.6600341796875,7.482905864715576,1556.800048828125,17.101642608642578,1.67,3.24
2012-05-16,22.270000457763672,1324.800048828125,7.482905864715576,1536.199951171875,16.812362670898438,1.66,3.25
2012-05-17,24.489999771118164,1304.8599853515625,7.496407508850098,1574.5,16.59885597229004,1.6,3.23
2012-05-18,25.100000381469727,1295.219970703125,7.489655494689941,1591.5999755859375,16.426664352416992,1.63,3.27
2012-05-21,22.010000228881836,1315.989990234375,7.47614860534668,1588.4000244140625,16.757266998291016,1.66,3.25
2012-05-22,22.479999542236328,1316.6300048828125,7.469388961791992,1576.300048828125,16.67462158203125,1.7,3.34
2012-05-23,22.329999923706055,1318.8599853515625,7.469388961791992,1548.0999755859375,16.502437591552734,1.64,3.33
2012-05-24,21.540000915527344,1320.6800537109375,7.462639808654785,1557.300048828125,16.488649368286133,1.67,3.36
2012-05-25,21.760000228881836,1317.8199462890625,7.469388961791992,1568.800048828125,16.419780731201172,1.66,3.37
2012-05-29,21.030000686645508,1332.4200439453125,7.462639808654785,1548.5999755859375,16.83991050720215,1.65,3.38
2012-05-30,24.139999389648438,1313.3199462890625,7.496407508850098,1563.4000244140625,16.481761932373047,1.56,3.4
2012-05-31,24.059999465942383,1310.3299560546875,7.526867389678955,1562.5999755859375,16.529979705810547,1.52,3.4
2012-06-01,26.65999984741211,1278.0400390625,7.553941249847412,1620.5,16.171831130981445,1.4,3.41
2012-06-04,26.1200008392334,1278.1800537109375,7.533639907836914,1612.199951171875,16.171831130981445,1.45,3.4
2012-06-05,24.68000030517578,1285.5,7.5201005935668945,1615.199951171875,16.26825714111328,1.49,3.4
2012-06-06,22.15999984741211,1315.1300048828125,7.493026256561279,1632.800048828125,16.681501388549805,1.57,3.41
2012-06-07,21.719999313354492,1314.989990234375,7.506562232971191,1586.5999755859375,16.7159481048584,1.57,3.43
2012-06-08,21.229999542236328,1325.6600341796875,7.499798774719238,1590.0999755859375,16.695276260375977,1.56,3.44
2012-06-11,23.559999465942383,1308.9300537109375,7.51332950592041,1595.5,16.502437591552734,1.51,3.46
2012-06-12,22.09000015258789,1324.1800537109375,7.499798774719238,1612.699951171875,16.784820556640625,1.57,3.43
2012-06-13,24.270000457763672,1314.8800048828125,7.51332950592041,1618.0999755859375,16.736602783203125,1.51,3.43
2012-06-14,21.68000030517578,1329.0999755859375,7.506562232971191,1618.4000244140625,16.812362670898438,1.53,3.4
2012-06-15,21.110000610351562,1342.8399658203125,7.5201005935668945,1627.0,17.01210594177246,1.51,3.42
2012-06-18,18.31999969482422,1344.780029296875,7.526867389678955,1625.699951171875,17.129192352294922,1.49,3.42
2012-06-19,18.3799991607666,1357.97998046875,7.51332950592041,1622.199951171875,17.40468978881836,1.55,3.41
2012-06-20,17.239999771118164,1355.68994140625,7.506562232971191,1614.800048828125,17.397804260253906,1.56,3.38
2012-06-21,20.079999923706055,1325.510009765625,7.5201005935668945,1564.5,16.867462158203125,1.54,3.35
2012-06-22,18.110000610351562,1335.02001953125,7.499798774719238,1566.0,16.874353408813477,1.6,3.36
2012-06-25,20.3799991607666,1313.719970703125,7.5201005935668945,1587.5,16.516204833984375,1.53,3.36
2012-06-26,19.719999313354492,1319.989990234375,7.51332950592041,1574.0,16.681501388549805,1.56,3.34
2012-06-27,19.450000762939453,1331.8499755859375,7.5201005935668945,1577.5,16.812362670898438,1.56,3.35
2012-06-28,19.709999084472656,1329.0400390625,7.526867389678955,1549.699951171875,16.660839080810547,1.51,3.37
2012-06-29,17.079999923706055,1362.1600341796875,7.529579162597656,1603.5,17.328929901123047,1.58,3.39
2012-07-02,16.799999237060547,1365.510009765625,7.549932956695557,1597.199951171875,17.35647201538086,1.51,3.4
2012-07-03,16.65999984741211,1374.02001953125,7.543147563934326,1621.300048828125,17.63198471069336,1.56,3.41
2012-07-05,17.5,1367.5799560546875,7.549932956695557,1608.9000244140625,17.528669357299805,1.54,3.43
2012-07-06,17.100000381469727,1354.6800537109375,7.563502311706543,1578.4000244140625,17.322044372558594,1.49,3.41
2012-07-09,17.979999542236328,1352.4599609375,7.577071189880371,1588.5999755859375,17.204952239990234,1.44,3.41
2012-07-10,18.719999313354492,1341.469970703125,7.577071189880371,1579.300048828125,17.09475326538086,1.44,3.39
2012-07-11,17.950000762939453,1341.449951171875,7.577071189880371,1575.199951171875,17.129192352294922,1.44,3.36
2012-07-12,18.329999923706055,1334.760009765625,7.590632915496826,1564.9000244140625,16.83302879333496,1.4,3.37
2012-07-13,16.739999771118164,1356.780029296875,7.583846092224121,1591.5999755859375,17.129192352294922,1.42,3.37
2012-07-16,17.110000610351562,1353.6400146484375,7.59741735458374,1591.199951171875,17.05342674255371,1.4,3.35
2012-07-17,16.479999542236328,1363.6700439453125,7.590632915496826,1589.0999755859375,17.232498168945312,1.43,3.35
2012-07-18,16.15999984741211,1372.780029296875,7.59741735458374,1570.4000244140625,17.204952239990234,1.43,3.33
2012-07-19,15.449999809265137,1376.510009765625,7.59741735458374,1580.0999755859375,17.3358154296875,1.45,3.34
2012-07-20,16.270000457763672,1362.6600341796875,7.6109843254089355,1582.5,17.149856567382812,1.4,3.31
2012-07-23,18.6200008392334,1350.52001953125,7.617764472961426,1577.0999755859375,16.771041870117188,1.37,3.31
2012-07-24,20.469999313354492,1338.31005859375,7.624551296234131,1576.0,16.667728424072266,1.34,3.29
2012-07-25,19.34000015258789,1337.8900146484375,7.631333827972412,1608.0,16.722835540771484,1.33,3.3
2012-07-26,17.530000686645508,1360.02001953125,7.617764472961426,1615.0,17.018991470336914,1.34,3.3
2012-07-27,16.700000762939453,1385.969970703125,7.590632915496826,1617.9000244140625,17.487342834472656,1.47,3.29
2012-07-30,18.030000686645508,1385.300048828125,7.604196548461914,1619.699951171875,17.47356605529785,1.42,3.26
2012-07-31,18.93000030517578,1379.3199462890625,7.634113788604736,1610.5,17.43912696838379,1.4,3.27
2012-08-01,18.959999084472656,1375.3199462890625,7.620513439178467,1603.699951171875,17.508005142211914,1.46,3.26
2012-08-02,17.56999969482422,1365.0,7.627310752868652,1587.4000244140625,17.315153121948242,1.42,3.24
2012-08-03,15.640000343322754,1390.989990234375,7.606919765472412,1606.0,17.687076568603516,1.51,3.26
2012-08-06,15.949999809265137,1394.22998046875,7.613714694976807,1612.9000244140625,17.81793975830078,1.49,3.24
2012-08-07,15.989999771118164,1401.3499755859375,7.593324661254883,1609.699951171875,17.85237693786621,1.55,3.24
2012-08-08,15.319999694824219,1402.219970703125,7.586521625518799,1612.9000244140625,17.921245574951172,1.57,3.23
2012-08-09,15.279999732971191,1402.800048828125,7.579726219177246,1617.0999755859375,18.024564743041992,1.58,3.23
2012-08-10,14.739999771118164,1405.8699951171875,7.586521625518799,1619.699951171875,18.100326538085938,1.55,3.23
2012-08-13,13.699999809265137,1404.1099853515625,7.586521625518799,1609.5999755859375,17.955692291259766,1.54,3.24
2012-08-14,14.850000381469727,1403.9300537109375,7.566132068634033,1599.4000244140625,17.962574005126953,1.62,3.25
2012-08-15,14.630000114440918,1405.530029296875,7.5457353591918945,1603.699951171875,17.955692291259766,1.71,3.27
2012-08-16,14.289999961853027,1415.510009765625,7.532144069671631,1616.0999755859375,18.045225143432617,1.74,3.26
2012-08-17,13.449999809265137,1418.1600341796875,7.538937091827393,1616.300048828125,17.941917419433594,1.72,3.25
2012-08-20,14.020000457763672,1418.1300048828125,7.5457353591918945,1620.0999755859375,17.886812210083008,1.71,3.23
2012-08-21,15.020000457763672,1413.1700439453125,7.5457353591918945,1639.9000244140625,17.941917419433594,1.69,3.23
2012-08-22,15.109999656677246,1413.489990234375,7.579726219177246,1637.4000244140625,17.921245574951172,1.6,3.22
2012-08-23,15.960000038146973,1402.0799560546875,7.586521625518799,1669.5999755859375,17.83860206604004,1.57,3.2
2012-08-24,15.180000305175781,1411.1300048828125,7.579726219177246,1669.800048828125,17.85237693786621,1.58,3.21
2012-08-27,16.350000381469727,1410.43994140625,7.593324661254883,1672.4000244140625,17.728404998779297,1.54,3.19
2012-08-28,16.489999771118164,1409.300048828125,7.593324661254883,1666.5,17.645751953125,1.54,3.19
2012-08-29,17.059999465942383,1410.489990234375,7.586521625518799,1659.800048828125,17.583765029907227,1.54,3.19
2012-08-30,17.829999923706055,1399.47998046875,7.600118637084961,1653.5,17.37714195251465,1.53,3.2
2012-08-31,17.469999313354492,1406.5799560546875,7.636223316192627,1684.5999755859375,17.514890670776367,1.48,3.21
2012-09-04,17.979999542236328,1404.93994140625,7.636223316192627,1692.9000244140625,17.446014404296875,1.49,3.18
2012-09-05,17.739999771118164,1403.43994140625,7.629412651062012,1690.800048828125,17.3358154296875,1.49,3.18
2012-09-06,15.600000381469727,1432.1199951171875,7.6089768409729,1702.5999755859375,17.673301696777344,1.57,3.19
2012-09-07,14.380000114440918,1437.9200439453125,7.6089768409729,1737.5,17.935026168823242,1.56,3.2
2012-09-10,16.280000686645508,1429.0799560546875,7.6089768409729,1728.699951171875,17.859272003173828,1.58,3.2
2012-09-11,16.40999984741211,1433.56005859375,7.5953545570373535,1731.800048828125,17.997011184692383,1.6,3.18
2012-09-12,15.800000190734863,1436.56005859375,7.588537693023682,1730.5999755859375,18.079669952392578,1.67,3.18
2012-09-13,14.050000190734863,1459.989990234375,7.5953545570373535,1769.0999755859375,18.36204719543457,1.65,3.21
2012-09-14,14.510000228881836,1465.77001953125,7.5681071281433105,1769.800048828125,18.76152801513672,1.77,3.15
2012-09-17,14.59000015258789,1461.18994140625,7.581732273101807,1767.699951171875,18.665102005004883,1.74,3.12
2012-09-18,14.180000305175781,1459.3199462890625,7.588537693023682,1768.4000244140625,18.61688995361328,1.72,3.09
2012-09-19,13.880000114440918,1461.050048828125,7.5953545570373535,1769.0,18.609994888305664,1.68,3.07
2012-09-20,14.069999694824219,1460.260009765625,7.5953545570373535,1767.699951171875,18.479141235351562,1.69,3.04
2012-09-21,13.979999542236328,1460.1500244140625,7.602163791656494,1775.5,18.537683486938477,1.66,3.06
2012-09-24,14.149999618530273,1456.8900146484375,7.61578893661499,1762.0999755859375,18.53070640563965,1.63,3.02
2012-09-25,15.430000305175781,1441.5899658203125,7.629412651062012,1763.800048828125,18.335582733154297,1.59,3.03
2012-09-26,16.809999465942383,1433.3199462890625,7.636223316192627,1750.5999755859375,18.224075317382812,1.53,3.03
2012-09-27,14.84000015258789,1447.1500244140625,7.629412651062012,1777.5999755859375,18.4888973236084,1.57,3.05
2012-09-28,15.729999542236328,1440.6700439453125,7.644425868988037,1771.0999755859375,18.447078704833984,1.55,3.07
2012-10-01,16.31999969482422,1444.489990234375,7.651248455047607,1780.5,18.53070640563965,1.55,3.06
2012-10-02,15.710000038146973,1445.75,7.651248455047607,1772.699951171875,18.57252311706543,1.55,3.04
2012-10-03,15.430000305175781,1450.989990234375,7.651248455047607,1777.300048828125,18.551624298095703,1.55,3.03
2012-10-04,14.550000190734863,1461.4000244140625,7.637598514556885,1794.0999755859375,18.614336013793945,1.6,2.99
2012-10-05,14.329999923706055,1460.9300537109375,7.623950481414795,1778.5999755859375,18.59343147277832,1.64,2.98
2012-10-08,15.109999656677246,1455.8800048828125,7.623950481414795,1773.5,18.44011688232422,1.64,2.98
2012-10-09,16.3700008392334,1441.47998046875,7.623950481414795,1763.0,18.328609466552734,1.64,2.93
2012-10-10,16.290000915527344,1432.56005859375,7.630777359008789,1763.199951171875,18.23801040649414,1.62,2.9
2012-10-11,15.59000015258789,1432.8399658203125,7.637598514556885,1768.800048828125,18.384355545043945,1.6,2.87
2012-10-12,16.139999389648438,1428.5899658203125,7.644425868988037,1758.0,18.328609466552734,1.58,2.85
2012-10-15,15.270000457763672,1440.1300048828125,7.644425868988037,1736.0,18.461021423339844,1.59,2.83
2012-10-16,15.220000267028809,1454.9200439453125,7.630777359008789,1744.699951171875,18.60736846923828,1.66,2.8
2012-10-17,15.069999694824219,1460.9100341796875,7.610300540924072,1751.5,18.725845336914062,1.72,2.77
2012-10-18,15.029999732971191,1457.3399658203125,7.6034722328186035,1743.300048828125,18.69797134399414,1.76,2.72
2012-10-19,17.059999465942383,1433.18994140625,7.623950481414795,1722.800048828125,18.43314552307129,1.69,2.71
2012-10-22,16.6200008392334,1433.8199462890625,7.610300540924072,1725.0999755859375,18.62828254699707,1.73,2.68
2012-10-23,18.829999923706055,1413.1099853515625,7.630777359008789,1708.300048828125,18.29376792907715,1.68,2.73
2012-10-24,18.329999923706055,1408.75,7.617118835449219,1700.5,18.321640014648438,1.69,2.74
2012-10-25,18.1200008392334,1412.969970703125,7.6034722328186035,1712.0,18.447078704833984,1.75,2.73
2012-10-26,17.809999465942383,1411.93994140625,7.623950481414795,1710.9000244140625,18.349517822265625,1.66,2.76
2012-10-31,18.600000381469727,1412.1600341796875,7.6533613204956055,1717.5,18.370420455932617,1.61,2.73
2012-11-01,16.690000534057617,1427.5899658203125,7.64652681350708,1714.0999755859375,18.614336013793945,1.66,2.75
2012-11-02,17.59000015258789,1414.199951171875,7.64652681350708,1674.0999755859375,18.467987060546875,1.66,2.77
2012-11-05,18.420000076293945,1417.260009765625,7.6533613204956055,1682.199951171875,18.53070640563965,1.61,2.74
2012-11-06,17.579999923706055,1428.3900146484375,7.632843971252441,1714.0999755859375,18.68402862548828,1.68,2.74
2012-11-07,19.079999923706055,1394.530029296875,7.660201072692871,1713.199951171875,18.43314552307129,1.58,2.78
2012-11-08,18.489999771118164,1377.510009765625,7.673886775970459,1725.4000244140625,18.26588249206543,1.52,2.8
2012-11-09,18.610000610351562,1379.8499755859375,7.667035102844238,1730.300048828125,18.300724029541016,1.52,2.82
2012-11-12,16.68000030517578,1380.030029296875,7.667035102844238,1730.300048828125,18.286794662475586,1.52,2.82
2012-11-13,16.649999618530273,1374.530029296875,7.673886775970459,1724.199951171875,18.126508712768555,1.48,2.85
2012-11-14,17.920000076293945,1355.489990234375,7.667035102844238,1729.5,17.95227813720703,1.49,2.87
2012-11-15,17.989999771118164,1353.3299560546875,7.667035102844238,1713.300048828125,17.95924949645996,1.5,2.9
2012-11-16,16.40999984741211,1359.8800048828125,7.667035102844238,1714.300048828125,17.994091033935547,1.52,2.9
2012-11-19,15.239999771118164,1386.8900146484375,7.6533613204956055,1734.0,18.210132598876953,1.52,2.91
2012-11-20,15.079999923706055,1387.81005859375,7.639685153961182,1723.199951171875,18.1752872467041,1.58,2.9
2012-11-21,15.3100004196167,1391.030029296875,7.639685153961182,1727.9000244140625,18.196199417114258,1.59,2.89
2012-11-23,15.140000343322754,1409.1500244140625,7.632843971252441,1751.300048828125,18.4888973236084,1.6,2.89
2012-11-26,15.5,1406.2900390625,7.639685153961182,1749.5,18.426177978515625,1.56,2.9
2012-11-27,15.920000076293945,1398.93994140625,7.64652681350708,1742.199951171875,18.335582733154297,1.54,2.91
2012-11-28,15.510000228881836,1409.9300537109375,7.64652681350708,1716.5,18.426177978515625,1.53,2.91
2012-11-29,15.0600004196167,1415.949951171875,7.6533613204956055,1727.199951171875,18.579492568969727,1.53,2.95
2012-11-30,15.869999885559082,1416.1800537109375,7.668437480926514,1710.9000244140625,18.614336013793945,1.54,2.95
2012-12-03,16.639999389648438,1409.4599609375,7.668437480926514,1719.5999755859375,18.57252311706543,1.53,2.95
2012-12-04,17.1200008392334,1407.050048828125,7.67529296875,1694.4000244140625,18.621309280395508,1.52,2.94
2012-12-05,16.459999084472656,1409.280029296875,7.67529296875,1692.4000244140625,18.85127830505371,1.5,2.97
2012-12-06,16.579999923706055,1413.93994140625,7.67529296875,1700.300048828125,18.934919357299805,1.49,2.96
2012-12-07,15.899999618530273,1418.0699462890625,7.668437480926514,1704.0,18.97672462463379,1.55,2.96
2012-12-10,16.049999237060547,1418.550048828125,7.668437480926514,1713.0,19.05338478088379,1.54,2.95
2012-12-11,15.569999694824219,1427.8399658203125,7.661586284637451,1708.199951171875,19.178836822509766,1.58,2.95
2012-12-12,15.949999809265137,1428.47998046875,7.647876262664795,1716.5999755859375,19.26245880126953,1.65,2.94
2012-12-13,16.559999465942383,1419.449951171875,7.641026973724365,1695.5999755859375,19.206703186035156,1.68,2.92
2012-12-14,17.0,1413.5799560546875,7.647876262664795,1695.800048828125,19.24155616760254,1.68,2.9
2012-12-17,16.34000015258789,1430.3599853515625,7.627322196960449,1697.0,19.318212509155273,1.73,2.9
2012-12-18,15.569999694824219,1446.7900390625,7.613610744476318,1669.5,19.44365692138672,1.78,2.92
2012-12-19,17.360000610351562,1435.81005859375,7.620462894439697,1666.5,19.44154167175293,1.77,2.89
2012-12-20,17.670000076293945,1443.68994140625,7.620462894439697,1644.9000244140625,19.561120986938477,1.75,2.89
2012-12-21,17.84000015258789,1430.1500244140625,7.631494522094727,1659.0999755859375,19.336036682128906,1.71,2.86
2012-12-24,17.84000015258789,1426.6600341796875,7.631494522094727,1658.5999755859375,19.300872802734375,1.73,2.86
2012-12-26,19.479999542236328,1419.8299560546875,7.6383748054504395,1659.800048828125,19.378238677978516,1.68,2.87
2012-12-27,19.469999313354492,1418.0999755859375,7.645266532897949,1662.5999755859375,19.476715087890625,1.66,2.84
2012-12-28,22.719999313354492,1402.4300537109375,7.652153968811035,1654.9000244140625,19.504846572875977,1.72,2.85
2012-12-31,18.020000457763672,1426.18994140625,7.652835845947266,1674.800048828125,19.701797485351562,1.73,2.85
2013-01-02,14.680000305175781,1462.4200439453125,7.632133483886719,1687.9000244140625,20.08865737915039,1.78,2.85
2013-01-03,14.5600004196167,1459.3699951171875,7.618337631225586,1673.699951171875,20.074594497680664,1.84,2.84
2013-01-04,13.829999923706055,1466.469970703125,7.618337631225586,1648.0999755859375,20.08163070678711,1.86,2.81
2013-01-07,13.789999961853027,1461.8900146484375,7.625236988067627,1645.5,19.976119995117188,1.85,2.8
2013-01-08,13.619999885559082,1457.1500244140625,7.632133483886719,1661.5,19.828405380249023,1.82,2.81
2013-01-09,13.8100004196167,1461.02001953125,7.625236988067627,1654.800048828125,19.92688751220703,1.82,2.81
2013-01-10,13.489999771118164,1472.1199951171875,7.618337631225586,1677.300048828125,20.053495407104492,1.85,2.8
2013-01-11,13.359999656677246,1472.050048828125,7.632133483886719,1660.0,19.933916091918945,1.82,2.8
2013-01-14,13.520000457763672,1470.6800537109375,7.632133483886719,1668.9000244140625,20.032386779785156,1.81,2.8
2013-01-15,13.550000190734863,1472.3399658203125,7.632133483886719,1683.4000244140625,19.95501708984375,1.77,2.81
2013-01-16,13.420000076293945,1472.6300048828125,7.639036655426025,1682.699951171875,19.905773162841797,1.76,2.84
2013-01-17,13.569999694824219,1480.93994140625,7.618337631225586,1690.4000244140625,20.025352478027344,1.82,2.84
2013-01-18,12.460000038146973,1485.97998046875,7.625236988067627,1686.5999755859375,20.08163070678711,1.79,2.82
2013-01-22,12.430000305175781,1492.56005859375,7.632133483886719,1692.800048828125,20.060522079467773,1.78,2.82
2013-01-23,12.460000038146973,1494.81005859375,7.632133483886719,1686.300048828125,19.976119995117188,1.78,2.83
2013-01-24,12.6899995803833,1494.8199462890625,7.625236988067627,1669.5,19.919849395751953,1.8,2.82
2013-01-25,12.890000343322754,1502.9599609375,7.597633361816406,1656.4000244140625,19.884675979614258,1.9,2.82
2013-01-28,13.569999694824219,1500.1800537109375,7.590738296508789,1652.4000244140625,19.722902297973633,1.93,2.82
2013-01-29,13.3100004196167,1507.8399658203125,7.583830833435059,1660.699951171875,19.89874267578125,1.96,2.81
2013-01-30,14.319999694824219,1501.9599609375,7.583830833435059,1679.9000244140625,19.7791748046875,1.96,2.84
2013-01-31,14.279999732971191,1498.1099853515625,7.5983500480651855,1660.5999755859375,19.82137680053711,1.95,2.82
2013-02-01,12.899999618530273,1513.1700439453125,7.591440200805664,1669.4000244140625,19.99018096923828,1.98,2.84
2013-02-04,14.670000076293945,1495.7099609375,7.6052703857421875,1675.300048828125,19.76509666442871,1.93,2.85
2013-02-05,13.720000267028809,1511.2900390625,7.5983500480651855,1672.4000244140625,19.863576889038086,1.97,2.85
2013-02-06,13.40999984741211,1512.1199951171875,7.6052703857421875,1677.699951171875,19.722902297973633,1.93,2.86
2013-02-07,13.5,1509.3900146484375,7.6052703857421875,1670.4000244140625,19.6314640045166,1.92,2.85
2013-02-08,13.020000457763672,1517.9300537109375,7.6052703857421875,1666.0,19.68773078918457,1.92,2.86
2013-02-11,12.9399995803833,1517.010009765625,7.6052703857421875,1648.199951171875,19.652559280395508,1.9,2.84
2013-02-12,12.640000343322754,1519.4300537109375,7.5983500480651855,1648.699951171875,19.680696487426758,1.93,2.85
2013-02-13,12.979999542236328,1520.3299560546875,7.5845255851745605,1644.199951171875,19.75806999206543,1.95,2.84
2013-02-14,12.65999984741211,1521.3800048828125,7.5983500480651855,1634.699951171875,19.75806999206543,1.89,2.85
2013-02-15,12.460000038146973,1519.7900390625,7.5983500480651855,1608.800048828125,19.744009017944336,1.91,2.85
2013-02-19,12.3100004196167,1530.93994140625,7.591440200805664,1603.5999755859375,19.7791748046875,1.91,2.86
2013-02-20,14.680000305175781,1511.949951171875,7.591440200805664,1577.5999755859375,19.617389678955078,1.9,2.87
2013-02-21,15.220000267028809,1502.4200439453125,7.5983500480651855,1578.199951171875,19.420448303222656,1.86,2.87
2013-02-22,14.170000076293945,1515.5999755859375,7.5983500480651855,1572.4000244140625,19.54705810546875,1.84,2.87
2013-02-25,18.989999771118164,1487.8499755859375,7.6329216957092285,1586.199951171875,19.251636505126953,1.76,2.89
2013-02-26,16.8700008392334,1496.93994140625,7.6260085105896,1615.199951171875,19.321969985961914,1.74,2.9
2013-02-27,14.729999542236328,1515.989990234375,7.6190948486328125,1595.199951171875,19.490781784057617,1.8,2.9
2013-02-28,15.510000228881836,1514.6800537109375,7.639870643615723,1577.699951171875,19.476715087890625,1.78,2.89
2013-03-01,15.359999656677246,1518.199951171875,7.646799564361572,1571.9000244140625,19.504846572875977,1.75,2.9
2013-03-04,14.010000228881836,1525.199951171875,7.639870643615723,1572.0999755859375,19.343067169189453,1.77,2.9
2013-03-05,13.479999542236328,1539.7900390625,7.639870643615723,1574.5999755859375,19.490781784057617,1.82,2.9
2013-03-06,13.529999732971191,1541.4599609375,7.62601900100708,1574.5999755859375,19.617389678955078,1.85,2.89
2013-03-07,13.0600004196167,1544.260009765625,7.605240345001221,1574.800048828125,19.638490676879883,1.9,2.89
2013-03-08,12.59000015258789,1551.1800537109375,7.584466457366943,1576.5999755859375,19.82137680053711,1.96,2.88
2013-03-11,11.5600004196167,1556.219970703125,7.591392517089844,1577.800048828125,19.75806999206543,1.97,2.87
2013-03-12,12.270000457763672,1552.47998046875,7.5983171463012695,1591.5,19.610353469848633,1.93,2.87
2013-03-13,11.829999923706055,1554.52001953125,7.5983171463012695,1588.300048828125,19.427480697631836,1.95,2.85
2013-03-14,11.300000190734863,1563.22998046875,7.5983171463012695,1590.5999755859375,19.455612182617188,1.94,2.88
2013-03-15,11.300000190734863,1560.699951171875,7.605240345001221,1592.5,19.314929962158203,1.92,2.89
2013-03-18,13.359999656677246,1552.0999755859375,7.6190948486328125,1604.5999755859375,19.139087677001953,1.89,2.91
2013-03-19,14.390000343322754,1548.3399658203125,7.62601900100708,1611.300048828125,18.97027587890625,1.85,2.9
2013-03-20,12.670000076293945,1558.7099609375,7.61215877532959,1607.5,19.08281707763672,1.89,2.9
2013-03-21,13.989999771118164,1545.800048828125,7.6190948486328125,1613.800048828125,18.888517379760742,1.88,2.9
2013-03-22,13.569999694824219,1556.8900146484375,7.6190948486328125,1606.199951171875,18.909637451171875,1.86,2.9
2013-03-25,13.739999771118164,1551.68994140625,7.6190948486328125,1604.5999755859375,18.895559310913086,1.85,2.91
2013-03-26,12.770000457763672,1563.77001953125,7.6190948486328125,1595.800048828125,19.078594207763672,1.85,2.91
2013-03-27,13.149999618530273,1562.8499755859375,7.632946968078613,1606.199951171875,19.134918212890625,1.78,2.93
2013-03-28,12.699999809265137,1569.18994140625,7.646154880523682,1594.800048828125,19.170114517211914,1.8,2.96
2013-04-01,13.579999923706055,1562.1700439453125,7.653102397918701,1600.0,19.085634231567383,1.78,2.91
2013-04-02,12.779999732971191,1570.25,7.646154880523682,1575.0999755859375,19.099721908569336,1.81,2.91
2013-04-03,14.210000038146973,1553.68994140625,7.660057067871094,1552.800048828125,18.881473541259766,1.77,2.91
2013-04-04,13.890000343322754,1559.97998046875,7.680906295776367,1551.800048828125,18.87442970275879,1.71,2.88
2013-04-05,13.920000076293945,1553.280029296875,7.70176362991333,1575.4000244140625,18.75474739074707,1.65,2.82
2013-04-08,13.1899995803833,1563.0699462890625,7.687860012054443,1572.0,18.80402946472168,1.69,2.82
2013-04-09,12.84000015258789,1568.6099853515625,7.687860012054443,1586.199951171875,18.9448299407959,1.72,2.82
2013-04-10,12.359999656677246,1587.72998046875,7.667004585266113,1558.300048828125,19.156036376953125,1.77,2.83
2013-04-11,12.239999771118164,1593.3699951171875,7.673957347869873,1564.300048828125,19.156036376953125,1.75,2.84
2013-04-12,12.0600004196167,1588.8499755859375,7.694814205169678,1501.0,19.00115203857422,1.69,2.82
2013-04-15,17.270000457763672,1552.3599853515625,7.70176362991333,1360.5999755859375,18.48019027709961,1.66,2.82
2013-04-16,13.960000038146973,1574.5699462890625,7.694814205169678,1386.800048828125,18.860353469848633,1.69,2.81
2013-04-17,16.510000228881836,1552.010009765625,7.694814205169678,1382.199951171875,18.557626724243164,1.67,2.81
2013-04-18,17.559999465942383,1541.6099853515625,7.70176362991333,1392.0,18.564674377441406,1.67,2.8
2013-04-19,14.970000267028809,1555.25,7.694814205169678,1395.300048828125,18.881473541259766,1.68,2.81
2013-04-22,14.390000343322754,1562.5,7.70176362991333,1421.0,18.895559310913086,1.67,2.82
2013-04-23,13.479999542236328,1578.780029296875,7.694814205169678,1408.5999755859375,18.937789916992188,1.69,2.8
2013-04-24,13.609999656677246,1578.7900390625,7.694814205169678,1423.4000244140625,19.057472229003906,1.67,2.8
2013-04-25,13.619999885559082,1585.1600341796875,7.694814205169678,1461.800048828125,19.198280334472656,1.69,2.81
2013-04-26,13.609999656677246,1582.239990234375,7.708715438842773,1453.5999755859375,19.085634231567383,1.65,2.81
2013-04-29,13.710000038146973,1593.6099853515625,7.708715438842773,1467.4000244140625,19.2264404296875,1.65,2.82
2013-04-30,13.520000457763672,1597.5699462890625,7.71567440032959,1472.199951171875,19.430601119995117,1.65,2.83
2013-05-01,14.489999771118164,1582.699951171875,7.736570835113525,1446.300048828125,19.317960739135742,1.6,2.82
2013-05-02,13.59000015258789,1597.5899658203125,7.729608535766602,1467.699951171875,19.444677352905273,1.61,2.81
2013-05-03,12.850000381469727,1614.4200439453125,7.694786548614502,1464.300048828125,19.55027961730957,1.73,2.82
2013-05-06,12.65999984741211,1617.5,7.694786548614502,1468.0999755859375,19.585485458374023,1.76,2.83
2013-05-07,12.829999923706055,1625.9599609375,7.687823295593262,1449.0,19.733325958251953,1.78,2.82
2013-05-08,12.65999984741211,1632.68994140625,7.687823295593262,1473.9000244140625,19.916362762451172,1.77,2.8
2013-05-09,13.130000114440918,1626.6700439453125,7.680854797363281,1468.800048828125,19.803722381591797,1.77,2.82
2013-05-10,12.59000015258789,1633.699951171875,7.659964561462402,1436.800048828125,19.71219825744629,1.86,2.82
2013-05-13,12.550000190734863,1633.77001953125,7.652999401092529,1434.5,19.57844352722168,1.87,2.81
2013-05-14,12.770000457763672,1650.3399658203125,7.639080047607422,1424.699951171875,19.627727508544922,1.91,2.81
2013-05-15,12.8100004196167,1658.780029296875,7.6460394859313965,1396.5,19.648841857910156,1.9,2.82
2013-05-16,13.069999694824219,1650.469970703125,7.659964561462402,1387.0999755859375,19.564367294311523,1.84,2.81
2013-05-17,12.449999809265137,1667.469970703125,7.639080047607422,1364.9000244140625,19.63475799560547,1.91,2.81
2013-05-20,13.020000457763672,1666.2900390625,7.632114410400391,1384.300048828125,19.63475799560547,1.92,2.8
2013-05-21,13.369999885559082,1669.1600341796875,7.6460394859313965,1377.800048828125,19.63475799560547,1.9,2.81
2013-05-22,13.819999694824219,1655.3499755859375,7.6181864738464355,1367.5999755859375,19.49396324157715,1.99,2.78
2013-05-23,14.069999694824219,1650.510009765625,7.6181864738464355,1392.0,19.282758712768555,1.97,2.77
2013-05-24,13.989999771118164,1649.5999755859375,7.6181864738464355,1386.800048828125,19.2053165435791,1.97,2.75
2013-05-28,14.479999542236328,1660.06005859375,7.56944465637207,1379.0999755859375,19.275718688964844,2.1,2.73
2013-05-29,14.829999923706055,1648.3599853515625,7.583372116088867,1391.300048828125,19.04339599609375,2.08,2.75
2013-05-30,14.529999732971191,1654.4100341796875,7.576403617858887,1411.5,18.987075805664062,2.09,2.77
2013-05-31,16.299999237060547,1630.739990234375,7.584081649780273,1392.5999755859375,18.70547103881836,2.12,2.79
2013-06-03,16.280000686645508,1640.4200439453125,7.584081649780273,1411.699951171875,18.69843101501465,2.08,2.82
2013-06-04,16.270000457763672,1631.3800048828125,7.570123672485352,1397.0999755859375,18.67731285095215,2.1,2.86
2013-06-05,17.5,1608.9000244140625,7.584081649780273,1398.4000244140625,18.395706176757812,2.05,2.89
2013-06-06,16.6299991607666,1622.56005859375,7.584081649780273,1415.699951171875,18.416833877563477,2.03,2.88
2013-06-07,15.140000343322754,1643.3800048828125,7.556174278259277,1383.0,18.423866271972656,2.13,2.89
2013-06-10,15.4399995803833,1642.81005859375,7.542214870452881,1386.199951171875,18.205631256103516,2.17,2.89
2013-06-11,17.06999969482422,1626.1300048828125,7.5491943359375,1377.0,17.80434799194336,2.15,2.91
2013-06-12,18.59000015258789,1612.52001953125,7.528262615203857,1391.800048828125,17.72690200805664,2.2,2.91
2013-06-13,16.40999984741211,1636.3599853515625,7.556174278259277,1377.5999755859375,17.86066436767578,2.14,2.92
2013-06-14,17.149999618530273,1626.72998046875,7.563150405883789,1387.300048828125,17.81842041015625,2.09,2.93
2013-06-17,16.799999237060547,1639.0400390625,7.556174278259277,1382.800048828125,17.924022674560547,2.14,2.93
2013-06-18,16.610000610351562,1651.81005859375,7.5491943359375,1366.5999755859375,17.888822555541992,2.15,2.92
2013-06-19,16.639999389648438,1628.9300537109375,7.507328510284424,1373.5999755859375,17.529781341552734,2.28,2.87
2013-06-20,20.489999771118164,1588.18994140625,7.465468406677246,1285.9000244140625,16.846893310546875,2.36,2.93
2013-06-21,18.899999618530273,1592.4300537109375,7.416632652282715,1291.5999755859375,16.901809692382812,2.47,2.87
2013-06-24,20.110000610351562,1573.0899658203125,7.3956990242004395,1276.800048828125,16.58802032470703,2.51,2.86
2013-06-25,18.469999313354492,1588.030029296875,7.388724327087402,1274.800048828125,16.7235164642334,2.54,2.88
2013-06-26,17.209999084472656,1603.260009765625,7.409652233123779,1229.5999755859375,17.044437408447266,2.49,2.89
2013-06-27,16.860000610351562,1613.199951171875,7.437559127807617,1211.4000244140625,17.29404640197754,2.43,2.92
2013-06-28,16.860000610351562,1606.280029296875,7.45853328704834,1223.800048828125,17.55790901184082,2.48,2.83
2013-07-01,16.3700008392334,1614.9599609375,7.465527057647705,1255.9000244140625,17.629226684570312,2.46,2.83
2013-07-02,16.440000534057617,1614.0799560546875,7.465527057647705,1243.5999755859375,17.401016235351562,2.45,2.81
2013-07-03,16.200000762939453,1615.4100341796875,7.45853328704834,1252.0999755859375,17.179929733276367,2.47,2.8
2013-07-05,14.890000343322754,1631.8900146484375,7.381638526916504,1212.9000244140625,17.22272300720215,2.69,2.77
2013-07-08,14.779999732971191,1640.4599609375,7.409599304199219,1234.9000244140625,17.058700561523438,2.6,2.79
2013-07-09,14.350000381469727,1652.3199462890625,7.416594982147217,1245.9000244140625,17.194204330444336,2.61,2.78
2013-07-10,14.210000038146973,1652.6199951171875,7.40261173248291,1247.4000244140625,17.201330184936523,2.66,2.75
2013-07-11,14.010000228881836,1675.02001953125,7.437558174133301,1280.0999755859375,17.707670211791992,2.56,2.77
2013-07-12,13.84000015258789,1680.18994140625,7.437558174133301,1277.800048828125,17.736204147338867,2.57,2.77
2013-07-15,13.789999961853027,1682.5,7.451539993286133,1283.800048828125,17.921613693237305,2.53,2.76
2013-07-16,14.420000076293945,1676.260009765625,7.45853328704834,1290.800048828125,17.87169647216797,2.52,2.74
2013-07-17,13.779999732971191,1680.9100341796875,7.472514629364014,1277.9000244140625,18.04998016357422,2.49,2.74
2013-07-18,13.770000457763672,1689.3699951171875,7.45853328704834,1284.5999755859375,18.007200241088867,2.53,2.75
2013-07-19,12.539999961853027,1692.0899658203125,7.479503631591797,1293.300048828125,17.893095016479492,2.47,2.74
2013-07-22,12.289999961853027,1695.530029296875,7.48649263381958,1336.4000244140625,17.957275390625,2.46,2.71
2013-07-23,12.65999984741211,1692.3900146484375,7.479503631591797,1335.0999755859375,18.22114372253418,2.51,2.7
2013-07-24,13.180000305175781,1685.93994140625,7.45853328704834,1319.699951171875,18.057119369506836,2.58,2.67
2013-07-25,12.970000267028809,1690.25,7.45853328704834,1329.0,18.099910736083984,2.59,2.69
2013-07-26,12.720000267028809,1691.6500244140625,7.465527057647705,1321.699951171875,18.042856216430664,2.55,2.67
2013-07-29,13.390000343322754,1685.3299560546875,7.45853328704834,1328.4000244140625,17.843170166015625,2.58,2.69
2013-07-30,13.390000343322754,1685.9599609375,7.451539993286133,1324.0,17.800382614135742,2.59,2.68
2013-07-31,13.449999809265137,1685.72998046875,7.473250389099121,1312.4000244140625,17.729066848754883,2.56,2.68
2013-08-01,12.9399995803833,1706.8699951171875,7.438235282897949,1311.0,17.90022087097168,2.7,2.66
2013-08-02,11.979999542236328,1709.6700439453125,7.473250389099121,1310.5999755859375,17.90022087097168,2.59,2.68
2013-08-05,11.84000015258789,1707.1400146484375,7.459244728088379,1302.5999755859375,17.885963439941406,2.62,2.7
2013-08-06,12.720000267028809,1697.3699951171875,7.459244728088379,1283.199951171875,17.650623321533203,2.63,2.69
2013-08-07,12.979999542236328,1690.9100341796875,7.46624755859375,1286.0999755859375,17.543651580810547,2.56,2.72
2013-08-08,12.729999542236328,1697.47998046875,7.473250389099121,1310.699951171875,17.771862030029297,2.53,2.73
2013-08-09,13.40999984741211,1691.4200439453125,7.473250389099121,1312.9000244140625,17.843170166015625,2.52,2.74
2013-08-12,12.8100004196167,1689.469970703125,7.46624755859375,1334.699951171875,17.978673934936523,2.55,2.72
2013-08-13,12.3100004196167,1694.1600341796875,7.431229114532471,1321.199951171875,18.121301651000977,2.65,2.72
2013-08-14,13.039999961853027,1685.3900146484375,7.431229114532471,1334.0,18.10704231262207,2.66,2.72
2013-08-15,14.729999542236328,1661.3199462890625,7.41021728515625,1361.5999755859375,17.950151443481445,2.72,2.7
2013-08-16,14.369999885559082,1655.8299560546875,7.389206409454346,1371.699951171875,17.843170166015625,2.79,2.7
2013-08-19,15.100000381469727,1646.06005859375,7.36819314956665,1366.199951171875,17.56503677368164,2.82,2.7
2013-08-20,14.90999984741211,1652.3499755859375,7.389206409454346,1373.0999755859375,17.458066940307617,2.78,2.72
2013-08-21,15.9399995803833,1642.800048828125,7.361188888549805,1370.5999755859375,17.179929733276367,2.83,2.71
2013-08-22,14.760000228881836,1656.9599609375,7.361188888549805,1371.199951171875,17.343965530395508,2.87,2.68
2013-08-23,13.979999542236328,1663.5,7.389206409454346,1395.699951171875,17.50086212158203,2.79,2.67
2013-08-26,14.989999771118164,1656.780029296875,7.40321159362793,1393.0,17.35822296142578,2.75,2.67
2013-08-27,16.770000457763672,1630.47998046875,7.4242262840271,1420.5999755859375,16.987384796142578,2.67,2.66
2013-08-28,16.489999771118164,1634.9599609375,7.40321159362793,1419.0,16.908937454223633,2.75,2.65
2013-08-29,16.809999465942383,1638.1700439453125,7.417220592498779,1412.9000244140625,17.051565170288086,2.73,2.62
2013-08-30,17.010000228881836,1632.969970703125,7.425640106201172,1396.0999755859375,17.16567611694336,2.75,2.56
2013-09-03,16.610000610351562,1639.77001953125,7.3975725173950195,1412.0,17.28691291809082,2.84,2.58
2013-09-04,15.880000114440918,1653.0799560546875,7.3835296630859375,1389.9000244140625,17.408143997192383,2.88,2.55
2013-09-05,15.770000457763672,1655.0799560546875,7.348439693450928,1373.0999755859375,17.586435317993164,2.96,2.55
2013-09-06,15.850000381469727,1655.1700439453125,7.3694939613342285,1386.699951171875,17.757591247558594,2.92,2.59
2013-09-09,15.630000114440918,1671.7099609375,7.3835296630859375,1386.800048828125,18.171222686767578,2.88,2.6
2013-09-10,14.529999732971191,1683.989990234375,7.3624725341796875,1364.0999755859375,18.456485748291016,2.94,2.61
2013-09-11,13.819999694824219,1689.1300048828125,7.3835296630859375,1363.9000244140625,18.527801513671875,2.91,2.61
2013-09-12,14.289999961853027,1683.4200439453125,7.3835296630859375,1330.4000244140625,18.385173797607422,2.91,2.61
2013-09-13,14.15999984741211,1687.989990234375,7.390552043914795,1308.4000244140625,18.392301559448242,2.89,2.64
2013-09-16,14.380000114440918,1697.5999755859375,7.3975725173950195,1317.9000244140625,18.584856033325195,2.86,2.68
2013-09-17,14.529999732971191,1704.760009765625,7.404590606689453,1309.5,18.706087112426758,2.85,2.67
2013-09-18,13.59000015258789,1725.52001953125,7.453718662261963,1307.800048828125,18.962825775146484,2.68,2.75
2013-09-19,13.15999984741211,1722.3399658203125,7.446702480316162,1369.4000244140625,19.148242950439453,2.75,2.72
2013-09-20,13.119999885559082,1709.9100341796875,7.446702480316162,1332.5,18.844242095947266,2.74,2.68
2013-09-23,14.3100004196167,1701.8399658203125,7.460740566253662,1326.9000244140625,18.908920288085938,2.7,2.7
2013-09-24,14.079999923706055,1697.4200439453125,7.474773406982422,1316.0,18.808303833007812,2.65,2.68
2013-09-25,14.010000228881836,1692.77001953125,7.488809108734131,1335.9000244140625,18.757993698120117,2.61,2.7
2013-09-26,14.0600004196167,1698.6700439453125,7.474773406982422,1323.5999755859375,18.686126708984375,2.66,2.72
2013-09-27,15.460000038146973,1691.75,7.481794357299805,1338.4000244140625,18.563941955566406,2.62,2.73
2013-09-30,16.600000381469727,1681.550048828125,7.4972662925720215,1326.5,18.391456604003906,2.62,2.75
2013-10-01,15.539999961853027,1695.0,7.490230083465576,1286.0,18.556760787963867,2.64,2.76
2013-10-02,16.600000381469727,1693.8699951171875,7.4972662925720215,1320.5999755859375,18.628633499145508,2.61,2.77
2013-10-03,17.670000076293945,1678.6600341796875,7.4972662925720215,1317.4000244140625,18.729248046875,2.59,2.78
2013-10-04,16.739999771118164,1690.5,7.490230083465576,1309.699951171875,18.844242095947266,2.63,2.76
2013-10-07,19.40999984741211,1676.1199951171875,7.4972662925720215,1324.800048828125,18.722061157226562,2.62,2.74
2013-10-08,20.34000015258789,1655.449951171875,7.490230083465576,1324.199951171875,18.686126708984375,2.61,2.71
2013-10-09,19.600000381469727,1656.4000244140625,7.4832000732421875,1306.9000244140625,18.729248046875,2.63,2.71
2013-10-10,16.479999542236328,1692.56005859375,7.4832000732421875,1296.5999755859375,19.03829574584961,2.66,2.68
2013-10-11,15.720000267028809,1703.199951171875,7.4832000732421875,1268.0,19.153278350830078,2.62,2.68
2013-10-14,16.06999969482422,1710.1400146484375,7.476164817810059,1276.4000244140625,19.21796226501465,2.62,2.68
2013-10-15,18.65999984741211,1698.06005859375,7.476164817810059,1273.0,19.11015510559082,2.61,2.66
2013-10-16,14.710000038146973,1721.5400390625,7.4972662925720215,1282.0,19.26108169555664,2.59,2.66
2013-10-17,13.479999542236328,1733.1500244140625,7.518367767333984,1322.699951171875,19.347326278686523,2.56,2.66
2013-10-18,13.039999961853027,1744.5,7.525402545928955,1314.4000244140625,19.426382064819336,2.56,2.66
2013-10-21,13.15999984741211,1744.6600341796875,7.518367767333984,1315.699951171875,19.419208526611328,2.59,2.65
2013-10-22,13.329999923706055,1754.6700439453125,7.5464982986450195,1342.5,19.512624740600586,2.5,2.66
2013-10-23,13.420000076293945,1746.3800048828125,7.5464982986450195,1333.9000244140625,19.232336044311523,2.47,2.67
2013-10-24,13.199999809265137,1752.0699462890625,7.5394697189331055,1350.199951171875,19.1892147064209,2.5,2.68
2013-10-25,13.09000015258789,1759.77001953125,7.5464982986450195,1352.4000244140625,19.17483901977539,2.49,2.66
2013-10-28,13.3100004196167,1762.1099853515625,7.5394697189331055,1352.0,19.253902435302734,2.5,2.66
2013-10-29,13.40999984741211,1771.949951171875,7.5464982986450195,1345.199951171875,19.33295249938965,2.49,2.69
2013-10-30,13.649999618530273,1763.31005859375,7.5394697189331055,1349.0,19.33295249938965,2.51,2.68
2013-10-31,13.75,1756.5400390625,7.55567741394043,1323.5999755859375,19.246713638305664,2.53,2.65
2013-11-01,13.279999732971191,1761.6400146484375,7.534530162811279,1313.0999755859375,19.131715774536133,2.61,2.64
2013-11-04,12.930000305175781,1767.9300537109375,7.534530162811279,1314.5999755859375,19.16765022277832,2.58,2.66
2013-11-05,13.270000457763672,1762.969970703125,7.520432949066162,1308.0,18.916109085083008,2.64,2.66
2013-11-06,12.670000076293945,1770.489990234375,7.527483940124512,1317.699951171875,18.93766975402832,2.62,2.7
2013-11-07,13.90999984741211,1747.1500244140625,7.534530162811279,1308.4000244140625,18.678939819335938,2.58,2.7
2013-11-08,12.899999618530273,1770.6099853515625,7.492239952087402,1284.5,18.643007278442383,2.71,2.69
2013-11-11,12.529999732971191,1771.8900146484375,7.4851975440979,1281.0,18.492080688476562,2.71,2.69
2013-11-12,12.819999694824219,1767.68994140625,7.4851975440979,1271.0999755859375,18.398651123046875,2.72,2.67
2013-11-13,12.520000457763672,1782.0,7.499288558959961,1268.300048828125,18.31958770751953,2.67,2.69
2013-11-14,12.369999885559082,1790.6199951171875,7.51338529586792,1286.199951171875,18.549575805664062,2.61,2.72
2013-11-15,12.1899995803833,1798.1800537109375,7.520432949066162,1287.300048828125,18.750808715820312,2.63,2.7
2013-11-18,13.100000381469727,1791.530029296875,7.534530162811279,1272.199951171875,19.074230194091797,2.58,2.66
2013-11-19,13.390000343322754,1787.8699951171875,7.520432949066162,1273.4000244140625,18.987979888916016,2.63,2.66
2013-11-20,13.399999618530273,1781.3699951171875,7.499288558959961,1257.9000244140625,18.872987747192383,2.72,2.67
2013-11-21,12.65999984741211,1795.8499755859375,7.499288558959961,1243.5,18.743621826171875,2.72,2.65
2013-11-22,12.260000228881836,1804.760009765625,7.51338529586792,1244.0,18.822689056396484,2.68,2.65
2013-11-25,12.789999961853027,1802.47998046875,7.51338529586792,1241.0999755859375,18.750808715820312,2.66,2.65
2013-11-26,12.8100004196167,1802.75,7.520432949066162,1241.4000244140625,18.643007278442383,2.64,2.63
2013-11-27,12.979999542236328,1807.22998046875,7.51338529586792,1237.800048828125,18.700502395629883,2.67,2.63
2013-11-29,13.699999809265137,1805.81005859375,7.529632568359375,1250.5999755859375,18.858617782592773,2.69,2.61
2013-12-02,14.229999542236328,1800.9000244140625,7.508443832397461,1222.300048828125,18.750808715820312,2.76,2.6
2013-12-03,14.550000190734863,1795.1500244140625,7.515503406524658,1221.699951171875,18.57832145690918,2.73,2.6
2013-12-04,14.699999809265137,1792.81005859375,7.494313716888428,1248.199951171875,18.492080688476562,2.78,2.62
2013-12-05,15.079999923706055,1785.030029296875,7.487255573272705,1233.199951171875,18.513635635375977,2.82,2.59
2013-12-06,13.789999961853027,1805.0899658203125,7.494313716888428,1230.300048828125,18.722061157226562,2.82,2.58
2013-12-09,13.489999771118164,1808.3699951171875,7.501379489898682,1235.300048828125,18.829864501953125,2.79,2.57
2013-12-10,13.90999984741211,1802.6199951171875,7.515503406524658,1262.4000244140625,18.793928146362305,2.74,2.56
2013-12-11,15.420000076293945,1782.219970703125,7.501379489898682,1258.5,18.52800941467285,2.79,2.55
2013-12-12,15.539999961853027,1775.5,7.487255573272705,1226.0,18.398651123046875,2.82,2.53
2013-12-13,15.760000228881836,1775.3199462890625,7.494313716888428,1235.699951171875,18.391456604003906,2.81,2.5
2013-12-16,16.030000686645508,1786.5400390625,7.494313716888428,1245.5,18.448955535888672,2.82,2.5
2013-12-17,16.209999084472656,1781.0,7.508443832397461,1231.199951171875,18.36989974975586,2.78,2.5
2013-12-18,13.800000190734863,1810.6500244140625,7.494313716888428,1236.0999755859375,18.58551025390625,2.82,2.5
2013-12-19,14.149999618530273,1809.5999755859375,7.487255573272705,1195.0,18.416513442993164,2.88,2.42
2013-12-20,13.789999961853027,1818.3199462890625,7.501379489898682,1205.0999755859375,18.380399703979492,2.82,2.38
2013-12-23,13.039999961853027,1827.989990234375,7.485827445983887,1198.4000244140625,18.452617645263672,2.87,2.35
2013-12-24,12.479999542236328,1833.3199462890625,7.471691131591797,1205.0999755859375,18.517623901367188,2.92,2.36
2013-12-26,12.329999923706055,1842.02001953125,7.464620113372803,1214.0999755859375,18.163732528686523,2.93,2.37
2013-12-27,12.460000038146973,1841.4000244140625,7.464620113372803,1216.0999755859375,18.539281845092773,2.95,2.37
2013-12-30,13.5600004196167,1841.0699462890625,7.478756904602051,1203.0999755859375,18.640392303466797,2.92,2.35
2013-12-31,13.720000267028809,1848.3599853515625,7.48088264465332,1201.9000244140625,18.676511764526367,2.97,2.33
2014-01-02,14.229999542236328,1831.97998046875,7.495051860809326,1225.0,18.365951538085938,2.93,2.34
2014-01-03,13.760000228881836,1831.3699951171875,7.487969398498535,1238.4000244140625,18.243173599243164,2.94,2.34
2014-01-06,13.550000190734863,1826.77001953125,7.502135753631592,1237.800048828125,18.09151268005371,2.93,2.32
2014-01-07,12.920000076293945,1837.8800048828125,7.509221076965332,1229.4000244140625,18.11318016052246,2.92,2.32
2014-01-08,12.869999885559082,1837.489990234375,7.487969398498535,1225.300048828125,18.06984519958496,2.96,2.31
2014-01-09,12.890000343322754,1838.1300048828125,7.495051860809326,1229.300048828125,17.947072982788086,2.93,2.31
2014-01-10,12.140000343322754,1842.3699951171875,7.530473232269287,1246.699951171875,18.11318016052246,2.83,2.32
2014-01-13,13.279999732971191,1819.199951171875,7.544635772705078,1250.9000244140625,18.077068328857422,2.81,2.34
2014-01-14,12.279999732971191,1838.8800048828125,7.530473232269287,1245.199951171875,18.243173599243164,2.84,2.34
2014-01-15,12.279999732971191,1848.3800048828125,7.5233893394470215,1238.0999755859375,18.257627487182617,2.86,2.32
2014-01-16,12.529999732971191,1845.8900146484375,7.537560939788818,1240.0,18.1926212310791,2.82,2.32
2014-01-17,12.4399995803833,1838.699951171875,7.544635772705078,1251.699951171875,18.098739624023438,2.79,2.33
2014-01-21,12.869999885559082,1843.800048828125,7.537560939788818,1242.300048828125,18.08428955078125,2.81,2.3
2014-01-22,12.84000015258789,1844.8599853515625,7.530473232269287,1239.0,18.19985008239746,2.83,2.3
2014-01-23,13.770000457763672,1828.4599609375,7.551724910736084,1262.5999755859375,17.9326229095459,2.75,2.32
2014-01-24,18.139999389648438,1790.2900390625,7.565892696380615,1264.5,17.557079315185547,2.71,2.35
2014-01-27,17.420000076293945,1781.56005859375,7.551724910736084,1263.5999755859375,17.325963973999023,2.73,2.36
2014-01-28,15.800000190734863,1792.5,7.558804988861084,1251.0,17.434289932250977,2.72,2.35
2014-01-29,17.350000381469727,1774.199951171875,7.572979927062988,1262.199951171875,17.268186569213867,2.65,2.38
2014-01-30,17.290000915527344,1794.18994140625,7.572979927062988,1242.199951171875,17.398181915283203,2.7,2.36
2014-01-31,18.40999984741211,1782.5899658203125,7.596407413482666,1240.0999755859375,17.318740844726562,2.65,2.4
2014-02-03,21.440000534057617,1741.8900146484375,7.624806880950928,1260.4000244140625,17.000965118408203,2.56,2.39
2014-02-04,19.110000610351562,1755.199951171875,7.610605716705322,1251.699951171875,17.159854888916016,2.58,2.41
2014-02-05,19.950000762939453,1751.6400146484375,7.596407413482666,1257.300048828125,17.080415725708008,2.63,2.42
2014-02-06,17.229999542236328,1773.4300537109375,7.589306831359863,1257.5999755859375,17.383743286132812,2.66,2.4
2014-02-07,15.289999961853027,1797.02001953125,7.596407413482666,1263.300048828125,17.528182983398438,2.63,2.42
2014-02-10,15.260000228881836,1799.8399658203125,7.603508472442627,1274.800048828125,17.398181915283203,2.63,2.42
2014-02-11,14.510000228881836,1819.75,7.582205772399902,1290.0999755859375,17.65818214416504,2.7,2.39
2014-02-12,14.300000190734863,1819.260009765625,7.575104236602783,1295.300048828125,17.694286346435547,2.75,2.36
2014-02-13,14.140000343322754,1829.8299560546875,7.589306831359863,1300.4000244140625,17.679851531982422,2.7,2.39
2014-02-14,13.569999694824219,1838.6300048828125,7.589306831359863,1319.0,17.85317611694336,2.73,2.38
2014-02-18,13.869999885559082,1840.760009765625,7.596407413482666,1324.699951171875,17.824296951293945,2.66,2.4
2014-02-19,15.5,1828.75,7.589306831359863,1320.5999755859375,17.75206756591797,2.67,2.41
2014-02-20,14.789999961853027,1839.780029296875,7.582205772399902,1317.0999755859375,17.77373504638672,2.71,2.39
2014-02-21,14.680000305175781,1836.25,7.589306831359863,1323.9000244140625,17.81707000732422,2.68,2.38
2014-02-24,14.229999542236328,1847.6099853515625,7.582205772399902,1338.300048828125,17.85317611694336,2.7,2.38
2014-02-25,13.670000076293945,1845.1199951171875,7.603508472442627,1343.0,17.715957641601562,2.65,2.38
2014-02-26,14.350000381469727,1845.1600341796875,7.610605716705322,1328.199951171875,17.665403366088867,2.62,2.38
2014-02-27,14.039999961853027,1854.2900390625,7.624806880950928,1331.5999755859375,17.91095542907715,2.61,2.36
2014-02-28,14.0,1859.449951171875,7.632624626159668,1321.4000244140625,17.91095542907715,2.61,2.35
2014-03-03,16.0,1845.72998046875,7.6539692878723145,1350.0999755859375,17.557079315185547,2.55,2.37
2014-03-04,14.100000381469727,1873.9100341796875,7.618402004241943,1337.800048828125,17.824296951293945,2.65,2.35
2014-03-05,13.890000343322754,1873.81005859375,7.625515937805176,1340.199951171875,17.824296951293945,2.64,2.36
2014-03-06,14.210000038146973,1877.030029296875,7.6041789054870605,1351.699951171875,18.00484848022461,2.69,2.37
2014-03-07,14.109999656677246,1878.0400390625,7.589945316314697,1338.0999755859375,17.925403594970703,2.74,2.34
2014-03-10,14.199999809265137,1877.1700439453125,7.589945316314697,1341.4000244140625,17.75206756591797,2.74,2.36
2014-03-11,14.800000190734863,1867.6300048828125,7.589945316314697,1346.5,17.643741607666016,2.72,2.37
2014-03-12,14.470000267028809,1868.199951171875,7.6041789054870605,1370.300048828125,17.59318733215332,2.68,2.38
2014-03-13,16.219999313354492,1846.3399658203125,7.632624626159668,1372.199951171875,17.39096450805664,2.61,2.39
2014-03-14,17.81999969482422,1841.1300048828125,7.625515937805176,1379.0,17.434289932250977,2.6,2.4
2014-03-17,15.640000343322754,1858.8299560546875,7.611291408538818,1372.9000244140625,17.59318733215332,2.64,2.4
2014-03-18,14.520000457763672,1872.25,7.618402004241943,1359.0,17.795408248901367,2.63,2.42
2014-03-19,15.119999885559082,1860.77001953125,7.5828328132629395,1341.4000244140625,17.6220703125,2.72,2.37
2014-03-20,14.520000457763672,1872.010009765625,7.575716495513916,1330.5,17.6220703125,2.73,2.34
2014-03-21,15.0,1866.52001953125,7.589945316314697,1336.0,17.59318733215332,2.69,2.32
2014-03-24,15.09000015258789,1857.43994140625,7.597060680389404,1311.199951171875,17.799476623535156,2.68,2.29
2014-03-25,14.020000457763672,1865.6199951171875,7.597060680389404,1311.4000244140625,17.994916915893555,2.7,2.28
2014-03-26,14.930000305175781,1852.56005859375,7.611291408538818,1303.4000244140625,18.02387809753418,2.66,2.28
2014-03-27,14.619999885559082,1849.0400390625,7.618402004241943,1294.699951171875,18.20484161376953,2.65,2.26
2014-03-28,14.40999984741211,1857.6199951171875,7.6041789054870605,1293.800048828125,18.429231643676758,2.69,2.25
2014-03-31,13.880000114440918,1872.3399658203125,7.621285438537598,1283.4000244140625,18.602956771850586,2.68,2.26
2014-04-01,13.100000381469727,1885.52001953125,7.614153861999512,1279.5999755859375,18.7404842376709,2.73,2.26
2014-04-02,13.09000015258789,1890.9000244140625,7.599894046783447,1290.5,18.791156768798828,2.8,2.25
2014-04-03,13.369999885559082,1888.77001953125,7.607026100158691,1284.4000244140625,18.675342559814453,2.78,2.24
2014-04-04,13.960000038146973,1865.0899658203125,7.628417491912842,1303.199951171875,18.602956771850586,2.71,2.25
2014-04-07,15.569999694824219,1845.0400390625,7.642670631408691,1298.0,18.7404842376709,2.68,2.24
2014-04-08,14.890000343322754,1851.9599609375,7.642670631408691,1308.699951171875,18.885257720947266,2.66,2.26
2014-04-09,13.819999694824219,1872.1800537109375,7.642670631408691,1305.5,19.080698013305664,2.67,2.25
2014-04-10,15.890000343322754,1833.0799560546875,7.664065361022949,1320.0999755859375,18.921445846557617,2.61,2.24
2014-04-11,17.030000686645508,1815.68994140625,7.67119026184082,1318.699951171875,18.86354637145996,2.59,2.23
2014-04-14,16.110000610351562,1830.6099853515625,7.664065361022949,1327.199951171875,18.928691864013672,2.61,2.22
2014-04-15,15.609999656677246,1842.97998046875,7.67119026184082,1300.0,18.70429039001465,2.6,2.2
2014-04-16,14.180000305175781,1862.31005859375,7.664065361022949,1303.0999755859375,18.75496482849121,2.61,2.19
2014-04-17,13.359999656677246,1864.8499755859375,7.635544300079346,1293.4000244140625,18.935924530029297,2.7,2.16
2014-04-21,13.25,1871.8900146484375,7.635544300079346,1288.0,18.935924530029297,2.69,2.18
2014-04-22,13.1899995803833,1879.550048828125,7.642670631408691,1280.5999755859375,18.885257720947266,2.7,2.15
2014-04-23,13.270000457763672,1875.3900146484375,7.64980411529541,1284.199951171875,18.769439697265625,2.68,2.15
2014-04-24,13.319999694824219,1878.6099853515625,7.656932830810547,1290.5,18.78392219543457,2.69,2.14
2014-04-25,14.0600004196167,1863.4000244140625,7.656932830810547,1300.699951171875,18.552288055419922,2.65,2.13
2014-04-28,13.970000267028809,1869.4300537109375,7.64980411529541,1298.9000244140625,18.624671936035156,2.67,2.13
2014-04-29,13.710000038146973,1878.3299560546875,7.64980411529541,1296.0,18.726009368896484,2.69,2.15
2014-04-30,13.40999984741211,1883.949951171875,7.68052864074707,1295.5999755859375,18.69705581665039,2.64,2.16
2014-05-01,13.25,1883.6800537109375,7.70196008682251,1283.0999755859375,18.70429039001465,2.6,2.14
2014-05-02,12.90999984741211,1881.1400146484375,7.70196008682251,1302.5999755859375,18.81287384033203,2.58,2.14
2014-05-05,13.289999961853027,1884.6600341796875,7.694813251495361,1309.0,18.791156768798828,2.6,2.15
2014-05-06,13.800000190734863,1867.719970703125,7.70196008682251,1308.300048828125,18.834583282470703,2.58,2.15
2014-05-07,13.399999618530273,1878.2099609375,7.709102153778076,1288.5999755859375,18.950403213500977,2.59,2.16
2014-05-08,13.430000305175781,1875.6300048828125,7.709102153778076,1287.4000244140625,18.935924530029297,2.58,2.18
2014-05-09,12.920000076293945,1878.47998046875,7.70196008682251,1287.300048828125,18.986595153808594,2.59,2.21
2014-05-12,12.229999542236328,1896.6500244140625,7.687668800354004,1295.5999755859375,19.182043075561523,2.63,2.2
2014-05-13,12.130000114440918,1897.449951171875,7.709102153778076,1294.5999755859375,19.232707977294922,2.58,2.21
2014-05-14,12.170000076293945,1888.530029296875,7.730536460876465,1305.699951171875,19.37747573852539,2.51,2.2
2014-05-15,13.170000076293945,1870.8499755859375,7.737679958343506,1293.5,19.26166343688965,2.47,2.22
2014-05-16,12.4399995803833,1877.8599853515625,7.730536460876465,1293.300048828125,19.435379028320312,2.49,2.2
2014-05-19,12.420000076293945,1885.0799560546875,7.723394870758057,1293.699951171875,19.5150089263916,2.51,2.22
2014-05-20,12.960000038146973,1872.8299560546875,7.737679958343506,1294.5,19.305089950561523,2.49,2.23
2014-05-21,11.90999984741211,1888.030029296875,7.723394870758057,1288.0,19.471576690673828,2.5,2.26
2014-05-22,12.029999732971191,1892.489990234375,7.723394870758057,1294.9000244140625,19.60186767578125,2.53,2.25
2014-05-23,11.359999656677246,1900.530029296875,7.730536460876465,1291.5999755859375,19.681489944458008,2.5,2.24
2014-05-27,11.510000228881836,1911.9100341796875,7.737679958343506,1265.4000244140625,19.493289947509766,2.48,2.23
2014-05-28,11.680000305175781,1909.780029296875,7.759113311767578,1259.300048828125,19.551198959350586,2.4,2.23
2014-05-29,11.569999694824219,1920.030029296875,7.751967430114746,1256.300048828125,19.587385177612305,2.41,2.24
2014-05-30,11.399999618530273,1923.5699462890625,7.7612786293029785,1245.5999755859375,19.391956329345703,2.44,2.22
2014-06-02,11.579999923706055,1924.969970703125,7.746962070465088,1243.699951171875,19.449861526489258,2.5,2.22
2014-06-03,11.869999885559082,1924.239990234375,7.725477695465088,1244.300048828125,19.543964385986328,2.56,2.22
2014-06-04,12.079999923706055,1927.8800048828125,7.718320846557617,1244.0,19.471576690673828,2.57,2.23
2014-06-05,11.680000305175781,1940.4599609375,7.73263692855835,1253.0,19.623586654663086,2.55,2.24
2014-06-06,10.729999542236328,1949.43994140625,7.725477695465088,1252.0999755859375,19.79730796813965,2.56,2.23
2014-06-09,11.149999618530273,1951.27001953125,7.718320846557617,1253.5,19.898645401000977,2.58,2.22
2014-06-10,10.989999771118164,1950.7900390625,7.7111592292785645,1259.800048828125,20.03618621826172,2.6,2.21
2014-06-11,11.600000381469727,1943.8900146484375,7.7111592292785645,1260.800048828125,19.971033096313477,2.61,2.2
2014-06-12,12.5600004196167,1930.1099853515625,7.725477695465088,1273.5999755859375,19.9276065826416,2.54,2.21
2014-06-13,12.180000305175781,1936.1600341796875,7.718320846557617,1273.699951171875,19.949317932128906,2.56,2.19
2014-06-16,12.649999618530273,1937.780029296875,7.725477695465088,1274.9000244140625,19.869693756103516,2.57,2.17
2014-06-17,12.0600004196167,1941.989990234375,7.703998565673828,1271.699951171875,19.81901741027832,2.62,2.17
2014-06-18,10.609999656677246,1956.97998046875,7.725477695465088,1272.4000244140625,19.98551368713379,2.58,2.19
2014-06-19,10.619999885559082,1959.47998046875,7.7111592292785645,1313.699951171875,19.956554412841797,2.62,2.19
2014-06-20,10.850000381469727,1962.8699951171875,7.718320846557617,1316.199951171875,19.920360565185547,2.61,2.2
2014-06-23,10.979999542236328,1962.6099853515625,7.718320846557617,1318.0,19.8560733795166,2.6,2.19
2014-06-24,12.130000114440918,1949.97998046875,7.73263692855835,1320.9000244140625,19.84876823425293,2.56,2.18
2014-06-25,11.59000015258789,1959.530029296875,7.739800453186035,1322.199951171875,19.870685577392578,2.54,2.18
2014-06-26,11.630000114440918,1957.219970703125,7.746962070465088,1316.0999755859375,19.92913246154785,2.49,2.18
2014-06-27,11.260000228881836,1960.9599609375,7.746962070465088,1319.0,19.936445236206055,2.51,2.2
2014-06-30,11.569999694824219,1960.22998046875,7.769914627075195,1321.800048828125,19.972965240478516,2.49,2.18
2014-07-01,11.149999618530273,1973.3199462890625,7.755570411682129,1326.4000244140625,20.067935943603516,2.56,2.19
2014-07-02,10.819999694824219,1974.6199951171875,7.734042644500732,1330.699951171875,20.184818267822266,2.62,2.2
2014-07-03,10.319999694824219,1985.43994140625,7.719695091247559,1320.4000244140625,20.287099838256836,2.64,2.21
2014-07-07,11.329999923706055,1977.6500244140625,7.726869583129883,1316.5,20.316322326660156,2.59,2.18
2014-07-08,11.979999542236328,1963.7099609375,7.74838924407959,1316.0,20.309009552001953,2.55,2.18
2014-07-09,11.649999618530273,1972.8299560546875,7.74838924407959,1323.800048828125,20.316322326660156,2.54,2.17
2014-07-10,12.59000015258789,1964.6800537109375,7.755570411682129,1338.699951171875,20.316322326660156,2.53,2.2
2014-07-11,12.079999923706055,1967.5699462890625,7.7627410888671875,1337.0,20.287099838256836,2.51,2.2
2014-07-14,11.819999694824219,1977.0999755859375,7.74838924407959,1306.300048828125,20.418590545654297,2.52,2.21
2014-07-15,11.960000038146973,1973.280029296875,7.741219520568848,1296.9000244140625,20.45511817932129,2.54,2.2
2014-07-16,11.0,1981.5699462890625,7.74838924407959,1299.5999755859375,20.49895477294922,2.53,2.19
2014-07-17,14.539999961853027,1958.1199951171875,7.769914627075195,1316.699951171875,20.228654861450195,2.45,2.22
2014-07-18,12.0600004196167,1978.219970703125,7.7627410888671875,1309.199951171875,20.469730377197266,2.48,2.2
2014-07-21,12.8100004196167,1973.6300048828125,7.7627410888671875,1313.699951171875,20.440502166748047,2.46,2.19
2014-07-22,12.239999771118164,1983.530029296875,7.769914627075195,1306.0999755859375,20.666973114013672,2.45,2.19
2014-07-23,11.520000457763672,1987.010009765625,7.769914627075195,1304.5,20.725421905517578,2.45,2.2
2014-07-24,11.84000015258789,1987.97998046875,7.74838924407959,1290.5999755859375,20.79116439819336,2.49,2.2
2014-07-25,12.6899995803833,1978.3399658203125,7.769914627075195,1303.0999755859375,20.703506469726562,2.45,2.19
2014-07-28,12.5600004196167,1978.9100341796875,7.7627410888671875,1303.300048828125,20.747339248657227,2.46,2.19
2014-07-29,13.279999732971191,1969.949951171875,7.769914627075195,1298.300048828125,20.645057678222656,2.45,2.18
2014-07-30,13.329999923706055,1970.0699462890625,7.741219520568848,1294.9000244140625,20.623144149780273,2.53,2.17
2014-07-31,16.950000762939453,1930.6700439453125,7.749846935272217,1281.300048828125,20.265182495117188,2.55,2.17
2014-08-01,17.030000686645508,1925.1500244140625,7.7714128494262695,1293.5999755859375,20.257877349853516,2.49,2.23
2014-08-04,15.119999885559082,1938.989990234375,7.7714128494262695,1287.699951171875,20.5208683013916,2.47,2.24
2014-08-05,16.8700008392334,1920.2099609375,7.778601169586182,1284.0,20.265182495117188,2.46,2.25
2014-08-06,16.3700008392334,1920.239990234375,7.7714128494262695,1306.699951171875,20.243261337280273,2.46,2.26
2014-08-07,16.65999984741211,1909.5699462890625,7.792982578277588,1310.800048828125,20.046016693115234,2.4,2.28
2014-08-08,15.770000457763672,1931.5899658203125,7.785789966583252,1308.9000244140625,20.19942855834961,2.41,2.27
2014-08-11,14.229999542236328,1936.9200439453125,7.785789966583252,1308.5,20.4258975982666,2.4,2.28
2014-08-12,14.130000114440918,1933.75,7.778601169586182,1308.800048828125,20.43320083618164,2.43,2.29
2014-08-13,12.899999618530273,1946.719970703125,7.792982578277588,1312.800048828125,20.564701080322266,2.39,2.31
2014-08-14,12.420000076293945,1955.1800537109375,7.8001708984375,1313.9000244140625,20.608531951904297,2.36,2.29
2014-08-15,13.149999618530273,1955.06005859375,7.814547061920166,1304.5,20.645057678222656,2.31,2.29
2014-08-18,12.319999694824219,1971.739990234375,7.8001708984375,1297.699951171875,20.754640579223633,2.36,2.31
2014-08-19,12.210000038146973,1981.5999755859375,7.792982578277588,1295.0999755859375,20.878828048706055,2.37,2.33
2014-08-20,11.779999732971191,1986.510009765625,7.785789966583252,1293.4000244140625,20.89344024658203,2.39,2.3
2014-08-21,11.760000228881836,1992.3699951171875,7.792982578277588,1273.699951171875,20.878828048706055,2.39,2.28
2014-08-22,11.470000267028809,1988.4000244140625,7.792982578277588,1278.5999755859375,20.87152099609375,2.37,2.26
2014-08-25,11.699999809265137,1997.9200439453125,7.8001708984375,1277.300048828125,20.922666549682617,2.35,2.25
2014-08-26,11.630000114440918,2000.02001953125,7.8001708984375,1283.800048828125,20.995723724365234,2.36,2.26
2014-08-27,11.779999732971191,2000.1199951171875,7.814547061920166,1281.9000244140625,21.12722396850586,2.33,2.24
2014-08-28,12.050000190734863,1996.739990234375,7.82173490524292,1288.699951171875,20.981103897094727,2.31,2.23
2014-08-29,12.09000015258789,2003.3699951171875,7.83758544921875,1285.800048828125,20.9884090423584,2.32,2.23
2014-09-02,12.25,2002.280029296875,7.808773040771484,1263.699951171875,21.06877326965332,2.39,2.25
2014-09-03,12.359999656677246,2000.719970703125,7.815975666046143,1268.9000244140625,21.368295669555664,2.38,2.24
2014-09-04,12.640000343322754,1997.6500244140625,7.801568031311035,1265.0999755859375,21.30254554748535,2.42,2.25
2014-09-05,12.09000015258789,2007.7099609375,7.801568031311035,1265.800048828125,21.368295669555664,2.43,2.29
2014-09-08,12.65999984741211,2001.5400390625,7.794362545013428,1252.699951171875,21.2294921875,2.46,2.26
2014-09-09,13.5,1988.43994140625,7.779956340789795,1246.800048828125,21.032251358032227,2.48,2.25
2014-09-10,12.880000114440918,1995.68994140625,7.765547752380371,1243.5,20.87152099609375,2.52,2.26
2014-09-11,12.800000190734863,1997.449951171875,7.758345603942871,1237.4000244140625,20.769248962402344,2.52,2.25
2014-09-12,13.3100004196167,1985.5400390625,7.743940830230713,1229.9000244140625,20.53548240661621,2.6,2.27
2014-09-15,14.119999885559082,1984.1300048828125,7.7511467933654785,1233.5999755859375,20.469730377197266,2.58,2.28
2014-09-16,12.729999542236328,1998.97998046875,7.743940830230713,1235.199951171875,20.5208683013916,2.58,2.3
2014-09-17,12.649999618530273,2001.5699462890625,7.736740589141846,1234.4000244140625,20.5208683013916,2.6,2.29
2014-09-18,12.029999732971191,2011.3599853515625,7.736740589141846,1225.699951171875,20.528175354003906,2.61,2.28
2014-09-19,12.109999656677246,2010.4000244140625,7.7511467933654785,1215.300048828125,20.411287307739258,2.57,2.26
2014-09-22,13.6899995803833,1994.2900390625,7.758345603942871,1216.800048828125,20.13368034362793,2.56,2.27
2014-09-23,14.930000305175781,1982.77001953125,7.7727508544921875,1221.0,19.986127853393555,2.53,2.26
2014-09-24,13.270000457763672,1998.300048828125,7.758345603942871,1218.5999755859375,20.16319465637207,2.55,2.27
2014-09-25,15.640000343322754,1965.989990234375,7.779956340789795,1221.199951171875,19.750049591064453,2.51,2.27
2014-09-26,14.850000381469727,1982.8499755859375,7.765547752380371,1214.0999755859375,19.9123477935791,2.53,2.27
2014-09-29,15.979999542236328,1977.800048828125,7.7727508544921875,1217.5,19.54346466064453,2.48,2.27
2014-09-30,16.309999465942383,1972.2900390625,7.780689716339111,1210.5,19.48444366455078,2.5,2.29
2014-10-01,16.709999084472656,1946.1600341796875,7.8239946365356445,1214.5999755859375,19.26311683654785,2.4,2.31
2014-10-02,16.15999984741211,1946.1700439453125,7.809565544128418,1214.199951171875,19.2557373046875,2.43,2.32
2014-10-03,14.550000190734863,1967.9000244140625,7.809565544128418,1192.199951171875,19.49181365966797,2.44,2.29
2014-10-06,15.460000038146973,1964.8199462890625,7.816781520843506,1206.699951171875,19.735286712646484,2.41,2.3
2014-10-07,17.200000762939453,1935.0999755859375,7.8456525802612305,1211.699951171875,19.661508560180664,2.34,2.3
2014-10-08,15.109999656677246,1968.8900146484375,7.852863788604736,1205.300048828125,19.757417678833008,2.34,2.32
2014-10-09,18.760000228881836,1928.2099609375,7.8456525802612305,1224.5999755859375,19.62462615966797,2.33,2.34
2014-10-10,21.239999771118164,1906.1300048828125,7.860090732574463,1221.0,19.226228713989258,2.3,2.36
2014-10-13,24.639999389648438,1874.739990234375,7.8745222091674805,1229.300048828125,19.35164451599121,2.3,2.36
2014-10-14,22.790000915527344,1877.699951171875,7.888957977294922,1233.5999755859375,19.418046951293945,2.19,2.39
2014-10-15,25.270000457763672,1862.489990234375,7.903393745422363,1244.0999755859375,19.167207717895508,2.13,2.44
2014-10-16,25.200000762939453,1862.760009765625,7.888957977294922,1240.5,19.004894256591797,2.14,2.47
2014-10-17,21.989999771118164,1886.760009765625,7.881739616394043,1238.300048828125,19.218849182128906,2.2,2.44
2014-10-20,18.56999969482422,1904.010009765625,7.888957977294922,1244.0,19.226228713989258,2.18,2.45
2014-10-21,16.079999923706055,1941.280029296875,7.881739616394043,1251.0,19.299999237060547,2.21,2.43
2014-10-22,17.8700008392334,1927.1099853515625,7.8745222091674805,1244.800048828125,19.2040958404541,2.23,2.42
2014-10-23,16.530000686645508,1950.8199462890625,7.860090732574463,1228.5,19.226228713989258,2.28,2.42
2014-10-24,16.110000610351562,1964.5799560546875,7.860090732574463,1231.199951171875,19.29262924194336,2.28,2.43
2014-10-27,16.040000915527344,1961.6300048828125,7.860090732574463,1229.0999755859375,19.100811004638672,2.25,2.44
2014-10-28,14.390000343322754,1985.050048828125,7.852863788604736,1229.199951171875,19.513959884643555,2.28,2.43
2014-10-29,15.149999618530273,1982.300048828125,7.838435649871826,1224.300048828125,19.54346466064453,2.31,2.36
2014-10-30,14.520000457763672,1994.6500244140625,7.8456525802612305,1198.0999755859375,19.74266242980957,2.31,2.39
2014-10-31,14.029999732971191,2018.050048828125,7.853609085083008,1171.0999755859375,19.93448829650879,2.34,2.39
2014-11-03,14.729999542236328,2017.81005859375,7.846372604370117,1169.4000244140625,19.816444396972656,2.34,2.39
2014-11-04,14.890000343322754,2012.0999755859375,7.846372604370117,1167.4000244140625,19.7943058013916,2.32,2.39
2014-11-05,14.170000076293945,2023.5699462890625,7.846372604370117,1145.4000244140625,19.661508560180664,2.33,2.39
2014-11-06,13.670000076293945,2031.2099609375,7.831911563873291,1142.300048828125,19.432804107666016,2.36,2.4
2014-11-07,13.119999885559082,2031.9200439453125,7.853609085083008,1169.5999755859375,19.425418853759766,2.29,2.43
2014-11-10,12.670000076293945,2038.260009765625,7.839141845703125,1159.5999755859375,19.54346466064453,2.36,2.41
2014-11-11,12.920000076293945,2039.6800537109375,7.831911563873291,1162.800048828125,19.528705596923828,2.36,2.41
2014-11-12,13.020000457763672,2038.25,7.831911563873291,1158.9000244140625,19.536088943481445,2.35,2.43
2014-11-13,13.789999961853027,2039.3299560546875,7.839141845703125,1161.0999755859375,19.47706413269043,2.33,2.47
2014-11-14,13.3100004196167,2039.8199462890625,7.846372604370117,1185.0,19.558225631713867,2.3,2.48
2014-11-17,13.989999771118164,2041.3199462890625,7.839141845703125,1183.0,19.381160736083984,2.31,2.49
2014-11-18,13.859999656677246,2051.800048828125,7.846372604370117,1196.699951171875,19.462308883666992,2.3,2.52
2014-11-19,13.960000038146973,2048.719970703125,7.831911563873291,1193.5999755859375,19.469697952270508,2.35,2.51
2014-11-20,13.579999923706055,2052.75,7.839141845703125,1190.699951171875,19.52133560180664,2.32,2.52
2014-11-21,12.899999618530273,2063.5,7.853609085083008,1197.5,19.875459671020508,2.3,2.49
2014-11-24,12.619999885559082,2069.409912109375,7.853609085083008,1195.5,19.91973304748535,2.28,2.5
2014-11-25,12.25,2067.030029296875,7.86806583404541,1197.0999755859375,19.860706329345703,2.25,2.46
2014-11-26,12.069999694824219,2072.830078125,7.875300884246826,1196.5999755859375,19.978755950927734,2.22,2.47
2014-11-28,13.329999923706055,2067.56005859375,7.905005931854248,1175.199951171875,19.735286712646484,2.16,2.52
2014-12-01,14.15999984741211,2053.43994140625,7.897763729095459,1218.0,19.35902976989746,2.19,2.54
2014-12-02,12.850000381469727,2066.550048828125,7.8760294914245605,1199.199951171875,19.344274520874023,2.25,2.54
2014-12-03,12.5,2074.330078125,7.8760294914245605,1208.5,19.388534545898438,2.28,2.52
2014-12-04,12.380000114440918,2071.919921875,7.883268356323242,1207.5,19.373781204223633,2.23,2.53
2014-12-05,11.890000343322754,2075.3701171875,7.861536502838135,1190.0999755859375,19.344274520874023,2.29,2.48
2014-12-08,14.210000038146973,2060.31005859375,7.8760294914245605,1194.699951171875,19.093427658081055,2.23,2.48
2014-12-09,15.350000381469727,2059.820068359375,7.883268356323242,1231.5,18.886856079101562,2.18,2.51
2014-12-10,18.530000686645508,2026.1400146484375,7.897763729095459,1228.9000244140625,18.672895431518555,2.15,2.53
2014-12-11,20.079999923706055,2035.3299560546875,7.890517711639404,1225.0999755859375,18.51797103881836,2.16,2.53
2014-12-12,21.079999923706055,2002.3299560546875,7.919496059417725,1222.0,18.26712989807129,2.08,2.58
2014-12-15,20.420000076293945,1989.6300048828125,7.905005931854248,1207.199951171875,17.92037582397461,2.08,2.56
2014-12-16,23.56999969482422,1972.739990234375,7.919496059417725,1193.9000244140625,17.721181869506836,2.04,2.6
2014-12-17,19.440000534057617,2012.8900146484375,7.897763729095459,1194.300048828125,18.038421630859375,2.11,2.6
2014-12-18,16.809999465942383,2061.22998046875,7.8760294914245605,1194.699951171875,18.451574325561523,2.18,2.56
2014-12-19,16.489999771118164,2070.64990234375,7.890517711639404,1195.9000244140625,18.444189071655273,2.13,2.56
2014-12-22,15.25,2078.5400390625,7.896332263946533,1179.699951171875,18.738977432250977,2.12,2.53
2014-12-23,14.800000190734863,2082.169921875,7.8600077629089355,1177.9000244140625,18.650096893310547,2.23,2.53
2014-12-24,14.369999885559082,2081.8798828125,7.8600077629089355,1173.5,18.63528823852539,2.26,2.5
2014-12-26,14.5,2088.77001953125,7.86727237701416,1195.300048828125,18.68712615966797,2.24,2.5
2014-12-29,15.0600004196167,2090.570068359375,7.881802082061768,1181.699951171875,18.776018142700195,2.19,2.49
2014-12-30,15.920000076293945,2080.35009765625,7.889067649841309,1200.199951171875,18.746383666992188,2.17,2.49
2014-12-31,19.200000762939453,2058.89990234375,7.912355422973633,1183.9000244140625,18.753795623779297,2.13,2.51
2015-01-02,17.790000915527344,2058.199951171875,7.934194087982178,1186.0,18.694541931152344,2.1,2.51
2015-01-05,19.920000076293945,2020.5799560546875,7.9560322761535645,1203.9000244140625,18.398279190063477,2.01,2.52
2015-01-06,21.1200008392334,2002.6099853515625,7.985148906707764,1219.300048828125,18.294574737548828,1.94,2.52
2015-01-07,19.309999465942383,2025.9000244140625,7.985148906707764,1210.5999755859375,18.613065719604492,1.93,2.53
2015-01-08,17.010000228881836,2062.139892578125,7.963313102722168,1208.4000244140625,18.961183547973633,2.0,2.54
2015-01-09,17.549999237060547,2044.81005859375,7.985148906707764,1216.0,18.842668533325195,1.96,2.55
2015-01-12,19.600000381469727,2028.260009765625,7.9997029304504395,1232.699951171875,18.68712615966797,1.89,2.55
2015-01-13,20.559999465942383,2023.030029296875,7.9997029304504395,1234.300048828125,18.783422470092773,1.88,2.55
2015-01-14,21.479999542236328,2011.27001953125,8.014265060424805,1234.4000244140625,18.753795623779297,1.82,2.58
2015-01-15,22.389999389648438,1992.6700439453125,8.05066204071045,1264.699951171875,18.813045501708984,1.74,2.65
2015-01-16,20.950000762939453,2019.4200439453125,8.014265060424805,1276.9000244140625,18.975996017456055,1.8,2.62
2015-01-20,19.889999389648438,2022.550048828125,8.028818130493164,1294.199951171875,18.894519805908203,1.79,2.61
2015-01-21,18.850000381469727,2032.1199951171875,8.006982803344727,1293.699951171875,19.25004768371582,1.84,2.59
2015-01-22,16.399999618530273,2063.14990234375,7.9997029304504395,1300.699951171875,19.53890037536621,1.87,2.59
2015-01-23,16.65999984741211,2051.820068359375,8.028818130493164,1292.5999755859375,19.531496047973633,1.79,2.6
2015-01-26,15.520000457763672,2057.090087890625,8.021547317504883,1279.4000244140625,19.53890037536621,1.8,2.58
2015-01-27,17.219999313354492,2029.550048828125,8.021547317504883,1291.699951171875,19.427799224853516,1.81,2.59
2015-01-28,20.440000534057617,2002.1600341796875,8.057938575744629,1285.9000244140625,19.29448699951172,1.71,2.59
2015-01-29,18.760000228881836,2021.25,8.043380737304688,1254.5999755859375,19.25004768371582,1.74,2.58
2015-01-30,20.969999313354492,1994.989990234375,8.095165252685547,1278.5,18.87970733642578,1.66,2.61
2015-02-02,19.43000030517578,2020.8499755859375,8.087862968444824,1276.199951171875,19.072282791137695,1.66,2.61
2015-02-03,17.329999923706055,2050.030029296875,8.051410675048828,1259.699951171875,19.353734970092773,1.77,2.61
2015-02-04,18.329999923706055,2041.510009765625,8.058696746826172,1263.800048828125,19.272266387939453,1.8,2.6
2015-02-05,16.850000381469727,2062.52001953125,8.044106483459473,1262.0,19.420398712158203,1.81,2.6
2015-02-06,17.290000915527344,2055.469970703125,7.993057727813721,1233.9000244140625,19.205608367919922,1.93,2.55
2015-02-09,18.549999237060547,2046.739990234375,7.993057727813721,1240.800048828125,19.138948440551758,1.95,2.53
2015-02-10,17.229999542236328,2068.590087890625,7.978475570678711,1231.5999755859375,19.079689025878906,2.0,2.53
2015-02-11,16.959999084472656,2068.530029296875,7.978475570678711,1219.0,18.968591690063477,1.99,2.53
2015-02-12,15.34000015258789,2088.47998046875,7.978475570678711,1220.0999755859375,19.301891326904297,1.97,2.54
2015-02-13,14.6899995803833,2096.989990234375,7.963891983032227,1226.5,19.509281158447266,2.01,2.55
2015-02-17,15.800000190734863,2100.340087890625,7.934713840484619,1208.0999755859375,19.487062454223633,2.12,2.53
2015-02-18,15.449999809265137,2099.679931640625,7.956594467163086,1199.699951171875,19.509281158447266,2.05,2.53
2015-02-19,15.289999961853027,2097.449951171875,7.942008972167969,1207.0999755859375,19.464834213256836,2.09,2.53
2015-02-20,14.300000190734863,2110.300048828125,7.942008972167969,1204.4000244140625,19.51668357849121,2.11,2.5
2015-02-23,14.5600004196167,2109.659912109375,7.963891983032227,1200.300048828125,19.420398712158203,2.04,2.48
2015-02-24,13.6899995803833,2115.47998046875,7.993057727813721,1196.9000244140625,19.59075355529785,1.97,2.49
2015-02-25,13.84000015258789,2113.860107421875,8.000351905822754,1201.0,19.57594871520996,1.94,2.49
2015-02-26,13.90999984741211,2110.739990234375,7.971182346343994,1209.5999755859375,19.55371856689453,2.0,2.44
2015-02-27,13.34000015258789,2104.5,8.007711410522461,1212.5999755859375,19.54631805419922,1.98,2.46
2015-03-02,13.039999961853027,2117.389892578125,7.971182346343994,1207.699951171875,19.509281158447266,2.06,2.48
2015-03-03,13.859999656677246,2107.780029296875,7.963879108428955,1204.0,19.398178100585938,2.1,2.46
2015-03-04,14.229999542236328,2098.530029296875,7.963879108428955,1200.5999755859375,19.227821350097656,2.11,2.46
2015-03-05,14.039999961853027,2101.0400390625,7.963879108428955,1195.9000244140625,19.161157608032227,2.09,2.47
2015-03-06,15.199999809265137,2071.260009765625,7.920034408569336,1164.0999755859375,18.968591690063477,2.23,2.45
2015-03-09,15.0600004196167,2079.429931640625,7.934652805328369,1166.4000244140625,18.842668533325195,2.18,2.46
2015-03-10,16.690000534057617,2044.1600341796875,7.95657205581665,1160.0999755859375,18.472339630126953,2.12,2.45
2015-03-11,16.8700008392334,2040.239990234375,7.963879108428955,1150.699951171875,18.509374618530273,2.08,2.45
2015-03-12,15.420000076293945,2065.949951171875,7.963879108428955,1152.0999755859375,18.68712615966797,2.07,2.46
2015-03-13,16.0,2053.39990234375,7.95657205581665,1152.5999755859375,18.442710876464844,2.1,2.47
2015-03-16,15.609999656677246,2081.18994140625,7.971182346343994,1153.300048828125,18.56862449645996,2.05,2.48
2015-03-17,15.65999984741211,2074.280029296875,7.971182346343994,1148.300048828125,18.679729461669922,2.01,2.49
2015-03-18,13.970000267028809,2099.5,8.02232551574707,1151.4000244140625,18.99821662902832,1.9,2.55
2015-03-19,14.069999694824219,2089.27001953125,8.007711410522461,1169.0999755859375,18.90192985534668,1.95,2.5
2015-03-20,13.020000457763672,2108.10009765625,8.02232551574707,1184.800048828125,19.079689025878906,1.92,2.51
2015-03-23,13.40999984741211,2104.419921875,8.029633522033691,1188.0,19.168569564819336,1.89,2.54
2015-03-24,13.619999885559082,2091.5,8.044242858886719,1191.699951171875,19.192298889160156,1.86,2.53
2015-03-25,15.4399995803833,2061.050048828125,8.02232551574707,1197.300048828125,18.99207305908203,1.89,2.53
2015-03-26,15.800000190734863,2056.14990234375,7.993100643157959,1205.0999755859375,18.851171493530273,1.98,2.55
2015-03-27,15.069999694824219,2061.02001953125,8.01501750946045,1199.800048828125,18.806676864624023,1.91,2.53
2015-03-30,14.510000228881836,2086.239990234375,8.01501750946045,1184.800048828125,19.11072540283203,1.92,2.55
2015-03-31,15.289999961853027,2067.889892578125,8.039913177490234,1183.0999755859375,19.14038848876953,1.91,2.55
2015-04-01,15.109999656677246,2059.68994140625,8.069206237792969,1208.0999755859375,19.37028694152832,1.84,2.55
2015-04-02,14.670000076293945,2066.9599609375,8.054559707641602,1200.9000244140625,19.615007400512695,1.9,2.55
2015-04-06,14.739999771118164,2080.6201171875,8.054559707641602,1218.5999755859375,19.859731674194336,1.89,2.58
2015-04-07,14.779999732971191,2076.330078125,8.061882019042969,1210.5999755859375,19.830066680908203,1.87,2.56
2015-04-08,13.979999542236328,2081.89990234375,8.061882019042969,1203.0999755859375,20.23052978515625,1.89,2.51
2015-04-09,13.09000015258789,2091.179931640625,8.0325927734375,1193.5999755859375,20.46041488647461,1.94,2.53
2015-04-10,12.579999923706055,2102.06005859375,8.039913177490234,1204.5999755859375,20.46783447265625,1.94,2.53
2015-04-13,13.9399995803833,2092.429931640625,8.047232627868652,1199.300048828125,20.549406051635742,1.91,2.54
2015-04-14,13.670000076293945,2095.840087890625,8.061882019042969,1192.800048828125,20.482667922973633,1.88,2.54
2015-04-15,12.84000015258789,2106.6298828125,8.061882019042969,1201.5,20.57907485961914,1.89,2.54
2015-04-16,12.600000381469727,2104.989990234375,8.061882019042969,1198.0,20.801544189453125,1.88,2.55
2015-04-17,13.890000343322754,2081.179931640625,8.069206237792969,1202.9000244140625,20.46041488647461,1.86,2.53
2015-04-20,13.300000190734863,2100.39990234375,8.054559707641602,1193.5,20.334352493286133,1.87,2.55
2015-04-21,13.25,2097.2900390625,8.047232627868652,1202.9000244140625,20.482667922973633,1.89,2.54
2015-04-22,12.710000038146973,2107.9599609375,8.017949104309082,1186.9000244140625,20.675472259521484,1.96,2.53
2015-04-23,12.479999542236328,2112.929931640625,8.0325927734375,1194.4000244140625,20.80897331237793,1.93,2.54
2015-04-24,12.289999961853027,2117.68994140625,8.047232627868652,1175.199951171875,20.92020034790039,1.9,2.56
2015-04-27,13.119999885559082,2108.919921875,8.039913177490234,1203.300048828125,20.972108840942383,1.92,2.54
2015-04-28,12.40999984741211,2114.760009765625,8.017949104309082,1214.0,21.04627227783203,1.98,2.55
2015-04-29,13.390000343322754,2106.85009765625,7.995980739593506,1209.800048828125,20.838626861572266,2.05,2.58
2015-04-30,14.550000190734863,2085.510009765625,8.010651588439941,1182.4000244140625,20.630985260009766,2.04,2.6
2015-05-01,12.699999809265137,2108.2900390625,7.981307506561279,1174.5,20.705142974853516,2.11,2.61
2015-05-04,12.850000381469727,2114.489990234375,7.966634750366211,1186.800048828125,20.719972610473633,2.14,2.61
2015-05-05,14.3100004196167,2089.4599609375,7.959298610687256,1193.199951171875,20.593904495239258,2.18,2.62
2015-05-06,15.149999618530273,2080.14990234375,7.937294960021973,1190.300048828125,20.445587158203125,2.23,2.64
2015-05-07,15.130000114440918,2088.0,7.951964378356934,1182.4000244140625,20.252775192260742,2.17,2.64
2015-05-08,12.859999656677246,2116.10009765625,7.966634750366211,1189.0999755859375,20.571653366088867,2.15,2.65
2015-05-11,13.850000381469727,2105.330078125,7.922619342803955,1183.199951171875,20.46783447265625,2.26,2.66
2015-05-12,13.859999656677246,2099.1201171875,7.922619342803955,1192.5999755859375,20.386255264282227,2.25,2.65
2015-05-13,13.760000228881836,2098.47998046875,7.915287971496582,1218.4000244140625,20.430753707885742,2.25,2.71
2015-05-14,12.739999771118164,2121.10009765625,7.92996072769165,1225.4000244140625,20.571653366088867,2.22,2.74
2015-05-15,12.380000114440918,2122.72998046875,7.966634750366211,1225.5,20.742216110229492,2.12,2.72
2015-05-18,12.729999542236328,2129.199951171875,7.937294960021973,1227.800048828125,20.653226852416992,2.21,2.73
2015-05-19,12.850000381469727,2127.830078125,7.907950401306152,1206.9000244140625,20.64581298828125,2.25,2.71
2015-05-20,12.880000114440918,2125.85009765625,7.915287971496582,1208.9000244140625,20.601314544677734,2.24,2.73
2015-05-21,12.109999656677246,2130.820068359375,7.944632530212402,1204.4000244140625,20.519739151000977,2.17,2.75
2015-05-22,12.130000114440918,2126.06005859375,7.92996072769165,1204.300048828125,20.586488723754883,2.19,2.74
2015-05-26,14.0600004196167,2104.199951171875,7.959298610687256,1187.199951171875,20.34917640686035,2.12,2.73
2015-05-27,13.270000457763672,2123.47998046875,7.959298610687256,1185.9000244140625,20.386255264282227,2.13,2.71
2015-05-28,13.3100004196167,2120.7900390625,7.959298610687256,1188.0999755859375,20.097042083740234,2.12,2.75
2015-05-29,13.84000015258789,2107.389892578125,7.974737167358398,1189.4000244140625,19.933887481689453,2.11,2.72
2015-06-01,13.970000267028809,2111.72998046875,7.952690124511719,1188.300048828125,19.956138610839844,2.17,2.75
2015-06-02,14.239999771118164,2109.60009765625,7.923285484313965,1194.0999755859375,19.9487247467041,2.26,2.75
2015-06-03,13.65999984741211,2114.070068359375,7.886537075042725,1184.699951171875,19.81523323059082,2.36,2.72
2015-06-04,14.710000038146973,2095.840087890625,7.908587455749512,1174.9000244140625,19.600181579589844,2.29,2.72
2015-06-05,14.210000038146973,2092.830078125,7.871835708618164,1167.800048828125,19.533435821533203,2.38,2.69
2015-06-08,15.289999961853027,2079.280029296875,7.879188060760498,1173.199951171875,19.488935470581055,2.37,2.7
2015-06-09,14.470000267028809,2080.14990234375,7.8644914627075195,1177.300048828125,19.355457305908203,2.4,2.73
2015-06-10,13.220000267028809,2105.199951171875,7.84243631362915,1186.0999755859375,19.57051658630371,2.48,2.7
2015-06-11,12.850000381469727,2108.860107421875,7.879188060760498,1179.9000244140625,19.52600860595703,2.38,2.71
2015-06-12,13.779999732971191,2094.110107421875,7.871835708618164,1178.800048828125,19.533435821533203,2.37,2.7
2015-06-15,15.390000343322754,2084.429931640625,7.879188060760498,1185.300048828125,19.348033905029297,2.34,2.73
2015-06-16,14.8100004196167,2096.2900390625,7.893887042999268,1180.5,19.377695083618164,2.31,2.74
2015-06-17,14.5,2100.43994140625,7.893887042999268,1176.4000244140625,19.47410774230957,2.31,2.76
2015-06-18,13.1899995803833,2121.239990234375,7.886537075042725,1201.5,19.615007400512695,2.34,2.82
2015-06-19,13.960000038146973,2109.989990234375,7.908587455749512,1201.5,19.444440841674805,2.25,2.82
2015-06-22,12.739999771118164,2122.85009765625,7.871835708618164,1183.699951171875,19.733659744262695,2.36,2.81
2015-06-23,12.109999656677246,2124.199951171875,7.8571367263793945,1176.199951171875,19.82265281677246,2.41,2.82
2015-06-24,13.260000228881836,2108.580078125,7.871835708618164,1172.5999755859375,19.80040168762207,2.37,2.81
2015-06-25,14.010000228881836,2102.31005859375,7.8571367263793945,1171.5,19.734573364257812,2.39,2.8
2015-06-26,14.020000457763672,2101.489990234375,7.835087776184082,1172.9000244140625,19.607398986816406,2.48,2.81
2015-06-29,18.850000381469727,2057.639892578125,7.886537075042725,1178.5,19.121131896972656,2.31,2.84
2015-06-30,18.229999542236328,2063.110107421875,7.894638538360596,1171.5,19.457778930664062,2.34,2.83
2015-07-01,16.09000015258789,2077.419921875,7.865177631378174,1169.0,19.427860260009766,2.42,2.83
2015-07-02,16.790000915527344,2076.780029296875,7.879914283752441,1163.0,19.465261459350586,2.39,2.86
2015-07-06,17.010000228881836,2068.760009765625,7.909367084503174,1172.9000244140625,18.95656394958496,2.28,2.84
2015-07-07,16.09000015258789,2081.340087890625,7.92409086227417,1152.4000244140625,18.672290802001953,2.25,2.84
2015-07-08,19.65999984741211,2046.6800537109375,7.946192264556885,1163.300048828125,18.021446228027344,2.2,2.87
2015-07-09,19.969999313354492,2051.31005859375,7.902003288269043,1159.0,18.388010025024414,2.29,2.88
2015-07-10,16.829999923706055,2076.6201171875,7.872546195983887,1157.699951171875,18.769533157348633,2.41,2.9
2015-07-13,13.899999618530273,2099.60009765625,7.857816219329834,1155.199951171875,18.986486434936523,2.42,2.88
2015-07-14,13.369999885559082,2108.949951171875,7.872546195983887,1153.300048828125,18.979005813598633,2.4,2.91
2015-07-15,13.229999542236328,2107.39990234375,7.887273788452148,1147.199951171875,18.85930633544922,2.34,2.91
2015-07-16,12.109999656677246,2124.2900390625,7.894638538360596,1143.800048828125,18.993967056274414,2.34,2.88
2015-07-17,11.949999809265137,2126.639892578125,7.894638538360596,1131.800048828125,19.001447677612305,2.31,2.87
2015-07-20,12.25,2128.280029296875,7.879914283752441,1106.699951171875,18.874269485473633,2.34,2.86
2015-07-21,12.220000267028809,2119.2099609375,7.894638538360596,1103.4000244140625,18.919151306152344,2.32,2.87
2015-07-22,12.119999885559082,2114.14990234375,7.902003288269043,1091.4000244140625,18.747106552124023,2.29,2.85
2015-07-23,12.640000343322754,2102.14990234375,7.916731834411621,1094.0,18.58251953125,2.25,2.85
2015-07-24,13.739999771118164,2079.64990234375,7.916731834411621,1085.5999755859375,18.275793075561523,2.23,2.87
2015-07-27,15.600000381469727,2067.639892578125,7.931458473205566,1096.5,17.871828079223633,2.18,2.9
2015-07-28,13.4399995803833,2093.25,7.916731834411621,1096.300048828125,17.954120635986328,2.21,2.91
2015-07-29,12.5,2108.570068359375,7.909367084503174,1092.699951171875,18.1336669921875,2.23,2.9
2015-07-30,12.130000114440918,2108.6298828125,7.916731834411621,1088.4000244140625,18.043888092041016,2.21,2.88
2015-07-31,12.119999885559082,2103.840087890625,7.955101490020752,1094.9000244140625,18.1336669921875,2.12,2.94
2015-08-03,12.5600004196167,2098.0400390625,7.969862937927246,1089.4000244140625,17.93167495727539,2.08,2.92
2015-08-04,13.0,2093.320068359375,7.940340042114258,1090.699951171875,17.9765625,2.15,2.88
2015-08-05,12.510000228881836,2099.840087890625,7.92558479309082,1085.699951171875,18.028932571411133,2.2,2.9
2015-08-06,13.770000457763672,2083.56005859375,7.940340042114258,1090.199951171875,17.856870651245117,2.19,2.92
2015-08-07,13.390000343322754,2077.570068359375,7.955101490020752,1094.0999755859375,17.864347457885742,2.12,2.91
2015-08-10,12.229999542236328,2104.179931640625,7.932965278625488,1104.199951171875,18.081302642822266,2.12,2.93
2015-08-11,13.710000038146973,2084.070068359375,7.969862937927246,1107.5999755859375,17.774587631225586,2.05,2.94
2015-08-12,13.609999656677246,2086.050048828125,7.962485313415527,1123.199951171875,17.482826232910156,2.04,2.97
2015-08-13,13.489999771118164,2083.389892578125,7.940340042114258,1115.699951171875,17.43793487548828,2.09,2.98
2015-08-14,12.829999923706055,2091.5400390625,7.940340042114258,1112.9000244140625,17.46038246154785,2.11,2.97
2015-08-17,13.020000457763672,2102.43994140625,7.947721004486084,1118.5999755859375,17.318248748779297,2.06,2.97
2015-08-18,13.789999961853027,2096.919921875,7.932965278625488,1117.0999755859375,17.146183013916016,2.13,3.01
2015-08-19,15.25,2079.610107421875,7.962485313415527,1128.0999755859375,16.95168685913086,2.07,3.06
2015-08-20,19.139999389648438,2035.72998046875,7.969862937927246,1153.0,16.659923553466797,2.07,3.04
2015-08-21,28.030000686645508,1970.8900146484375,7.984625816345215,1159.5999755859375,16.226037979125977,2.02,3.1
2015-08-24,40.7400016784668,1893.2099609375,7.984625816345215,1153.4000244140625,15.320850372314453,1.95,3.14
2015-08-25,36.02000045776367,1867.6099853515625,7.955101490020752,1138.199951171875,15.605124473571777,2.05,3.17
2015-08-26,30.31999969482422,1940.510009765625,7.92558479309082,1124.5999755859375,15.949239730834961,2.12,3.2
2015-08-27,26.100000381469727,1987.6600341796875,7.92558479309082,1122.4000244140625,16.46542739868164,2.12,3.15
2015-08-28,26.049999237060547,1988.8699951171875,7.92558479309082,1133.0999755859375,16.480390548706055,2.13,3.13
2015-08-31,28.43000030517578,1972.1800537109375,7.927062511444092,1131.5999755859375,16.44298553466797,2.13,3.15
2015-09-01,31.399999618530273,1913.8499755859375,7.949249267578125,1138.699951171875,15.91184139251709,2.14,3.18
2015-09-02,26.09000015258789,1948.8599853515625,7.934457302093506,1132.5,16.02405548095703,2.17,3.17
2015-09-03,25.610000610351562,1951.1300048828125,7.949249267578125,1123.699951171875,16.098857879638672,2.16,3.17
2015-09-04,27.799999237060547,1921.219970703125,7.964038372039795,1120.5999755859375,15.709853172302246,2.11,3.15
2015-09-08,24.899999618530273,1969.4100341796875,7.934457302093506,1120.4000244140625,15.986650466918945,2.14,3.16
2015-09-09,26.229999542236328,1942.0400390625,7.941858768463135,1102.199951171875,16.061458587646484,2.18,3.1
2015-09-10,24.3700008392334,1952.2900390625,7.934457302093506,1109.5,16.098857879638672,2.21,3.12
2015-09-11,23.200000762939453,1961.050048828125,7.941858768463135,1103.5,16.128786087036133,2.16,3.11
2015-09-14,24.25,1953.030029296875,7.941858768463135,1107.699951171875,16.211074829101562,2.11,3.13
2015-09-15,22.540000915527344,1978.0899658203125,7.904886722564697,1102.800048828125,16.300853729248047,2.21,3.16
2015-09-16,21.350000381469727,1995.31005859375,7.904886722564697,1119.199951171875,16.577638626098633,2.24,3.15
2015-09-17,21.139999389648438,1990.199951171875,7.941858768463135,1117.300048828125,16.585119247436523,2.2,3.18
2015-09-18,22.280000686645508,1958.030029296875,7.971435070037842,1138.0999755859375,16.428020477294922,2.13,3.15
2015-09-21,20.139999389648438,1966.969970703125,7.941858768463135,1133.0999755859375,16.375654220581055,2.19,3.19
2015-09-22,22.440000534057617,1942.739990234375,7.964038372039795,1125.0,16.121309280395508,2.14,3.15
2015-09-23,22.1299991607666,1938.760009765625,7.9566426277160645,1131.5999755859375,15.851994514465332,2.15,3.15
2015-09-24,23.469999313354492,1932.239990234375,7.964038372039795,1153.800048828125,15.810310363769531,2.12,3.16
2015-09-25,23.6200008392334,1931.3399658203125,7.949249267578125,1146.0,15.779994010925293,2.17,3.19
2015-09-28,27.6299991607666,1881.77001953125,7.971435070037842,1132.0,15.461660385131836,2.09,3.21
2015-09-29,26.829999923706055,1884.0899658203125,7.978830814361572,1127.0999755859375,15.537454605102539,2.04,3.26
2015-09-30,24.5,1920.030029296875,7.9869771003723145,1115.5,15.908834457397461,2.06,3.29
2015-10-01,22.549999237060547,1923.8199462890625,7.994389057159424,1114.199951171875,15.939153671264648,2.05,3.31
2015-10-02,20.940000534057617,1951.3599853515625,8.01661491394043,1137.0999755859375,16.22716522216797,1.99,3.34
2015-10-05,19.540000915527344,1987.050048828125,7.994389057159424,1138.0999755859375,16.583389282226562,2.06,3.33
2015-10-06,19.399999618530273,1979.9200439453125,8.001792907714844,1146.800048828125,16.63644790649414,2.05,3.32
2015-10-07,18.399999618530273,1995.8299560546875,7.994389057159424,1149.0,17.030561447143555,2.08,3.27
2015-10-08,17.420000076293945,2013.4300537109375,7.979569435119629,1144.699951171875,17.121517181396484,2.12,3.28
2015-10-09,17.079999923706055,2014.8900146484375,7.979569435119629,1156.300048828125,17.227624893188477,2.11,3.26
2015-10-12,16.170000076293945,2017.4599609375,8.001792907714844,1164.9000244140625,17.265520095825195,2.11,3.26
2015-10-13,17.670000076293945,2003.68994140625,8.001792907714844,1165.800048828125,16.99266815185547,2.05,3.28
2015-10-14,18.030000686645508,1994.239990234375,8.03143310546875,1180.0999755859375,17.01540756225586,1.99,3.31
2015-10-15,16.049999237060547,2023.8599853515625,8.01661491394043,1187.9000244140625,17.348892211914062,2.03,3.29
2015-10-16,15.050000190734863,2033.1099853515625,8.00920581817627,1183.5999755859375,17.32615852355957,2.03,3.28
2015-10-19,14.979999542236328,2033.6600341796875,8.00920581817627,1173.300048828125,17.295841217041016,2.02,3.3
2015-10-20,15.75,2030.77001953125,7.994389057159424,1178.0,17.242786407470703,2.06,3.29
2015-10-21,16.700000762939453,2018.93994140625,8.00920581817627,1167.5999755859375,17.060888290405273,2.03,3.28
2015-10-22,14.449999809265137,2052.510009765625,8.01661491394043,1166.5999755859375,17.280685424804688,2.04,3.26
2015-10-23,14.460000038146973,2075.14990234375,8.001792907714844,1163.300048828125,17.394367218017578,2.08,3.23
2015-10-26,15.289999961853027,2071.179931640625,8.00920581817627,1167.0,17.288259506225586,2.05,3.22
2015-10-27,15.430000305175781,2065.889892578125,8.01661491394043,1166.800048828125,17.182151794433594,2.02,3.25
2015-10-28,14.329999923706055,2090.35009765625,7.994389057159424,1177.0999755859375,17.113943099975586,2.06,3.2
2015-10-29,14.609999656677246,2089.409912109375,7.964752197265625,1147.199951171875,16.84866714477539,2.12,3.21
2015-10-30,15.069999694824219,2079.360107421875,7.98776388168335,1141.5,16.795608520507812,2.08,3.19
2015-11-02,14.149999618530273,2104.050048828125,7.980345726013184,1135.800048828125,16.97751235961914,2.12,3.18
2015-11-03,14.539999961853027,2109.7900390625,7.9654951095581055,1114.199951171875,17.166988372802734,2.17,3.19
2015-11-04,15.510000228881836,2102.31005859375,7.958071231842041,1106.5,17.220046997070312,2.2,3.16
2015-11-05,15.050000190734863,2099.929931640625,7.958071231842041,1104.4000244140625,17.182151794433594,2.21,3.18
2015-11-06,14.329999923706055,2099.199951171875,7.920952320098877,1087.5999755859375,17.000247955322266,2.26,3.17
2015-11-09,16.520000457763672,2078.580078125,7.9135308265686035,1087.9000244140625,16.75013542175293,2.22,3.15
2015-11-10,15.289999961853027,2081.719970703125,7.920952320098877,1088.199951171875,16.62886619567871,2.19,3.18
2015-11-11,16.059999465942383,2075.0,7.9135308265686035,1084.699951171875,16.590970993041992,2.19,3.18
2015-11-12,18.3700008392334,2045.969970703125,7.920952320098877,1080.800048828125,16.522762298583984,2.18,3.19
2015-11-13,20.079999923706055,2023.0400390625,7.93580436706543,1080.800048828125,16.287797927856445,2.14,3.2
2015-11-16,18.15999984741211,2053.18994140625,7.93580436706543,1083.699951171875,16.439382553100586,2.12,3.24
2015-11-17,18.84000015258789,2050.43994140625,7.93580436706543,1068.699951171875,16.484859466552734,2.11,3.23
2015-11-18,16.850000381469727,2083.580078125,7.93580436706543,1068.800048828125,16.568233489990234,2.15,3.21
2015-11-19,16.989999771118164,2081.239990234375,7.950642108917236,1078.0,16.70465850830078,2.13,3.2
2015-11-20,15.470000267028809,2089.169921875,7.9432291984558105,1076.4000244140625,16.856243133544922,2.14,3.2
2015-11-23,15.619999885559082,2086.590087890625,7.9432291984558105,1066.800048828125,16.765291213989258,2.11,3.19
2015-11-24,15.930000305175781,2089.139892578125,7.9432291984558105,1074.300048828125,16.742551803588867,2.08,3.2
2015-11-25,15.1899995803833,2088.8701171875,7.9432291984558105,1070.5,16.66676902770996,2.04,3.21
2015-11-27,15.119999885559082,2090.110107421875,7.950642108917236,1056.199951171875,16.37874984741211,2.04,3.22
2015-11-30,16.1299991607666,2080.409912109375,7.966267108917236,1065.800048828125,16.249900817871094,1.99,3.2
2015-12-01,14.670000076293945,2102.6298828125,7.9960246086120605,1063.800048828125,16.469703674316406,1.94,3.21
2015-12-02,15.90999984741211,2079.510009765625,7.988584995269775,1054.199951171875,16.333274841308594,1.97,3.17
2015-12-03,18.110000610351562,2049.6201171875,7.936517238616943,1061.699951171875,16.249900817871094,2.12,3.18
2015-12-04,14.8100004196167,2091.68994140625,7.9513959884643555,1084.5,16.287797927856445,2.05,3.15
2015-12-07,15.84000015258789,2077.070068359375,7.966267108917236,1076.4000244140625,16.113479614257812,1.94,3.15
2015-12-08,17.600000381469727,2063.590087890625,7.966267108917236,1076.300048828125,15.878521919250488,1.97,3.19
2015-12-09,19.610000610351562,2047.6199951171875,7.966267108917236,1077.5999755859375,15.772415161132812,1.96,3.18
2015-12-10,19.34000015258789,2052.22998046875,7.958826065063477,1073.0999755859375,15.673879623413086,2.0,3.19
2015-12-11,24.389999389648438,2012.3699951171875,7.988584995269775,1076.9000244140625,15.234285354614258,1.9,3.24
2015-12-14,22.729999542236328,2021.93994140625,7.9513959884643555,1064.699951171875,15.401030540466309,1.97,3.23
2015-12-15,20.950000762939453,2043.4100341796875,7.929077625274658,1062.9000244140625,15.635984420776367,2.03,3.21
2015-12-16,17.860000610351562,2073.070068359375,7.9216389656066895,1078.0,15.848198890686035,2.03,3.21
2015-12-17,18.940000534057617,2041.8900146484375,7.943953037261963,1050.800048828125,15.848198890686035,2.01,3.21
2015-12-18,20.700000762939453,2005.550048828125,7.9513959884643555,1066.199951171875,15.660909652709961,2.0,3.25
2015-12-21,18.700000762939453,2021.1500244140625,7.9513959884643555,1081.9000244140625,15.805567741394043,1.96,3.27
2015-12-22,16.600000381469727,2038.969970703125,7.934276103973389,1074.800048828125,15.866477012634277,2.03,3.26
2015-12-23,15.569999694824219,2064.2900390625,7.926830291748047,1069.4000244140625,16.102495193481445,2.07,3.26
2015-12-24,15.739999771118164,2060.989990234375,7.934276103973389,1077.199951171875,16.056812286376953,2.05,3.22
2015-12-28,16.90999984741211,2056.5,7.934276103973389,1070.5,15.973067283630371,2.01,3.21
2015-12-29,16.079999923706055,2078.360107421875,7.904502868652344,1077.5,16.033967971801758,2.09,3.22
2015-12-30,17.290000915527344,2063.360107421875,7.904502868652344,1060.0999755859375,15.813177108764648,2.1,3.23
2015-12-31,18.209999084472656,2043.93994140625,7.935823440551758,1060.300048828125,15.84363842010498,2.11,3.23
2016-01-04,20.700000762939453,2012.6600341796875,7.950746059417725,1075.0999755859375,15.379209518432617,2.02,3.24
2016-01-05,19.34000015258789,2016.7099609375,7.9432878494262695,1078.4000244140625,15.38682746887207,2.05,3.25
2016-01-06,20.59000015258789,1990.260009765625,7.973119735717773,1091.9000244140625,15.18126392364502,1.97,3.26
2016-01-07,24.989999771118164,1943.0899658203125,7.9805731773376465,1107.699951171875,14.68639087677002,1.96,3.28
2016-01-08,27.010000228881836,1922.030029296875,7.995492935180664,1097.800048828125,14.655933380126953,1.93,3.31
2016-01-11,24.299999237060547,1923.6700439453125,7.973119735717773,1096.5,14.435141563415527,1.96,3.3
2016-01-12,22.469999313354492,1938.6800537109375,7.995492935180664,1085.5999755859375,14.488436698913574,1.91,3.29
2016-01-13,25.219999313354492,1890.280029296875,8.010412216186523,1087.5,14.351396560668945,1.86,3.28
2016-01-14,23.950000762939453,1921.8399658203125,7.995492935180664,1073.9000244140625,14.518891334533691,1.85,3.36
2016-01-15,27.020000457763672,1880.3299560546875,8.010412216186523,1091.5,14.016401290893555,1.79,3.38
2016-01-19,26.049999237060547,1881.3299560546875,8.002946853637695,1089.9000244140625,14.13822078704834,1.8,3.35
2016-01-20,27.59000015258789,1859.3299560546875,8.010412216186523,1107.0999755859375,13.841293334960938,1.75,3.4
2016-01-21,26.690000534057617,1868.989990234375,8.002946853637695,1099.0999755859375,13.749930381774902,1.74,3.45
2016-01-22,22.34000015258789,1906.9000244140625,7.995492935180664,1097.199951171875,14.199129104614258,1.76,3.42
2016-01-25,24.149999618530273,1877.0799560546875,8.002946853637695,1106.199951171875,14.115378379821777,1.72,3.44
2016-01-26,22.5,1903.6300048828125,8.002946853637695,1121.699951171875,14.191514015197754,1.7,3.46
2016-01-27,23.110000610351562,1882.949951171875,8.002946853637695,1116.0999755859375,14.176285743713379,1.7,3.46
2016-01-28,22.420000076293945,1893.3599853515625,8.010412216186523,1115.5999755859375,14.351396560668945,1.65,3.48
2016-01-29,20.200000762939453,1940.239990234375,8.049274444580078,1116.4000244140625,14.891953468322754,1.61,3.48
2016-02-01,19.979999542236328,1939.3800048828125,8.034327507019043,1127.9000244140625,14.808207511901855,1.62,3.49
2016-02-02,21.979999542236328,1903.030029296875,8.071699142456055,1127.300048828125,14.44275188446045,1.53,3.49
2016-02-03,21.649999618530273,1912.530029296875,8.056748390197754,1141.300048828125,14.511275291442871,1.55,3.52
2016-02-04,21.84000015258789,1915.449951171875,8.064220428466797,1157.5999755859375,14.747299194335938,1.58,3.53
2016-02-05,23.3799991607666,1880.050048828125,8.064220428466797,1157.800048828125,14.678776741027832,1.56,3.52
2016-02-08,26.0,1853.43994140625,8.10158634185791,1197.9000244140625,14.503664016723633,1.43,3.53
2016-02-09,26.540000915527344,1852.2099609375,8.094120979309082,1198.699951171875,14.359013557434082,1.44,3.54
2016-02-10,26.290000915527344,1851.8599853515625,8.109065055847168,1194.699951171875,14.381847381591797,1.4,3.56
2016-02-11,28.139999389648438,1829.0799560546875,8.116537094116211,1247.9000244140625,14.130606651306152,1.35,3.63
2016-02-12,25.399999618530273,1864.780029296875,8.079172134399414,1239.0999755859375,14.267646789550781,1.44,3.6
2016-02-16,24.110000610351562,1895.5799560546875,8.064220428466797,1207.9000244140625,14.610255241394043,1.48,3.59
2016-02-17,22.309999465942383,1926.8199462890625,8.056748390197754,1211.0999755859375,14.846271514892578,1.51,3.62
2016-02-18,21.639999389648438,1917.8299560546875,8.079172134399414,1226.0999755859375,14.884339332580566,1.45,3.62
2016-02-19,20.530000686645508,1917.780029296875,8.079172134399414,1230.4000244140625,14.831046104431152,1.45,3.56
2016-02-22,19.3799991607666,1945.5,8.079172134399414,1209.5,15.089900970458984,1.44,3.57
2016-02-23,20.979999542236328,1921.27001953125,8.086640357971191,1222.300048828125,14.876725196838379,1.42,3.58
2016-02-24,20.719999313354492,1929.800048828125,8.086640357971191,1238.699951171875,14.800588607788086,1.42,3.56
2016-02-25,19.110000610351562,1951.699951171875,8.10158634185791,1238.199951171875,14.785364151000977,1.39,3.56
2016-02-26,19.809999465942383,1948.050048828125,8.079172134399414,1219.800048828125,14.739675521850586,1.43,3.56
2016-02-29,20.549999237060547,1932.22998046875,8.102383613586426,1233.9000244140625,14.76252269744873,1.41,3.55
2016-03-01,17.700000762939453,1978.3499755859375,8.072429656982422,1230.300048828125,15.26501178741455,1.5,3.54
2016-03-02,17.09000015258789,1986.449951171875,8.072429656982422,1241.0999755859375,15.478187561035156,1.48,3.5
2016-03-03,16.700000762939453,1993.4000244140625,8.08740234375,1257.4000244140625,15.676138877868652,1.55,3.47
2016-03-04,16.860000610351562,1999.989990234375,8.072429656982422,1269.9000244140625,15.912161827087402,1.59,3.43
2016-03-07,17.350000381469727,2001.760009765625,8.064939498901367,1263.199951171875,15.988285064697266,1.59,3.39
2016-03-08,18.670000076293945,1979.260009765625,8.094895362854004,1262.0999755859375,15.805567741394043,1.54,3.38
2016-03-09,18.34000015258789,1989.260009765625,8.07991886138916,1256.5999755859375,15.858865737915039,1.6,3.36
2016-03-10,18.049999237060547,1989.5699462890625,8.064939498901367,1272.0,15.836019515991211,1.61,3.3
2016-03-11,16.5,2022.18994140625,8.057453155517578,1258.699951171875,16.1101016998291,1.65,3.26
2016-03-14,16.920000076293945,2019.6400146484375,8.064939498901367,1244.4000244140625,16.08571434020996,1.63,3.22
2016-03-15,16.84000015258789,2015.9300537109375,8.064939498901367,1230.4000244140625,15.796016693115234,1.63,3.19
2016-03-16,14.989999771118164,2027.219970703125,8.094895362854004,1229.300048828125,15.971359252929688,1.63,3.22
2016-03-17,14.4399995803833,2040.5899658203125,8.102383613586426,1264.5,16.375404357910156,1.62,3.2
2016-03-18,14.020000457763672,2049.580078125,8.117356300354004,1253.800048828125,16.573617935180664,1.58,3.17
2016-03-21,13.789999961853027,2051.60009765625,8.102383613586426,1243.800048828125,16.626981735229492,1.61,3.15
2016-03-22,14.170000076293945,2049.800048828125,8.094895362854004,1248.199951171875,16.60411262512207,1.64,3.1
2016-03-23,14.9399995803833,2036.7099609375,8.124848365783691,1223.699951171875,16.36778450012207,1.58,3.07
2016-03-24,14.739999771118164,2035.93994140625,8.117356300354004,1221.4000244140625,16.291549682617188,1.61,3.06
2016-03-28,15.239999771118164,2037.050048828125,8.117356300354004,1219.9000244140625,16.306791305541992,1.6,3.05
2016-03-29,13.819999694824219,2055.010009765625,8.154802322387695,1235.5999755859375,16.398273468017578,1.58,3.09
2016-03-30,13.5600004196167,2063.949951171875,8.147311210632324,1226.9000244140625,16.649856567382812,1.63,3.11
2016-03-31,13.949999809265137,2059.739990234375,8.178825378417969,1234.199951171875,16.687973022460938,1.57,3.12
2016-04-01,13.100000381469727,2072.780029296875,8.186325073242188,1222.199951171875,16.657480239868164,1.56,3.1
2016-04-04,14.119999885559082,2066.1298828125,8.186325073242188,1218.0,16.55074691772461,1.55,3.1
2016-04-05,15.420000076293945,2045.1700439453125,8.208841323852539,1228.4000244140625,16.27630043029785,1.5,3.08
2016-04-06,14.09000015258789,2066.659912109375,8.193832397460938,1222.5,16.314414978027344,1.53,3.08
2016-04-07,16.15999984741211,2041.9100341796875,8.216343879699707,1236.199951171875,16.13144874572754,1.47,3.06
2016-04-08,15.359999656677246,2047.5999755859375,8.208841323852539,1242.5,16.352540969848633,1.49,3.07
2016-04-11,16.260000228881836,2041.989990234375,8.208841323852539,1256.699951171875,16.527875900268555,1.5,3.05
2016-04-12,14.850000381469727,2061.719970703125,8.193832397460938,1259.4000244140625,16.748958587646484,1.57,3.03
2016-04-13,13.84000015258789,2082.419921875,8.201333999633789,1246.800048828125,17.05390167236328,1.54,3.01
2016-04-14,13.720000267028809,2082.780029296875,8.186325073242188,1225.0,16.992919921875,1.58,2.99
2016-04-15,13.619999885559082,2080.72998046875,8.208841323852539,1233.0999755859375,16.9776668548584,1.54,2.99
2016-04-18,13.350000381469727,2094.340087890625,8.201333999633789,1233.5999755859375,16.985294342041016,1.56,2.99
2016-04-19,13.239999771118164,2100.800048828125,8.201333999633789,1253.0,17.13776397705078,1.58,2.96
2016-04-20,13.279999732971191,2102.39990234375,8.178825378417969,1253.199951171875,17.061527252197266,1.62,2.93
2016-04-21,13.949999809265137,2091.47998046875,8.1713228225708,1249.0,16.97004508972168,1.65,2.91
2016-04-22,13.220000267028809,2091.580078125,8.163820266723633,1228.699951171875,16.90904998779297,1.66,2.89
2016-04-25,14.079999923706055,2087.7900390625,8.163820266723633,1238.9000244140625,16.787084579467773,1.66,2.88
2016-04-26,13.960000038146973,2091.699951171875,8.148809432983398,1242.199951171875,16.893810272216797,1.7,2.85
2016-04-27,13.770000457763672,2095.14990234375,8.1713228225708,1249.199951171875,16.962425231933594,1.63,2.86
2016-04-28,15.220000267028809,2075.81005859375,8.193832397460938,1265.5,16.878562927246094,1.62,2.89
2016-04-29,15.699999809265137,2065.300048828125,8.209615707397461,1289.199951171875,16.817577362060547,1.61,2.86
2016-05-02,14.680000305175781,2081.429931640625,8.194581985473633,1294.699951171875,16.80232810974121,1.66,2.86
2016-05-03,15.600000381469727,2063.3701171875,8.217140197753906,1290.699951171875,16.428770065307617,1.6,2.85
2016-05-04,16.049999237060547,2051.1201171875,8.224656105041504,1273.300048828125,16.23055648803711,1.6,2.85
2016-05-05,15.90999984741211,2050.6298828125,8.23969554901123,1271.4000244140625,16.20768928527832,1.56,2.86
2016-05-06,14.720000267028809,2057.139892578125,8.224656105041504,1292.9000244140625,16.177194595336914,1.6,2.87
2016-05-09,14.569999694824219,2058.68994140625,8.232177734375,1265.5999755859375,16.039968490600586,1.53,2.89
2016-05-10,13.630000114440918,2084.389892578125,8.232177734375,1263.9000244140625,16.23055648803711,1.53,2.89
2016-05-11,14.6899995803833,2064.4599609375,8.23969554901123,1274.5999755859375,16.192440032958984,1.47,2.9
2016-05-12,14.40999984741211,2064.110107421875,8.232177734375,1270.300048828125,16.169570922851562,1.48,2.91
2016-05-13,15.039999961853027,2046.6099853515625,8.247211456298828,1271.9000244140625,15.933245658874512,1.42,2.9
2016-05-16,14.680000305175781,2066.659912109375,8.224656105041504,1273.4000244140625,16.078086853027344,1.47,2.9
2016-05-17,15.569999694824219,2047.2099609375,8.217140197753906,1276.199951171875,16.039968490600586,1.48,2.89
2016-05-18,15.949999809265137,2047.6300048828125,8.179549217224121,1273.699951171875,15.917993545532227,1.57,2.87
2016-05-19,16.329999923706055,2040.0400390625,8.187068939208984,1254.199951171875,15.742653846740723,1.54,2.85
2016-05-20,15.199999809265137,2052.320068359375,8.187068939208984,1252.4000244140625,15.834128379821777,1.52,2.86
2016-05-23,15.819999694824219,2048.0400390625,8.187068939208984,1251.0999755859375,15.834128379821777,1.49,2.86
2016-05-24,14.420000076293945,2076.06005859375,8.179549217224121,1228.9000244140625,15.925619125366211,1.51,2.85
2016-05-25,13.899999618530273,2090.5400390625,8.172032356262207,1223.5,16.100967407226562,1.54,2.87
2016-05-26,13.430000305175781,2090.10009765625,8.194581985473633,1220.0999755859375,16.161945343017578,1.52,2.86
2016-05-27,13.119999885559082,2099.06005859375,8.179549217224121,1213.800048828125,16.253435134887695,1.53,2.85
2016-05-31,14.1899995803833,2096.949951171875,8.211188316345215,1214.800048828125,16.245805740356445,1.5,2.84
2016-06-01,14.199999809265137,2099.330078125,8.211188316345215,1211.9000244140625,16.314414978027344,1.55,2.82
2016-06-02,13.630000114440918,2105.260009765625,8.22625732421875,1209.800048828125,16.36778450012207,1.52,2.83
2016-06-03,13.470000267028809,2099.1298828125,8.271456718444824,1240.0999755859375,16.54312515258789,1.41,2.86
2016-06-06,13.649999618530273,2109.409912109375,8.256389617919922,1244.5999755859375,16.70322036743164,1.45,2.86
2016-06-07,14.050000190734863,2112.1298828125,8.263920783996582,1244.4000244140625,16.90904998779297,1.44,2.86
2016-06-08,14.079999923706055,2119.1201171875,8.271456718444824,1259.800048828125,17.046281814575195,1.47,2.85
2016-06-09,14.640000343322754,2115.47998046875,8.278990745544434,1270.199951171875,16.886188507080078,1.42,2.85
2016-06-10,17.030000686645508,2096.070068359375,8.29405689239502,1273.4000244140625,16.565998077392578,1.38,2.86
2016-06-13,20.969999313354492,2079.06005859375,8.301589012145996,1284.4000244140625,16.312149047851562,1.35,2.86
2016-06-14,20.5,2075.320068359375,8.29405689239502,1285.5999755859375,16.235458374023438,1.35,2.88
2016-06-15,20.139999389648438,2071.5,8.309121131896973,1285.800048828125,16.365833282470703,1.34,2.9
2016-06-16,19.3700008392334,2077.989990234375,8.309121131896973,1296.0999755859375,16.28146743774414,1.3,2.9
2016-06-17,19.40999984741211,2071.219970703125,8.301589012145996,1292.5,16.373502731323242,1.35,2.89
2016-06-20,18.3700008392334,2083.25,8.278990745544434,1290.0,16.60357666015625,1.39,2.87
2016-06-21,18.479999542236328,2088.89990234375,8.271456718444824,1270.5,16.71861457824707,1.44,2.86
2016-06-22,21.170000076293945,2085.449951171875,8.278990745544434,1268.0,16.802974700927734,1.42,2.86
2016-06-23,17.25,2113.320068359375,8.256389617919922,1261.199951171875,17.04071044921875,1.43,2.86
2016-06-24,25.760000228881836,2037.4100341796875,8.309121131896973,1320.0,16.358165740966797,1.3,2.98
2016-06-27,23.850000381469727,2000.5400390625,8.354316711425781,1322.5,16.15109634399414,1.19,2.96
2016-06-28,18.75,2036.0899658203125,8.354316711425781,1315.300048828125,16.534555435180664,1.2,2.95
2016-06-29,16.639999389648438,2070.77001953125,8.339251518249512,1323.9000244140625,16.848987579345703,1.24,2.9
2016-06-30,15.630000114440918,2098.860107421875,8.370195388793945,1318.4000244140625,17.063716888427734,1.23,2.92
2016-07-01,14.770000457763672,2102.949951171875,8.392842292785645,1336.699951171875,17.140409469604492,1.18,2.86
2016-07-05,15.579999923706055,2088.550048828125,8.4230318069458,1356.4000244140625,16.948684692382812,1.09,2.83
2016-07-06,14.960000038146973,2099.72998046875,8.4230318069458,1364.9000244140625,16.86431884765625,1.11,2.83
2016-07-07,14.760000228881836,2097.89990234375,8.4230318069458,1360.0999755859375,16.86431884765625,1.11,2.79
2016-07-08,13.199999809265137,2129.89990234375,8.438125610351562,1356.5999755859375,17.102069854736328,1.09,2.78
2016-07-11,13.539999961853027,2137.159912109375,8.415483474731445,1355.0,17.293792724609375,1.12,2.75
2016-07-12,13.550000190734863,2152.139892578125,8.385294914245605,1334.0999755859375,17.50852394104004,1.24,2.7
2016-07-13,13.039999961853027,2152.429931640625,8.407934188842773,1342.4000244140625,17.539203643798828,1.17,2.69
2016-07-14,12.819999694824219,2163.75,8.385294914245605,1331.300048828125,17.700260162353516,1.21,2.7
2016-07-15,12.670000076293945,2161.739990234375,8.362651824951172,1326.5,17.73859977722168,1.28,2.66
2016-07-18,12.4399995803833,2166.889892578125,8.362651824951172,1328.4000244140625,17.807621002197266,1.27,2.67
2016-07-19,11.970000267028809,2163.780029296875,8.377748489379883,1331.5,17.746267318725586,1.25,2.67
2016-07-20,11.770000457763672,2173.02001953125,8.362651824951172,1318.800048828125,17.799957275390625,1.27,2.66
2016-07-21,12.739999771118164,2165.169921875,8.370195388793945,1330.5,17.753936767578125,1.25,2.68
2016-07-22,12.020000457763672,2175.030029296875,8.370195388793945,1323.0999755859375,17.822959899902344,1.24,2.66
2016-07-25,12.869999885559082,2168.47998046875,8.362651824951172,1319.300048828125,17.761613845825195,1.26,2.65
2016-07-26,13.050000190734863,2169.179931640625,8.362651824951172,1320.699951171875,17.822959899902344,1.26,2.65
2016-07-27,12.829999923706055,2166.580078125,8.392842292785645,1326.5999755859375,17.838294982910156,1.21,2.67
2016-07-28,12.720000267028809,2170.06005859375,8.385294914245605,1332.300048828125,17.86130142211914,1.27,2.68
2016-07-29,11.869999885559082,2173.60009765625,8.423863410949707,1349.0,17.86130142211914,1.18,2.71
2016-08-01,12.4399995803833,2170.840087890625,8.408737182617188,1351.4000244140625,17.92266082763672,1.22,2.73
2016-08-02,13.369999885559082,2157.030029296875,8.386049270629883,1364.4000244140625,17.799957275390625,1.26,2.75
2016-08-03,12.859999656677246,2163.7900390625,8.386049270629883,1356.0999755859375,17.822959899902344,1.27,2.76
2016-08-04,12.420000076293945,2164.25,8.408737182617188,1358.800048828125,17.945661544799805,1.25,2.76
2016-08-05,11.390000343322754,2182.8701171875,8.370924949645996,1336.4000244140625,18.14505958557129,1.31,2.73
2016-08-08,11.5,2180.889892578125,8.378486633300781,1333.4000244140625,18.27543830871582,1.28,2.71
2016-08-09,11.65999984741211,2181.739990234375,8.401171684265137,1339.0,18.367464065551758,1.26,2.7
2016-08-10,12.050000190734863,2175.489990234375,8.408737182617188,1344.300048828125,18.352127075195312,1.22,2.71
2016-08-11,11.680000305175781,2185.7900390625,8.386049270629883,1342.5,18.482505798339844,1.29,2.7
2016-08-12,11.550000190734863,2184.050048828125,8.408737182617188,1335.800048828125,18.467161178588867,1.22,2.71
2016-08-15,11.8100004196167,2190.14990234375,8.386049270629883,1340.300048828125,18.6435546875,1.24,2.7
2016-08-16,12.640000343322754,2178.14990234375,8.386049270629883,1350.5,18.5975399017334,1.3,2.7
2016-08-17,12.1899995803833,2182.219970703125,8.393610000610352,1342.699951171875,18.582191467285156,1.26,2.69
2016-08-18,11.430000305175781,2187.02001953125,8.401171684265137,1351.199951171875,18.681896209716797,1.23,2.7
2016-08-19,11.34000015258789,2183.8701171875,8.386049270629883,1340.4000244140625,18.551525115966797,1.28,2.67
2016-08-22,12.270000457763672,2182.639892578125,8.401171684265137,1337.699951171875,18.41347885131836,1.26,2.65
2016-08-23,12.380000114440918,2186.89990234375,8.401171684265137,1340.5999755859375,18.329116821289062,1.25,2.64
2016-08-24,13.449999809265137,2175.43994140625,8.401171684265137,1324.4000244140625,18.237085342407227,1.25,2.64
2016-08-25,13.630000114440918,2172.469970703125,8.393610000610352,1320.0999755859375,18.27543830871582,1.25,2.63
2016-08-26,13.649999618530273,2169.0400390625,8.370924949645996,1321.5,18.22942352294922,1.28,2.63
2016-08-29,12.9399995803833,2180.3798828125,8.401171684265137,1322.9000244140625,18.2907772064209,1.24,2.59
2016-08-30,13.119999885559082,2176.1201171875,8.393610000610352,1311.699951171875,18.27543830871582,1.24,2.62
2016-08-31,13.420000076293945,2170.949951171875,8.409524917602539,1306.9000244140625,18.160404205322266,1.25,2.61
2016-09-01,13.479999542236328,2170.860107421875,8.409524917602539,1312.199951171875,18.14505958557129,1.24,2.62
2016-09-02,11.979999542236328,2179.97998046875,8.394373893737793,1322.0999755859375,18.359798431396484,1.27,2.63
2016-09-06,12.020000457763672,2186.47998046875,8.42467975616455,1349.4000244140625,18.79693603515625,1.23,2.64
2016-09-07,11.9399995803833,2186.159912109375,8.42467975616455,1344.300048828125,18.773923873901367,1.2,2.65
2016-09-08,12.510000228881836,2181.300048828125,8.394373893737793,1336.800048828125,18.750926971435547,1.26,2.67
2016-09-09,17.5,2127.81005859375,8.356491088867188,1330.0999755859375,18.313779830932617,1.32,2.67
2016-09-12,15.15999984741211,2159.0400390625,8.356491088867188,1321.0,18.33705711364746,1.31,2.68
2016-09-13,17.850000381469727,2127.02001953125,8.333763122558594,1319.0,17.97234344482422,1.37,2.7
2016-09-14,18.139999389648438,2125.77001953125,8.341334342956543,1321.5,17.987855911254883,1.37,2.7
2016-09-15,16.299999237060547,2147.260009765625,8.341334342956543,1313.5,18.181859970092773,1.42,2.72
2016-09-16,15.369999885559082,2139.159912109375,8.348918914794922,1305.800048828125,18.073217391967773,1.4,2.71
2016-09-19,15.529999732971191,2139.1201171875,8.341334342956543,1313.5,18.23618507385254,1.4,2.7
2016-09-20,15.920000076293945,2139.760009765625,8.348918914794922,1313.699951171875,18.251697540283203,1.39,2.7
2016-09-21,13.300000190734863,2163.1201171875,8.364065170288086,1326.9000244140625,18.53106117248535,1.44,2.7
2016-09-22,12.020000457763672,2177.179931640625,8.379218101501465,1340.4000244140625,18.67850112915039,1.45,2.69
2016-09-23,12.289999961853027,2164.68994140625,8.379218101501465,1337.199951171875,18.538820266723633,1.44,2.68
2016-09-26,14.5,2146.10009765625,8.394373893737793,1339.699951171875,18.298261642456055,1.34,2.7
2016-09-27,13.100000381469727,2159.929931640625,8.40195369720459,1325.9000244140625,18.46898078918457,1.3,2.69
2016-09-28,12.390000343322754,2171.3701171875,8.40195369720459,1319.4000244140625,18.56986427307129,1.3,2.69
2016-09-29,14.020000457763672,2151.1298828125,8.409524917602539,1321.699951171875,18.37586784362793,1.3,2.67
2016-09-30,13.289999961853027,2168.27001953125,8.402689933776855,1313.300048828125,18.39137840270996,1.31,2.69
2016-10-03,13.569999694824219,2161.199951171875,8.395102500915527,1309.0,18.52330207824707,1.31,2.66
2016-10-04,13.630000114440918,2150.489990234375,8.372323989868164,1266.300048828125,18.492267608642578,1.36,2.66
2016-10-05,12.989999771118164,2159.72998046875,8.36474323272705,1265.199951171875,18.6474666595459,1.4,2.64
2016-10-06,12.84000015258789,2160.77001953125,8.349555969238281,1249.800048828125,18.63194465637207,1.42,2.61
2016-10-07,13.479999542236328,2153.739990234375,8.357142448425293,1248.9000244140625,18.56986427307129,1.4,2.63
2016-10-10,13.380000114440918,2163.659912109375,8.33437442779541,1248.9000244140625,18.67074203491211,1.4,2.63
2016-10-11,15.359999656677246,2136.72998046875,8.33437442779541,1253.0,18.39137840270996,1.42,2.6
2016-10-12,15.90999984741211,2139.179931640625,8.34196949005127,1251.0999755859375,18.39914321899414,1.42,2.6
2016-10-13,16.690000534057617,2132.550048828125,8.349555969238281,1255.0,18.251697540283203,1.45,2.59
2016-10-14,16.1200008392334,2132.97998046875,8.3267822265625,1253.0999755859375,18.298261642456055,1.48,2.63
2016-10-17,16.209999084472656,2126.5,8.34196949005127,1254.4000244140625,18.251697540283203,1.43,2.62
2016-10-18,15.279999732971191,2139.60009765625,8.349555969238281,1260.800048828125,18.562097549438477,1.41,2.62
2016-10-19,14.40999984741211,2144.2900390625,8.357142448425293,1267.9000244140625,18.655223846435547,1.41,2.62
2016-10-20,13.75,2141.340087890625,8.357142448425293,1265.5999755859375,18.63970947265625,1.41,2.59
2016-10-21,13.34000015258789,2141.159912109375,8.357142448425293,1265.9000244140625,18.63194465637207,1.4,2.6
2016-10-24,13.020000457763672,2151.330078125,8.349555969238281,1262.0,18.748342514038086,1.44,2.59
2016-10-25,13.460000038146973,2143.159912109375,8.349555969238281,1271.9000244140625,18.748342514038086,1.43,2.58
2016-10-26,14.239999771118164,2139.429931640625,8.33437442779541,1264.800048828125,18.624183654785156,1.46,2.6
2016-10-27,15.359999656677246,2133.0400390625,8.311610221862793,1267.9000244140625,18.507787704467773,1.55,2.59
2016-10-28,16.190000534057617,2126.409912109375,8.311610221862793,1275.5,18.44570541381836,1.56,2.6
2016-10-31,17.059999465942383,2126.14990234375,8.33517837524414,1271.5,18.507787704467773,1.5,2.61
2016-11-01,18.559999465942383,2111.719970703125,8.33517837524414,1286.4000244140625,18.406898498535156,1.48,2.61
2016-11-02,19.31999969482422,2097.93994140625,8.342784881591797,1306.800048828125,18.22842025756836,1.44,2.63
2016-11-03,22.079999923706055,2088.659912109375,8.33517837524414,1302.0999755859375,18.119779586791992,1.44,2.67
2016-11-04,22.510000228881836,2085.179931640625,8.350391387939453,1303.300048828125,18.02665901184082,1.41,2.67
2016-11-07,18.709999084472656,2131.52001953125,8.327579498291016,1278.300048828125,18.41465950012207,1.42,2.66
2016-11-08,18.739999771118164,2139.56005859375,8.312362670898438,1273.4000244140625,18.546579360961914,1.45,2.62
2016-11-09,14.380000114440918,2163.260009765625,8.228711128234863,1272.5999755859375,18.306020736694336,1.62,2.66
2016-11-10,14.739999771118164,2167.47998046875,8.198287963867188,1265.5,17.902502059936523,1.67,2.6
2016-11-11,14.170000076293945,2164.449951171875,8.183084487915039,1265.5,17.506732940673828,1.67,2.6
2016-11-14,14.479999542236328,2164.199951171875,8.152663230895996,1221.199951171875,17.304973602294922,1.68,2.6
2016-11-15,13.369999885559082,2180.389892578125,8.160259246826172,1224.0,17.429128646850586,1.72,2.59
2016-11-16,13.720000267028809,2176.93994140625,8.175475120544434,1223.4000244140625,17.41361427307129,1.75,2.55
2016-11-17,13.350000381469727,2187.1201171875,8.145057678222656,1216.5,17.41361427307129,1.85,2.54
2016-11-18,12.850000381469727,2181.89990234375,8.122237205505371,1208.5,17.367050170898438,1.9,2.52
2016-11-21,12.420000076293945,2198.179931640625,8.122237205505371,1209.5999755859375,17.491214752197266,1.87,2.52
2016-11-22,12.40999984741211,2202.93994140625,8.122237205505371,1211.0,17.661935806274414,1.82,2.53
2016-11-23,12.430000305175781,2204.719970703125,8.107026100158691,1189.0999755859375,17.599853515625,1.85,2.49
2016-11-25,12.34000015258789,2213.35009765625,8.099424362182617,1178.199951171875,17.61537742614746,1.87,2.48
2016-11-28,13.149999618530273,2201.719970703125,8.129846572875977,1190.5999755859375,17.73177719116211,1.84,2.47
2016-11-29,12.899999618530273,2204.659912109375,8.137446403503418,1187.9000244140625,17.661935806274414,1.82,2.46
2016-11-30,13.329999923706055,2198.81005859375,8.114588737487793,1170.800048828125,17.70073699951172,1.89,2.45
2016-12-01,14.069999694824219,2191.080078125,8.099346160888672,1166.9000244140625,17.592090606689453,1.97,2.42
2016-12-02,14.119999885559082,2191.949951171875,8.122206687927246,1175.0999755859375,17.568815231323242,1.91,2.42
2016-12-05,12.140000343322754,2204.7099609375,8.114588737487793,1174.0,17.623132705688477,1.9,2.42
2016-12-06,11.789999961853027,2212.22998046875,8.122206687927246,1167.5999755859375,17.739540100097656,1.9,2.44
2016-12-07,12.220000267028809,2241.35009765625,8.145071983337402,1175.0,17.949058532714844,1.82,2.44
2016-12-08,12.640000343322754,2246.18994140625,8.122206687927246,1169.800048828125,18.0344181060791,1.89,2.43
2016-12-09,11.75,2259.530029296875,8.091729164123535,1159.4000244140625,18.01114273071289,1.93,2.43
2016-12-12,12.640000343322754,2256.9599609375,8.091729164123535,1163.5,17.840412139892578,1.98,2.41
2016-12-13,12.720000267028809,2271.719970703125,8.099346160888672,1156.699951171875,17.995622634887695,1.94,2.39
2016-12-14,13.1899995803833,2253.280029296875,8.053634643554688,1161.300048828125,17.669694900512695,1.99,2.32
2016-12-15,12.789999961853027,2262.030029296875,8.038395881652832,1127.800048828125,17.61537742614746,2.09,2.24
2016-12-16,12.199999809265137,2258.070068359375,8.046018600463867,1135.300048828125,17.52225685119629,2.09,2.28
2016-12-19,11.710000038146973,2262.530029296875,8.068873405456543,1140.5,17.41472625732422,2.02,2.28
2016-12-20,11.449999809265137,2270.760009765625,8.06125259399414,1131.5,17.422513961791992,2.05,2.28
2016-12-21,11.270000457763672,2265.179931640625,8.072688102722168,1131.0999755859375,17.41472625732422,2.03,2.26
2016-12-22,11.430000305175781,2260.9599609375,8.072688102722168,1128.800048828125,17.282262802124023,2.04,2.27
2016-12-23,11.4399995803833,2263.7900390625,8.072688102722168,1131.9000244140625,17.26668357849121,2.03,2.25
2016-12-27,11.989999771118164,2268.8798828125,8.065065383911133,1137.300048828125,17.32901382446289,2.06,2.25
2016-12-28,12.949999809265137,2249.919921875,8.087935447692871,1139.4000244140625,17.430316925048828,1.98,2.26
2016-12-29,13.369999885559082,2249.260009765625,8.103177070617676,1156.4000244140625,17.648479461669922,2.02,2.27
2016-12-30,14.039999961853027,2238.830078125,8.13449764251709,1150.0,17.67185401916504,1.94,2.28
2017-01-03,12.850000381469727,2257.830078125,8.13449764251709,1160.4000244140625,17.827693939208984,1.92,2.27
2017-01-04,11.850000381469727,2270.75,8.142133712768555,1163.800048828125,17.928985595703125,1.93,2.25
2017-01-05,11.670000076293945,2269.0,8.180328369140625,1179.699951171875,18.123781204223633,1.85,2.25
2017-01-06,11.319999694824219,2276.97998046875,8.14976978302002,1171.9000244140625,18.09261703491211,1.89,2.24
2017-01-09,11.5600004196167,2268.89990234375,8.172685623168945,1183.5,18.022485733032227,1.88,2.24
2017-01-10,11.489999771118164,2268.89990234375,8.165050506591797,1184.199951171875,18.13157081604004,1.86,2.24
2017-01-11,11.260000228881836,2275.320068359375,8.172685623168945,1195.5999755859375,18.225074768066406,1.86,2.22
2017-01-12,11.539999961853027,2270.43994140625,8.172685623168945,1198.9000244140625,18.31858253479004,1.84,2.25
2017-01-13,11.229999542236328,2274.639892578125,8.157414436340332,1195.300048828125,18.3107852935791,1.87,2.23
2017-01-17,11.869999885559082,2267.889892578125,8.18796443939209,1212.0,18.264036178588867,1.78,2.26
2017-01-18,12.479999542236328,2271.889892578125,8.142133712768555,1211.300048828125,18.287412643432617,1.89,2.22
2017-01-19,12.779999732971191,2263.68994140625,8.126860618591309,1200.9000244140625,18.248451232910156,1.95,2.21
2017-01-20,11.539999961853027,2271.31005859375,8.13449764251709,1204.300048828125,18.264036178588867,1.98,2.21
2017-01-23,11.770000457763672,2265.199951171875,8.157414436340332,1215.0,18.42765998840332,1.9,2.21
2017-01-24,11.069999694824219,2280.070068359375,8.13449764251709,1210.300048828125,18.583498001098633,1.96,2.22
2017-01-25,10.8100004196167,2298.3701171875,8.111578941345215,1197.300048828125,18.692583084106445,2.03,2.21
2017-01-26,10.630000114440918,2296.679931640625,8.119217872619629,1189.5,18.700380325317383,2.0,2.2
2017-01-27,10.579999923706055,2294.68994140625,8.126860618591309,1188.0999755859375,18.684791564941406,1.97,2.19
2017-01-30,11.880000114440918,2280.89990234375,8.126860618591309,1193.199951171875,18.583498001098633,1.98,2.21
2017-01-31,11.989999771118164,2278.8701171875,8.158236503601074,1208.5999755859375,18.544540405273438,1.93,2.23
2017-02-01,11.8100004196167,2279.550048828125,8.142928123474121,1205.5999755859375,18.653629302978516,1.97,2.23
2017-02-02,11.930000305175781,2280.85009765625,8.142928123474121,1216.699951171875,18.70816421508789,1.96,2.23
2017-02-03,10.970000267028809,2297.419921875,8.15058422088623,1218.5,18.809459686279297,1.98,2.24
2017-02-06,11.369999885559082,2292.56005859375,8.173547744750977,1230.0,18.825048446655273,1.89,2.25
2017-02-07,11.289999961853027,2293.080078125,8.181197166442871,1234.199951171875,18.770505905151367,1.87,2.24
2017-02-08,11.449999809265137,2294.669921875,8.2041597366333,1237.5999755859375,18.85621452331543,1.8,2.25
2017-02-09,10.880000114440918,2307.8701171875,8.173547744750977,1235.0999755859375,18.980886459350586,1.86,2.24
2017-02-10,10.850000381469727,2316.10009765625,8.173547744750977,1234.4000244140625,19.0899658203125,1.86,2.23
2017-02-13,11.069999694824219,2328.25,8.165886878967285,1224.4000244140625,19.222431182861328,1.91,2.23
2017-02-14,10.739999771118164,2337.580078125,8.15058422088623,1223.9000244140625,19.238006591796875,1.93,2.21
2017-02-15,11.970000267028809,2349.25,8.135276794433594,1231.699951171875,19.370473861694336,1.97,2.19
2017-02-16,11.760000228881836,2347.219970703125,8.158236503601074,1240.0,19.354894638061523,1.92,2.2
2017-02-17,11.489999771118164,2351.159912109375,8.165886878967285,1237.5999755859375,19.284765243530273,1.89,2.21
2017-02-21,11.569999694824219,2365.3798828125,8.165886878967285,1237.5,19.43281364440918,1.9,2.2
2017-02-22,11.739999771118164,2362.820068359375,8.173547744750977,1232.0,19.487348556518555,1.9,2.21
2017-02-23,11.710000038146973,2363.81005859375,8.181197166442871,1250.199951171875,19.47956085205078,1.87,2.23
2017-02-24,11.470000267028809,2367.340087890625,8.211803436279297,1256.9000244140625,19.33930778503418,1.79,2.23
2017-02-27,12.09000015258789,2369.75,8.188851356506348,1257.4000244140625,19.261390686035156,1.86,2.21
2017-02-28,12.920000076293945,2363.639892578125,8.2118501663208,1252.5999755859375,19.152301788330078,1.83,2.19
2017-03-01,12.539999961853027,2395.9599609375,8.165848731994629,1248.9000244140625,19.331510543823242,1.83,2.18
2017-03-02,11.8100004196167,2381.919921875,8.158182144165039,1231.9000244140625,19.0899658203125,1.82,2.16
2017-03-03,10.960000038146973,2383.1201171875,8.158182144165039,1225.5,19.16788101196289,1.78,2.16
2017-03-06,11.239999771118164,2375.31005859375,8.150505065917969,1224.5,19.199050903320312,1.75,2.17
2017-03-07,11.449999809265137,2368.389892578125,8.142843246459961,1215.0999755859375,19.20684814453125,1.76,2.15
2017-03-08,11.859999656677246,2362.97998046875,8.119842529296875,1208.5,19.097763061523438,1.84,2.15
2017-03-09,12.300000190734863,2364.8701171875,8.096840858459473,1202.4000244140625,18.90296745300293,1.87,2.17
2017-03-10,11.65999984741211,2372.60009765625,8.104506492614746,1200.699951171875,18.988672256469727,1.83,2.18
2017-03-13,11.350000381469727,2373.469970703125,8.089177131652832,1202.4000244140625,19.199050903320312,1.83,2.17
2017-03-14,12.300000190734863,2365.449951171875,8.096840858459473,1201.9000244140625,19.16788101196289,1.82,2.18
2017-03-15,11.630000114440918,2385.260009765625,8.135176658630371,1200.0999755859375,19.456180572509766,1.78,2.2
2017-03-16,11.210000038146973,2381.3798828125,8.127508163452148,1226.5,19.666561126708984,1.8,2.21
2017-03-17,11.279999732971191,2378.25,8.142843246459961,1229.800048828125,19.71331787109375,1.77,2.22
2017-03-20,11.34000015258789,2373.469970703125,8.158182144165039,1233.5999755859375,19.845775604248047,1.71,2.23
2017-03-21,12.470000267028809,2344.02001953125,8.173518180847168,1246.0999755859375,19.716259002685547,1.66,2.23
2017-03-22,12.8100004196167,2348.449951171875,8.181182861328125,1249.300048828125,19.73966407775879,1.63,2.23
2017-03-23,13.119999885559082,2345.9599609375,8.173518180847168,1246.9000244140625,19.731861114501953,1.65,2.24
2017-03-24,12.960000038146973,2343.97998046875,8.181182861328125,1248.199951171875,19.778676986694336,1.62,2.22
2017-03-27,12.5,2341.590087890625,8.196520805358887,1255.4000244140625,19.724056243896484,1.6,2.23
2017-03-28,11.529999732971191,2358.570068359375,8.173518180847168,1255.300048828125,19.794281005859375,1.64,2.22
2017-03-29,11.420000076293945,2361.1298828125,8.188852310180664,1253.4000244140625,19.809886932373047,1.61,2.23
2017-03-30,11.539999961853027,2368.06005859375,8.173518180847168,1245.0,19.70846176147461,1.64,2.23
2017-03-31,12.369999885559082,2362.719970703125,8.205785751342773,1247.300048828125,19.5836181640625,1.64,2.24
2017-04-03,12.380000114440918,2358.840087890625,8.228829383850098,1250.800048828125,19.653844833374023,1.56,2.26
2017-04-04,11.789999961853027,2360.159912109375,8.221150398254395,1255.0,19.73966407775879,1.57,2.26
2017-04-05,12.890000343322754,2352.949951171875,8.228829383850098,1245.4000244140625,19.778676986694336,1.54,2.29
2017-04-06,12.390000343322754,2357.489990234375,8.228829383850098,1250.300048828125,19.73966407775879,1.55,2.27
2017-04-07,12.869999885559082,2355.5400390625,8.205785751342773,1254.300048828125,19.700651168823242,1.56,2.24
2017-04-10,14.050000190734863,2357.159912109375,8.213467597961426,1251.0999755859375,19.63823699951172,1.55,2.24
2017-04-11,15.069999694824219,2353.780029296875,8.244194984436035,1271.199951171875,19.622629165649414,1.5,2.24
2017-04-12,15.770000457763672,2344.929931640625,8.259570121765137,1275.300048828125,19.67724609375,1.47,2.28
2017-04-13,15.960000038146973,2328.949951171875,8.274932861328125,1285.9000244140625,19.63823699951172,1.43,2.28
2017-04-17,14.65999984741211,2349.010009765625,8.267252922058105,1289.4000244140625,19.731861114501953,1.43,2.29
2017-04-18,14.420000076293945,2342.18994140625,8.297980308532715,1291.699951171875,19.568017959594727,1.36,2.29
2017-04-19,14.930000305175781,2338.169921875,8.28261661529541,1281.4000244140625,19.42757797241211,1.4,2.29
2017-04-20,14.149999618530273,2355.840087890625,8.267252922058105,1281.9000244140625,19.60702896118164,1.45,2.28
2017-04-21,14.630000114440918,2348.68994140625,8.267252922058105,1287.4000244140625,19.5836181640625,1.45,2.29
2017-04-24,10.84000015258789,2374.14990234375,8.251885414123535,1275.800048828125,19.74746322631836,1.47,2.28
2017-04-25,10.760000228881836,2388.610107421875,8.228829383850098,1265.5999755859375,19.965923309326172,1.53,2.26
2017-04-26,10.850000381469727,2387.449951171875,8.236518859863281,1262.0999755859375,19.903514862060547,1.49,2.27
2017-04-27,10.359999656677246,2388.77001953125,8.244194984436035,1263.699951171875,19.848896026611328,1.49,2.28
2017-04-28,10.819999694824219,2384.199951171875,8.268071174621582,1266.0999755859375,19.85669708251953,1.49,2.28
2017-05-01,10.109999656677246,2388.330078125,8.252670288085938,1253.300048828125,19.89571189880371,1.5,2.29
2017-05-02,10.59000015258789,2391.169921875,8.260363578796387,1255.0999755859375,20.028352737426758,1.47,2.3
2017-05-03,10.680000305175781,2388.1298828125,8.252670288085938,1246.4000244140625,19.9581241607666,1.48,2.23
2017-05-04,10.460000038146973,2389.52001953125,8.24496841430664,1226.5,19.80208396911621,1.5,2.25
2017-05-05,10.569999694824219,2399.2900390625,8.24496841430664,1224.800048828125,19.817686080932617,1.46,2.24
2017-05-08,9.770000457763672,2399.3798828125,8.229574203491211,1225.300048828125,19.778676986694336,1.48,2.23
2017-05-09,9.960000038146973,2396.919921875,8.229574203491211,1214.300048828125,19.872304916381836,1.51,2.22
2017-05-10,10.210000038146973,2399.6298828125,8.221878051757812,1217.300048828125,20.020551681518555,1.51,2.22
2017-05-11,10.600000381469727,2394.43994140625,8.229574203491211,1222.699951171875,20.075162887573242,1.5,2.24
2017-05-12,10.399999618530273,2390.89990234375,8.260363578796387,1226.199951171875,20.121978759765625,1.45,2.25
2017-05-15,10.420000076293945,2402.320068359375,8.252670288085938,1228.5999755859375,20.309228897094727,1.44,2.25
2017-05-16,10.649999618530273,2400.669921875,8.260363578796387,1235.0,20.34823989868164,1.43,2.24
2017-05-17,15.59000015258789,2357.030029296875,8.306554794311523,1257.5,20.106369018554688,1.32,2.26
2017-05-18,14.65999984741211,2365.719970703125,8.298858642578125,1251.699951171875,19.763071060180664,1.3,2.26
2017-05-19,12.039999961853027,2381.72998046875,8.298858642578125,1252.699951171875,19.997135162353516,1.31,2.26
2017-05-22,10.930000305175781,2394.02001953125,8.291159629821777,1260.699951171875,20.036151885986328,1.32,2.24
2017-05-23,10.720000267028809,2398.419921875,8.275766372680664,1254.800048828125,20.028352737426758,1.37,2.22
2017-05-24,10.020000457763672,2404.389892578125,8.291159629821777,1252.4000244140625,20.082965850830078,1.33,2.25
2017-05-25,9.989999771118164,2415.070068359375,8.291159629821777,1255.800048828125,20.21560287475586,1.31,2.24
2017-05-26,9.8100004196167,2415.820068359375,8.291159629821777,1267.5999755859375,20.270219802856445,1.31,2.24
2017-05-30,10.380000114440918,2412.909912109375,8.306554794311523,1262.0999755859375,20.20780372619629,1.28,2.25
2017-05-31,10.40999984741211,2411.800048828125,8.323527336120605,1272.0,20.09856414794922,1.23,2.23
2017-06-01,9.890000343322754,2430.06005859375,8.323527336120605,1267.0,20.192195892333984,1.23,2.24
2017-06-02,9.75,2439.070068359375,8.346673011779785,1276.800048828125,20.254615783691406,1.17,2.24
2017-06-05,10.069999694824219,2436.10009765625,8.338958740234375,1279.300048828125,20.29362678527832,1.22,2.24
2017-06-06,10.449999809265137,2429.330078125,8.354385375976562,1294.4000244140625,20.270219802856445,1.17,2.25
2017-06-07,10.390000343322754,2433.139892578125,8.338958740234375,1290.0999755859375,20.29362678527832,1.18,2.23
2017-06-08,10.15999984741211,2433.7900390625,8.331238746643066,1276.300048828125,20.317028045654297,1.18,2.23
2017-06-09,10.699999809265137,2431.77001953125,8.323527336120605,1268.5,20.223403930664062,1.2,2.21
2017-06-12,11.460000038146973,2429.389892578125,8.323527336120605,1266.0999755859375,20.121978759765625,1.23,2.22
2017-06-13,10.420000076293945,2440.35009765625,8.323527336120605,1265.800048828125,20.199996948242188,1.21,2.21
2017-06-14,10.640000343322754,2437.919921875,8.354385375976562,1272.800048828125,20.20780372619629,1.14,2.19
2017-06-15,10.899999618530273,2432.4599609375,8.346673011779785,1252.199951171875,20.067359924316406,1.14,2.18
2017-06-16,10.380000114440918,2433.14990234375,8.346673011779785,1254.0,20.082965850830078,1.13,2.19
2017-06-19,10.369999885559082,2453.4599609375,8.338958740234375,1244.199951171875,20.239002227783203,1.17,2.17
2017-06-20,10.859999656677246,2437.030029296875,8.354385375976562,1241.0,20.042041778564453,1.15,2.16
2017-06-21,10.75,2435.610107421875,8.354385375976562,1243.4000244140625,20.07343292236328,1.17,2.15
2017-06-22,10.479999542236328,2434.5,8.354385375976562,1247.5999755859375,20.12051773071289,1.19,2.16
2017-06-23,10.020000457763672,2438.300048828125,8.362096786499023,1256.199951171875,20.167593002319336,1.18,2.15
2017-06-26,9.899999618530273,2439.070068359375,8.362096786499023,1246.300048828125,20.34808349609375,1.15,2.15
2017-06-27,11.0600004196167,2419.3798828125,8.338958740234375,1246.4000244140625,20.238229751586914,1.21,2.12
2017-06-28,10.029999732971191,2440.68994140625,8.338958740234375,1248.0,20.308849334716797,1.2,2.14
2017-06-29,11.4399995803833,2419.699951171875,8.315814018249512,1244.199951171875,20.175447463989258,1.23,2.11
2017-06-30,11.180000305175781,2423.409912109375,8.325091361999512,1240.699951171875,20.253917694091797,1.28,2.09
2017-07-03,11.220000267028809,2429.010009765625,8.30963134765625,1217.9000244140625,20.316694259643555,1.29,2.07
2017-07-05,11.069999694824219,2432.5400390625,8.30963134765625,1220.4000244140625,20.29315757751465,1.28,2.08
2017-07-06,12.539999961853027,2409.75,8.301898956298828,1222.199951171875,20.18329620361328,1.33,2.07
2017-07-07,11.1899995803833,2425.179931640625,8.294173240661621,1208.5999755859375,20.222530364990234,1.34,2.08
2017-07-10,11.109999656677246,2427.429931640625,8.294173240661621,1212.0999755859375,20.29315757751465,1.34,2.08
2017-07-11,10.890000343322754,2425.530029296875,8.301898956298828,1213.5999755859375,20.418710708618164,1.32,2.08
2017-07-12,10.300000190734863,2443.25,8.325091361999512,1218.0999755859375,20.701215744018555,1.28,2.09
2017-07-13,9.899999618530273,2447.830078125,8.30963134765625,1216.300048828125,20.858165740966797,1.3,2.09
2017-07-14,9.510000228881836,2459.27001953125,8.317359924316406,1226.5999755859375,21.007261276245117,1.29,2.09
2017-07-17,9.819999694824219,2459.139892578125,8.325091361999512,1232.800048828125,20.983720779418945,1.24,2.09
2017-07-18,9.890000343322754,2460.610107421875,8.34827995300293,1241.0999755859375,21.007261276245117,1.2,2.08
2017-07-19,9.789999961853027,2473.830078125,8.34827995300293,1241.199951171875,21.211292266845703,1.16,2.07
2017-07-20,9.579999923706055,2473.449951171875,8.34827995300293,1244.800048828125,21.148509979248047,1.12,2.05
2017-07-21,9.359999656677246,2472.5400390625,8.363740921020508,1254.300048828125,21.132816314697266,1.08,2.05
2017-07-24,9.430000305175781,2469.909912109375,8.356014251708984,1253.9000244140625,21.21913719177246,1.09,2.06
2017-07-25,9.430000305175781,2477.1298828125,8.325091361999512,1251.699951171875,21.179895401000977,1.15,2.05
2017-07-26,9.600000381469727,2477.830078125,8.340545654296875,1249.0,21.258377075195312,1.16,2.07
2017-07-27,10.109999656677246,2475.419921875,8.3328218460083,1259.5999755859375,21.274072647094727,1.21,2.07
2017-07-28,10.289999961853027,2472.10009765625,8.340545654296875,1268.4000244140625,21.281911849975586,1.22,2.05
2017-07-31,10.260000228881836,2470.300048828125,8.357585906982422,1266.5999755859375,21.33684730529785,1.23,2.06
2017-08-01,10.09000015258789,2476.35009765625,8.380828857421875,1272.5999755859375,21.383935928344727,1.18,2.06
2017-08-02,10.279999732971191,2477.570068359375,8.373085975646973,1271.800048828125,21.45455551147461,1.19,2.05
2017-08-03,10.4399995803833,2472.159912109375,8.388570785522461,1267.800048828125,21.376081466674805,1.16,2.05
2017-08-04,10.029999732971191,2476.830078125,8.373085975646973,1258.300048828125,21.438867568969727,1.19,2.05
2017-08-07,9.930000305175781,2480.909912109375,8.373085975646973,1258.199951171875,21.595806121826172,1.24,2.06
2017-08-08,10.960000038146973,2474.919921875,8.36532974243164,1256.4000244140625,21.611499786376953,1.23,2.07
2017-08-09,11.109999656677246,2474.02001953125,8.373085975646973,1273.0,21.525184631347656,1.18,2.09
2017-08-10,16.040000915527344,2438.2099609375,8.380828857421875,1283.699951171875,21.124971389770508,1.15,2.11
2017-08-11,15.510000228881836,2441.320068359375,8.388570785522461,1287.699951171875,21.062191009521484,1.16,2.12
2017-08-14,12.329999923706055,2465.840087890625,8.373085975646973,1284.199951171875,21.25052833557129,1.2,2.11
2017-08-15,12.039999961853027,2464.610107421875,8.36532974243164,1273.699951171875,21.234832763671875,1.23,2.09
2017-08-16,11.739999771118164,2468.110107421875,8.373085975646973,1276.9000244140625,21.41532325744629,1.21,2.09
2017-08-17,15.550000190734863,2430.010009765625,8.388570785522461,1286.4000244140625,21.25052833557129,1.19,2.11
2017-08-18,14.260000228881836,2425.550048828125,8.388570785522461,1285.699951171875,21.33684730529785,1.17,2.12
2017-08-21,13.1899995803833,2428.3701171875,8.388570785522461,1290.800048828125,21.383935928344727,1.18,2.12
2017-08-22,11.350000381469727,2452.510009765625,8.380828857421875,1285.0999755859375,21.556575775146484,1.22,2.1
2017-08-23,12.25,2444.0400390625,8.396319389343262,1288.9000244140625,21.611499786376953,1.17,2.12
2017-08-24,12.229999542236328,2438.969970703125,8.388570785522461,1286.5,21.68997573852539,1.17,2.12
2017-08-25,11.279999732971191,2443.050048828125,8.396319389343262,1292.5,21.831233978271484,1.14,2.12
2017-08-28,11.319999694824219,2444.239990234375,8.396319389343262,1309.699951171875,21.870464324951172,1.18,2.13
2017-08-29,11.699999809265137,2446.300048828125,8.4118070602417,1313.0999755859375,21.862619400024414,1.1,2.15
2017-08-30,11.220000267028809,2457.590087890625,8.404065132141113,1308.0999755859375,21.933252334594727,1.12,2.14
2017-08-31,10.59000015258789,2471.64990234375,8.428901672363281,1316.199951171875,21.988178253173828,1.11,2.14
2017-09-01,10.130000114440918,2476.550048828125,8.413378715515137,1324.5,22.05879783630371,1.14,2.15
2017-09-05,12.229999542236328,2457.85009765625,8.452189445495605,1339.199951171875,21.97248077392578,1.04,2.16
2017-09-06,11.630000114440918,2465.5400390625,8.436657905578613,1333.9000244140625,22.066648483276367,1.03,2.17
2017-09-07,11.550000190734863,2465.10009765625,8.459938049316406,1345.0999755859375,22.14512062072754,1.0,2.17
2017-09-08,12.119999885559082,2461.429931640625,8.452189445495605,1346.0,22.11373519897461,1.02,2.17
2017-09-11,10.729999542236328,2488.110107421875,8.421141624450684,1331.0,22.278522491455078,1.09,2.15
2017-09-12,10.579999923706055,2496.47998046875,8.405617713928223,1328.0,22.302064895629883,1.14,2.16
2017-09-13,10.5,2498.3701171875,8.397854804992676,1323.4000244140625,22.20789909362793,1.16,2.13
2017-09-14,10.4399995803833,2495.6201171875,8.405617713928223,1324.699951171875,22.231441497802734,1.15,2.11
2017-09-15,10.170000076293945,2500.22998046875,8.405617713928223,1320.4000244140625,22.302064895629883,1.15,2.1
2017-09-18,10.149999618530273,2503.8701171875,8.397854804992676,1306.300048828125,22.37269401550293,1.18,2.1
2017-09-19,10.180000305175781,2506.64990234375,8.390095710754395,1306.199951171875,22.3314266204834,1.2,2.09
2017-09-20,9.779999732971191,2508.239990234375,8.38232707977295,1312.0,22.3314266204834,1.24,2.06
2017-09-21,9.670000076293945,2500.60009765625,8.38232707977295,1290.5999755859375,22.291748046875,1.23,2.05
2017-09-22,9.59000015258789,2502.219970703125,8.390095710754395,1293.300048828125,22.188583374023438,1.23,2.05
2017-09-25,10.210000038146973,2496.659912109375,8.405617713928223,1306.800048828125,21.81559944152832,1.17,2.06
2017-09-26,10.170000076293945,2496.840087890625,8.397854804992676,1297.0,21.74417495727539,1.18,2.04
2017-09-27,9.869999885559082,2507.0400390625,8.374570846557617,1283.4000244140625,21.69655990600586,1.24,2.06
2017-09-28,9.550000190734863,2510.06005859375,8.374570846557617,1285.5,21.609272003173828,1.25,2.05
2017-09-29,9.510000228881836,2519.360107421875,8.383903503417969,1281.5,21.81559944152832,1.27,2.0
2017-10-02,9.449999809265137,2529.1201171875,8.383903503417969,1272.699951171875,21.871150970458984,1.33,1.99
2017-10-03,9.510000228881836,2534.580078125,8.391678810119629,1271.5,22.10922622680664,1.26,2.0
2017-10-04,9.630000114440918,2537.739990234375,8.391678810119629,1273.699951171875,22.204450607299805,1.25,2.01
2017-10-05,9.1899995803833,2552.070068359375,8.383903503417969,1269.9000244140625,22.2600040435791,1.28,2.0
2017-10-06,9.649999618530273,2549.330078125,8.376130104064941,1271.5999755859375,22.244138717651367,1.3,1.98
2017-10-09,10.329999923706055,2544.72998046875,8.383903503417969,1281.800048828125,22.148908615112305,1.3,1.98
2017-10-10,10.079999923706055,2550.639892578125,8.383903503417969,1290.5999755859375,22.315553665161133,1.27,1.97
2017-10-11,9.850000381469727,2555.239990234375,8.383903503417969,1285.800048828125,22.41872215270996,1.25,1.97
2017-10-12,9.90999984741211,2550.929931640625,8.391678810119629,1293.300048828125,22.458404541015625,1.24,1.97
2017-10-13,9.609999656677246,2553.169921875,8.407236099243164,1301.5,22.593307495117188,1.19,1.97
2017-10-16,9.90999984741211,2557.639892578125,8.399453163146973,1299.9000244140625,22.64885902404785,1.2,1.97
2017-10-17,10.3100004196167,2559.360107421875,8.399453163146973,1283.0,22.577438354492188,1.21,1.95
2017-10-18,10.069999694824219,2561.260009765625,8.383903503417969,1279.9000244140625,22.537761688232422,1.25,1.95
2017-10-19,10.050000190734863,2562.10009765625,8.391678810119629,1286.9000244140625,22.402847290039062,1.23,1.94
2017-10-20,9.970000267028809,2575.2099609375,8.3683500289917,1277.4000244140625,22.450458526611328,1.28,1.94
2017-10-23,11.069999694824219,2564.97998046875,8.376130104064941,1277.699951171875,22.291748046875,1.29,1.94
2017-10-24,11.15999984741211,2569.1298828125,8.360570907592773,1275.0,22.3314266204834,1.3,1.92
2017-10-25,11.229999542236328,2557.14990234375,8.352795600891113,1275.4000244140625,22.315553665161133,1.32,1.93
2017-10-26,11.300000190734863,2560.39990234375,8.337238311767578,1266.300048828125,22.212385177612305,1.35,1.91
2017-10-27,9.800000190734863,2581.070068359375,8.352795600891113,1268.5,22.371103286743164,1.32,1.93
2017-10-30,10.5,2572.830078125,8.376130104064941,1274.0999755859375,22.291748046875,1.25,1.92
2017-10-31,10.180000305175781,2575.260009765625,8.39327621459961,1267.0,22.347299575805664,1.23,1.91
2017-11-01,10.199999809265137,2579.360107421875,8.39327621459961,1274.0999755859375,22.44252586364746,1.19,1.92
2017-11-02,9.930000305175781,2579.85009765625,8.401068687438965,1274.9000244140625,22.521886825561523,1.18,1.91
2017-11-03,9.140000343322754,2587.840087890625,8.408854484558105,1266.5,22.41872215270996,1.16,1.91
2017-11-06,9.399999618530273,2591.1298828125,8.416646003723145,1279.4000244140625,22.577438354492188,1.13,1.92
2017-11-07,9.890000343322754,2590.639892578125,8.416646003723145,1273.699951171875,22.513948440551758,1.1,1.9
2017-11-08,9.779999732971191,2594.3798828125,8.408854484558105,1281.5999755859375,22.577438354492188,1.09,1.92
2017-11-09,10.5,2584.6201171875,8.401068687438965,1285.5999755859375,22.52982521057129,1.09,1.93
2017-11-10,11.289999961853027,2582.300048828125,8.369893074035645,1272.4000244140625,22.450458526611328,1.17,1.93
2017-11-13,11.5,2584.840087890625,8.369893074035645,1277.300048828125,22.379043579101562,1.16,1.93
2017-11-14,11.59000015258789,2578.8701171875,8.377684593200684,1281.5,22.244138717651367,1.12,1.93
2017-11-15,13.130000114440918,2564.6201171875,8.39327621459961,1276.5,22.10922622680664,1.08,1.95
2017-11-16,11.760000228881836,2585.639892578125,8.377684593200684,1277.4000244140625,22.379043579101562,1.1,1.92
2017-11-17,11.430000305175781,2578.85009765625,8.385477066040039,1295.800048828125,22.52982521057129,1.06,1.93
2017-11-20,10.649999618530273,2582.139892578125,8.377684593200684,1274.5999755859375,22.601242065429688,1.07,1.91
2017-11-21,9.729999542236328,2599.030029296875,8.385477066040039,1281.0999755859375,22.90281105041504,1.06,1.88
2017-11-22,9.880000114440918,2597.080078125,8.401068687438965,1291.5999755859375,22.934555053710938,1.03,1.91
2017-11-24,9.670000076293945,2602.419921875,8.39327621459961,1286.699951171875,22.855194091796875,1.05,1.9
2017-11-27,9.869999885559082,2601.419921875,8.39327621459961,1293.800048828125,22.696474075317383,1.05,1.93
2017-11-28,10.029999732971191,2627.0400390625,8.39327621459961,1294.699951171875,22.815509796142578,1.04,1.91
2017-11-29,10.699999809265137,2626.070068359375,8.377684593200684,1282.0999755859375,22.609180450439453,1.08,1.92
2017-11-30,11.279999732971191,2647.580078125,8.379241943359375,1273.199951171875,22.38697624206543,1.15,1.88
2017-12-01,11.430000305175781,2642.219970703125,8.402669906616211,1278.800048828125,22.2600040435791,1.1,1.87
2017-12-04,11.680000305175781,2639.43994140625,8.402669906616211,1274.300048828125,22.299680709838867,1.08,1.87
2017-12-05,11.329999923706055,2629.570068359375,8.410487174987793,1261.5999755859375,22.22032928466797,1.06,1.84
2017-12-06,11.020000457763672,2629.27001953125,8.418288230895996,1262.800048828125,21.990188598632812,1.03,1.86
2017-12-07,10.15999984741211,2636.97998046875,8.410487174987793,1249.800048828125,21.95844268798828,1.08,1.88
2017-12-08,9.579999923706055,2651.5,8.402669906616211,1245.199951171875,22.172712326049805,1.1,1.87
2017-12-11,9.34000015258789,2659.989990234375,8.394865989685059,1243.699951171875,22.339366912841797,1.06,1.85
2017-12-12,9.920000076293945,2664.110107421875,8.394865989685059,1238.5,22.212385177612305,1.06,1.84
2017-12-13,10.180000305175781,2662.85009765625,8.418288230895996,1245.4000244140625,22.315553665161133,1.06,1.83
2017-12-14,10.489999771118164,2652.010009765625,8.418288230895996,1253.800048828125,22.307621002197266,1.03,1.82
2017-12-15,9.420000076293945,2675.81005859375,8.418288230895996,1254.300048828125,22.379043579101562,1.04,1.8
2017-12-18,9.529999732971191,2690.159912109375,8.402669906616211,1262.199951171875,22.545690536499023,1.01,1.81
2017-12-19,10.029999732971191,2681.469970703125,8.379241943359375,1260.699951171875,22.585371017456055,1.09,1.81
2017-12-20,9.720000267028809,2679.25,8.355817794799805,1266.0999755859375,22.59414291381836,1.11,1.82
2017-12-21,9.619999885559082,2684.570068359375,8.363627433776855,1267.300048828125,22.761503219604492,1.13,1.79
2017-12-22,9.899999618530273,2683.340087890625,8.367533683776855,1275.4000244140625,22.865114212036133,1.15,1.79
2017-12-26,10.25,2680.5,8.375347137451172,1284.0999755859375,22.857139587402344,1.0,1.78
2017-12-27,10.470000267028809,2682.6201171875,8.398785591125488,1287.0,22.936840057373047,0.98,1.76
2017-12-28,10.180000305175781,2687.5400390625,8.390974998474121,1294.0999755859375,23.06435203552246,1.04,1.76
2017-12-29,11.039999961853027,2673.610107421875,8.41680908203125,1306.300048828125,23.17592430114746,1.01,1.77
2018-01-02,9.770000457763672,2695.81005859375,8.39332389831543,1313.699951171875,23.638172149658203,1.02,1.78
2018-01-03,9.149999618530273,2713.06005859375,8.401147842407227,1316.199951171875,23.781625747680664,1.03,1.77
2018-01-04,9.220000267028809,2723.989990234375,8.401147842407227,1319.4000244140625,23.94102668762207,1.05,1.75
2018-01-05,9.220000267028809,2743.14990234375,8.39332389831543,1320.300048828125,24.12432289123535,1.08,1.76
2018-01-08,9.520000457763672,2747.7099609375,8.39332389831543,1318.5999755859375,24.180110931396484,1.04,1.74
2018-01-09,10.079999923706055,2751.2900390625,8.362004280090332,1311.699951171875,24.148239135742188,1.11,1.74
2018-01-10,9.819999694824219,2748.22998046875,8.362004280090332,1317.4000244140625,24.04463005065918,1.13,1.73
2018-01-11,9.880000114440918,2767.56005859375,8.369832038879395,1320.5999755859375,24.12432289123535,1.11,1.69
2018-01-12,10.15999984741211,2786.239990234375,8.369832038879395,1333.4000244140625,24.32356834411621,1.12,1.68
2018-01-16,11.65999984741211,2776.419921875,8.377659797668457,1335.4000244140625,24.32356834411621,1.09,1.66
2018-01-17,11.90999984741211,2802.56005859375,8.362004280090332,1338.0,24.6104793548584,1.13,1.66
2018-01-18,12.220000267028809,2798.030029296875,8.338513374328613,1326.0,24.650325775146484,1.17,1.64
2018-01-19,11.270000457763672,2810.300048828125,8.322855949401855,1331.9000244140625,24.80971908569336,1.2,1.64
2018-01-22,11.029999732971191,2832.969970703125,8.322855949401855,1330.9000244140625,25.07271957397461,1.22,1.64
2018-01-23,11.100000381469727,2839.1298828125,8.338513374328613,1335.699951171875,25.192270278930664,1.19,1.64
2018-01-24,11.470000267028809,2837.5400390625,8.322855949401855,1355.9000244140625,25.359634399414062,1.22,1.65
2018-01-25,11.579999923706055,2839.25,8.34634017944336,1362.4000244140625,25.335725784301758,1.21,1.61
2018-01-26,11.079999923706055,2872.8701171875,8.330682754516602,1351.5999755859375,25.63857078552246,1.25,1.6
2018-01-29,13.84000015258789,2853.530029296875,8.315025329589844,1351.5999755859375,25.351665496826172,1.26,1.59
2018-01-30,14.789999961853027,2822.429931640625,8.299367904663086,1335.4000244140625,24.985055923461914,1.29,1.59
2018-01-31,13.539999961853027,2823.81005859375,8.32447338104248,1339.0,25.12053871154785,1.26,1.56
2018-02-01,13.470000267028809,2821.97998046875,8.2930908203125,1344.300048828125,25.02490234375,1.3,1.56
2018-02-02,17.309999465942383,2762.1298828125,8.269554138183594,1333.699951171875,24.570627212524414,1.36,1.58
2018-02-05,37.31999969482422,2648.93994140625,8.308777809143066,1333.0,23.933055877685547,1.26,1.63
2018-02-06,29.979999542236328,2695.139892578125,8.285247802734375,1326.0999755859375,24.03665542602539,1.27,1.61
2018-02-07,27.729999542236328,2681.659912109375,8.261710166931152,1311.5999755859375,23.60629653930664,1.29,1.62
2018-02-08,33.459999084472656,2581.0,8.261710166931152,1316.9000244140625,23.08029556274414,1.3,1.63
2018-02-09,29.059999465942383,2619.550048828125,8.246014595031738,1313.0999755859375,23.12811279296875,1.28,1.67
2018-02-12,25.610000610351562,2656.0,8.246014595031738,1324.199951171875,23.36720085144043,1.24,1.64
2018-02-13,24.969999313354492,2662.93994140625,8.246014595031738,1328.0999755859375,23.558473587036133,1.24,1.69
2018-02-14,19.260000228881836,2698.6298828125,8.214630126953125,1355.5,24.004779815673828,1.33,1.66
2018-02-15,19.1299991607666,2731.199951171875,8.2224760055542,1352.0999755859375,24.339508056640625,1.32,1.63
2018-02-16,19.459999084472656,2732.219970703125,8.230326652526855,1353.199951171875,24.25183868408203,1.25,1.66
2018-02-20,20.600000381469727,2716.260009765625,8.2224760055542,1328.800048828125,24.060565948486328,1.22,1.67
2018-02-21,20.020000457763672,2701.330078125,8.198938369750977,1330.0,24.204021453857422,1.3,1.67
2018-02-22,18.719999313354492,2703.9599609375,8.206789016723633,1330.5999755859375,24.204021453857422,1.29,1.68
2018-02-23,16.489999771118164,2747.300048828125,8.2224760055542,1328.199951171875,24.55469512939453,1.24,1.68
2018-02-26,15.800000190734863,2779.60009765625,8.230326652526855,1330.699951171875,24.69017791748047,1.2,1.7
2018-02-27,18.59000015258789,2744.280029296875,8.214630126953125,1315.5,24.235902786254883,1.24,1.69
2018-02-28,19.850000381469727,2713.830078125,8.239006042480469,1315.5,23.933055877685547,1.22,1.68
2018-03-01,22.469999313354492,2677.669921875,8.262587547302246,1302.9000244140625,23.925085067749023,1.18,1.72
2018-03-02,19.59000015258789,2691.25,8.239006042480469,1321.0999755859375,23.98884391784668,1.21,1.72
2018-03-05,18.729999542236328,2720.93994140625,8.23114013671875,1318.0999755859375,24.004779815673828,1.18,1.72
2018-03-06,18.360000610351562,2728.1201171875,8.23114013671875,1333.5999755859375,24.060565948486328,1.2,1.75
2018-03-07,17.760000228881836,2726.800048828125,8.23114013671875,1326.0,24.020719528198242,1.21,1.77
2018-03-08,16.540000915527344,2738.969970703125,8.239006042480469,1319.9000244140625,24.03665542602539,1.19,1.78
2018-03-09,14.640000343322754,2786.570068359375,8.223278999328613,1322.4000244140625,24.3873291015625,1.23,1.77
2018-03-12,15.779999732971191,2783.02001953125,8.23114013671875,1319.4000244140625,24.467023849487305,1.16,1.79
2018-03-13,16.350000381469727,2765.31005859375,8.239006042480469,1325.9000244140625,24.355451583862305,1.11,1.8
2018-03-14,17.229999542236328,2749.47998046875,8.25472354888916,1324.4000244140625,24.32356834411621,1.05,1.8
2018-03-15,16.59000015258789,2747.330078125,8.24686336517334,1316.800048828125,24.299659729003906,1.05,1.81
2018-03-16,15.800000190734863,2752.010009765625,8.239006042480469,1311.300048828125,24.25183868408203,1.07,1.79
2018-03-19,19.020000457763672,2712.919921875,8.23114013671875,1316.800048828125,23.98884391784668,1.05,1.8
2018-03-20,18.200000762939453,2716.93994140625,8.223278999328613,1311.0999755859375,24.156200408935547,1.08,1.79
2018-03-21,17.860000610351562,2711.929931640625,8.223278999328613,1320.699951171875,24.204021453857422,1.15,1.82
2018-03-22,23.34000015258789,2643.68994140625,8.239006042480469,1326.5999755859375,23.646141052246094,1.11,1.84
2018-03-23,24.8700008392334,2588.260009765625,8.239006042480469,1349.300048828125,23.296571731567383,1.08,1.87
2018-03-26,21.030000686645508,2658.550048828125,8.23114013671875,1354.4000244140625,23.911113739013672,1.06,1.84
2018-03-27,22.5,2612.6201171875,8.25472354888916,1341.300048828125,23.543987274169922,1.01,1.86
2018-03-28,22.8700008392334,2605.0,8.25472354888916,1324.199951171875,23.376384735107422,1.04,1.86
2018-03-29,19.969999313354492,2640.8701171875,8.29098129272461,1322.800048828125,23.647733688354492,1.01,1.85
2018-04-02,23.6200008392334,2581.8798828125,8.298860549926758,1342.0999755859375,23.320518493652344,0.96,1.86
2018-04-03,21.100000381469727,2614.449951171875,8.27522087097168,1332.800048828125,23.599855422973633,1.04,1.84
2018-04-04,20.059999465942383,2644.68994140625,8.267337799072266,1335.800048828125,23.5360050201416,1.08,1.85
2018-04-05,18.940000534057617,2662.840087890625,8.2594575881958,1324.300048828125,23.67168426513672,1.11,1.84
2018-04-06,21.489999771118164,2604.469970703125,8.283097267150879,1331.9000244140625,23.33647918701172,1.04,1.84
2018-04-09,21.770000457763672,2613.159912109375,8.29098129272461,1336.300048828125,23.33647918701172,1.02,1.83
2018-04-10,20.469999313354492,2656.8701171875,8.283097267150879,1342.0,23.70360565185547,1.06,1.8
2018-04-11,20.239999771118164,2642.18994140625,8.283097267150879,1356.5,23.70360565185547,1.06,1.8
2018-04-12,18.489999771118164,2663.989990234375,8.267337799072266,1338.4000244140625,23.75947380065918,1.08,1.79
2018-04-13,17.40999984741211,2656.300048828125,8.267337799072266,1344.800048828125,23.52802085876465,1.06,1.79
2018-04-16,16.559999465942383,2677.840087890625,8.267337799072266,1347.5,23.48811912536621,1.04,1.77
2018-04-17,15.25,2706.389892578125,8.27522087097168,1347.199951171875,23.464176177978516,1.02,1.76
2018-04-18,15.600000381469727,2708.639892578125,8.25157356262207,1351.199951171875,23.607833862304688,1.06,1.76
2018-04-19,15.960000038146973,2693.1298828125,8.22793197631836,1346.800048828125,23.61581039428711,1.1,1.77
2018-04-20,16.8799991607666,2670.139892578125,8.212169647216797,1336.699951171875,23.352441787719727,1.15,1.78
2018-04-23,16.34000015258789,2670.2900390625,8.204289436340332,1322.5,23.16887664794922,1.11,1.76
2018-04-24,18.020000457763672,2634.56005859375,8.188523292541504,1331.4000244140625,23.065122604370117,1.13,1.77
2018-04-25,17.84000015258789,2639.39990234375,8.172761917114258,1321.199951171875,22.97733497619629,1.18,1.8
2018-04-26,16.239999771118164,2666.93994140625,8.188523292541504,1316.300048828125,23.033203125,1.18,1.8
2018-04-27,15.40999984741211,2669.909912109375,8.204289436340332,1320.300048828125,23.14493751525879,1.14,1.8
2018-04-30,15.930000305175781,2648.050048828125,8.222452163696289,1316.199951171875,23.15291976928711,1.08,1.79
2018-05-01,15.489999771118164,2654.800048828125,8.21455192565918,1303.800048828125,23.0970516204834,1.12,1.82
2018-05-02,15.970000267028809,2635.669921875,8.206658363342285,1302.5999755859375,22.97733497619629,1.13,1.83
2018-05-03,15.899999618530273,2629.72998046875,8.21455192565918,1310.699951171875,22.841655731201172,1.1,1.86
2018-05-04,14.770000457763672,2663.419921875,8.222452163696289,1312.699951171875,22.913482666015625,1.11,1.86
2018-05-07,14.75,2672.6298828125,8.21455192565918,1312.199951171875,22.865596771240234,1.09,1.87
2018-05-08,14.710000038146973,2671.919921875,8.206658363342285,1312.0,22.94540786743164,1.1,1.87
2018-05-09,13.420000076293945,2697.7900390625,8.190857887268066,1311.300048828125,23.017242431640625,1.12,1.86
2018-05-10,13.229999542236328,2723.070068359375,8.21455192565918,1320.800048828125,23.288589477539062,1.07,1.84
2018-05-11,12.649999618530273,2727.719970703125,8.21455192565918,1319.0,23.320518493652344,1.05,1.82
2018-05-14,12.930000305175781,2730.1298828125,8.206658363342285,1316.5,23.376384735107422,1.07,1.81
2018-05-15,14.630000114440918,2711.449951171875,8.175065040588379,1288.9000244140625,23.065122604370117,1.16,1.81
2018-05-16,13.420000076293945,2722.4599609375,8.159265518188477,1290.199951171875,23.232725143432617,1.17,1.8
2018-05-17,13.430000305175781,2720.1298828125,8.151366233825684,1288.199951171875,22.97733497619629,1.19,1.82
2018-05-18,13.420000076293945,2712.969970703125,8.175065040588379,1290.199951171875,22.817707061767578,1.15,1.83
2018-05-21,13.079999923706055,2733.010009765625,8.175065040588379,1290.199951171875,22.889541625976562,1.13,1.83
2018-05-22,13.220000267028809,2724.43994140625,8.175065040588379,1291.699951171875,22.97733497619629,1.13,1.83
2018-05-23,12.579999923706055,2733.2900390625,8.198755264282227,1289.300048828125,22.865596771240234,1.09,1.84
2018-05-24,12.529999732971191,2727.760009765625,8.21455192565918,1303.699951171875,22.769826889038086,1.07,1.84
2018-05-25,13.220000267028809,2721.330078125,8.230358123779297,1303.300048828125,22.769826889038086,1.03,1.85
2018-05-29,17.020000457763672,2689.860107421875,8.285646438598633,1298.699951171875,22.482507705688477,0.84,1.96
2018-05-30,14.9399995803833,2724.010009765625,8.261946678161621,1301.5,22.482507705688477,0.9,1.91
2018-05-31,15.430000305175781,2705.27001953125,8.272235870361328,1300.0999755859375,22.498472213745117,0.9,1.89
2018-06-01,13.460000038146973,2734.6201171875,8.25640869140625,1294.800048828125,22.737903594970703,0.97,1.9
2018-06-04,12.739999771118164,2746.8701171875,8.240575790405273,1293.0999755859375,23.001279830932617,1.0,1.88
2018-06-05,12.399999618530273,2748.800048828125,8.248489379882812,1297.5,22.913482666015625,0.98,1.9
2018-06-06,11.640000343322754,2772.35009765625,8.224742889404297,1297.0999755859375,23.105031967163086,1.02,1.91
2018-06-07,12.130000114440918,2770.3701171875,8.240575790405273,1298.699951171875,22.93742561340332,0.99,1.89
2018-06-08,12.180000305175781,2779.030029296875,8.232656478881836,1298.0999755859375,22.881559371948242,1.0,1.9
2018-06-11,12.350000381469727,2782.0,8.224742889404297,1298.9000244140625,22.825695037841797,1.02,1.89
2018-06-12,12.34000015258789,2786.85009765625,8.224742889404297,1295.0999755859375,22.857620239257812,1.04,1.88
2018-06-13,12.9399995803833,2775.6298828125,8.216822624206543,1296.9000244140625,22.69001579284668,1.04,1.87
2018-06-14,12.119999885559082,2782.489990234375,8.232656478881836,1304.0,22.586257934570312,1.0,1.88
2018-06-15,11.979999542236328,2779.659912109375,8.240575790405273,1274.5999755859375,22.45856285095215,0.99,1.87
2018-06-18,12.3100004196167,2773.75,8.232656478881836,1276.199951171875,22.28298568725586,0.98,1.9
2018-06-19,13.350000381469727,2762.590087890625,8.248489379882812,1275.5999755859375,21.899892807006836,0.95,1.91
2018-06-20,12.789999961853027,2767.320068359375,8.224742889404297,1271.199951171875,21.963741302490234,0.99,1.92
2018-06-21,14.640000343322754,2749.760009765625,8.232656478881836,1267.199951171875,21.676332473754883,0.96,1.95
2018-06-22,13.770000457763672,2754.8798828125,8.232656478881836,1267.4000244140625,21.844924926757812,0.97,1.97
2018-06-25,17.329999923706055,2717.070068359375,8.240575790405273,1265.5999755859375,21.491682052612305,0.94,1.99
2018-06-26,15.920000076293945,2723.06005859375,8.240575790405273,1256.5999755859375,21.475622177124023,0.95,1.99
2018-06-27,17.90999984741211,2699.6298828125,8.264322280883789,1252.800048828125,21.034074783325195,0.9,1.98
2018-06-28,16.850000381469727,2716.31005859375,8.25640869140625,1247.800048828125,21.122379302978516,0.91,2.0
2018-06-29,16.09000015258789,2718.3701171875,8.274651527404785,1251.300048828125,21.48365592956543,0.92,1.99
2018-07-02,15.600000381469727,2726.7099609375,8.26672077178955,1239.800048828125,21.38731575012207,0.89,1.97
2018-07-03,16.139999389648438,2713.219970703125,8.282583236694336,1251.5999755859375,21.315061569213867,0.85,1.99
2018-07-05,14.970000267028809,2736.610107421875,8.282583236694336,1257.300048828125,21.33914566040039,0.88,1.95
2018-07-06,13.369999885559082,2759.820068359375,8.290521621704102,1254.300048828125,21.499713897705078,0.85,1.96
2018-07-09,12.6899995803833,2784.169921875,8.282583236694336,1258.0999755859375,21.804780960083008,0.88,1.93
2018-07-10,12.640000343322754,2793.840087890625,8.282583236694336,1253.800048828125,21.85295295715332,0.88,1.91
2018-07-11,13.630000114440918,2774.02001953125,8.290521621704102,1242.800048828125,21.499713897705078,0.88,1.91
2018-07-12,12.579999923706055,2798.2900390625,8.290521621704102,1245.0,21.780698776245117,0.87,1.9
2018-07-13,12.180000305175781,2801.31005859375,8.298455238342285,1239.5999755859375,21.812814712524414,0.85,1.9
2018-07-16,12.829999923706055,2798.429931640625,8.290521621704102,1238.0999755859375,21.700416564941406,0.84,1.91
2018-07-17,12.0600004196167,2809.550048828125,8.290521621704102,1225.699951171875,21.796754837036133,0.84,1.9
2018-07-18,12.100000381469727,2815.6201171875,8.282583236694336,1226.300048828125,21.74858283996582,0.88,1.89
2018-07-19,12.869999885559082,2804.489990234375,8.298455238342285,1222.4000244140625,21.539852142333984,0.84,1.9
2018-07-20,12.859999656677246,2801.830078125,8.274651527404785,1229.5,21.772674560546875,0.9,1.91
2018-07-23,12.619999885559082,2806.97998046875,8.250850677490234,1224.0,21.804780960083008,0.97,1.91
2018-07-24,12.40999984741211,2820.39990234375,8.258784294128418,1223.9000244140625,22.045635223388672,0.93,1.88
2018-07-25,12.289999961853027,2846.070068359375,8.250850677490234,1231.4000244140625,22.342681884765625,0.93,1.87
2018-07-26,12.140000343322754,2837.43994140625,8.250850677490234,1225.300048828125,22.174083709716797,0.99,1.85
2018-07-27,13.029999732971191,2818.820068359375,8.250850677490234,1222.5999755859375,22.174083709716797,0.96,1.84
2018-07-30,14.260000228881836,2802.60009765625,8.250850677490234,1221.300048828125,22.141969680786133,0.94,1.84
2018-07-31,12.829999923706055,2816.2900390625,8.277886390686035,1223.699951171875,22.166059494018555,0.93,1.83
2018-08-01,13.149999618530273,2813.360107421875,8.261985778808594,1217.9000244140625,22.09380531311035,0.97,1.83
2018-08-02,12.1899995803833,2827.219970703125,8.269938468933105,1210.5999755859375,21.828866958618164,0.96,1.84
2018-08-03,11.640000343322754,2840.35009765625,8.285842895507812,1214.199951171875,21.91718101501465,0.94,1.84
2018-08-06,11.270000457763672,2850.39990234375,8.285842895507812,1208.5999755859375,21.812814712524414,0.89,1.82
2018-08-07,10.930000305175781,2858.449951171875,8.269938468933105,1209.5999755859375,21.98140525817871,0.92,1.82
2018-08-08,10.850000381469727,2857.699951171875,8.277886390686035,1212.5999755859375,21.94929313659668,0.9,1.84
2018-08-09,11.270000457763672,2853.580078125,8.285842895507812,1211.9000244140625,21.91718101501465,0.87,1.85
2018-08-10,13.15999984741211,2833.280029296875,8.309698104858398,1211.0999755859375,21.612104415893555,0.82,1.87
2018-08-13,14.779999732971191,2821.929931640625,8.301742553710938,1191.300048828125,21.226749420166016,0.82,1.91
2018-08-14,13.3100004196167,2839.9599609375,8.29378890991211,1193.0,21.26689338684082,0.81,1.9
2018-08-15,14.640000343322754,2818.3701171875,8.309698104858398,1177.5,20.76913833618164,0.79,1.9
2018-08-16,13.449999809265137,2840.68994140625,8.309698104858398,1176.199951171875,20.833364486694336,0.8,1.89
2018-08-17,12.640000343322754,2850.1298828125,8.309698104858398,1176.5,20.91364097595215,0.82,1.89
2018-08-20,12.489999771118164,2857.050048828125,8.32559871673584,1186.800048828125,21.058156967163086,0.76,1.89
2018-08-21,12.859999656677246,2862.9599609375,8.317648887634277,1192.5999755859375,21.250831604003906,0.77,1.88
2018-08-22,12.25,2861.820068359375,8.32559871673584,1196.300048828125,21.395347595214844,0.73,1.91
2018-08-23,12.40999984741211,2856.97998046875,8.32559871673584,1187.0,21.202667236328125,0.74,1.9
2018-08-24,11.989999771118164,2874.68994140625,8.32559871673584,1206.300048828125,21.34717559814453,0.73,1.9
2018-08-27,12.15999984741211,2896.739990234375,8.317648887634277,1209.0,21.724504470825195,0.73,1.89
2018-08-28,12.5,2897.52001953125,8.301742553710938,1207.4000244140625,21.676332473754883,0.75,1.9
2018-08-29,12.25,2914.0400390625,8.301742553710938,1204.5,21.74858283996582,0.76,1.88
2018-08-30,13.529999732971191,2901.1298828125,8.309698104858398,1197.699951171875,21.315061569213867,0.75,1.9
2018-08-31,12.859999656677246,2901.52001953125,8.320852279663086,1200.300048828125,21.379289627075195,0.75,1.92
2018-09-04,13.15999984741211,2896.719970703125,8.304915428161621,1192.699951171875,20.977874755859375,0.77,1.94
2018-09-05,13.90999984741211,2888.60009765625,8.304915428161621,1194.9000244140625,20.672800064086914,0.76,1.95
2018-09-06,14.649999618530273,2878.050048828125,8.312881469726562,1197.9000244140625,20.664772033691406,0.75,1.93
2018-09-07,14.880000114440918,2871.679931640625,8.288972854614258,1193.5999755859375,20.720966339111328,0.8,1.93
2018-09-10,14.15999984741211,2877.1298828125,8.288972854614258,1193.0,20.439979553222656,0.8,1.92
2018-09-11,13.220000267028809,2887.889892578125,8.273032188415527,1195.4000244140625,20.383785247802734,0.83,1.9
2018-09-12,13.140000343322754,2888.919921875,8.281004905700684,1204.699951171875,20.383785247802734,0.81,1.89
2018-09-13,12.369999885559082,2904.179931640625,8.281004905700684,1202.0,20.68885612487793,0.82,1.87
2018-09-14,12.069999694824219,2904.97998046875,8.273032188415527,1195.0,20.761112213134766,0.83,1.88
2018-09-17,13.680000305175781,2888.800048828125,8.273032188415527,1199.699951171875,20.56040382385254,0.83,1.88
2018-09-18,12.789999961853027,2904.31005859375,8.249123573303223,1196.800048828125,20.68082618713379,0.88,1.88
2018-09-19,11.75,2907.949951171875,8.241153717041016,1202.199951171875,20.91364097595215,0.92,1.88
2018-09-20,11.800000190734863,2930.75,8.249123573303223,1206.199951171875,21.06618309020996,0.9,1.85
2018-09-21,11.680000305175781,2929.669921875,8.249123573303223,1196.199951171875,21.234773635864258,0.89,1.83
2018-09-24,12.199999809265137,2919.3701171875,8.241153717041016,1199.300048828125,21.009986877441406,0.86,1.84
2018-09-25,12.420000076293945,2915.56005859375,8.233182907104492,1200.0,21.043270111083984,0.89,1.83
2018-09-26,12.890000343322754,2905.969970703125,8.257094383239746,1194.0,21.10010528564453,0.86,1.84
2018-09-27,12.40999984741211,2914.0,8.257094383239746,1182.300048828125,21.18940544128418,0.88,1.83
2018-09-28,12.119999885559082,2913.97998046875,8.275466918945312,1191.5,21.10010528564453,0.86,1.84
2018-10-01,12.0,2924.590087890625,8.259488105773926,1187.0999755859375,21.124454498291016,0.86,1.83
2018-10-02,12.050000190734863,2923.429931640625,8.275466918945312,1202.4000244140625,20.913373947143555,0.82,1.84
2018-10-03,11.609999656677246,2925.510009765625,8.235528945922852,1198.300048828125,20.85654640197754,0.92,1.83
2018-10-04,14.220000267028809,2901.610107421875,8.21155834197998,1197.199951171875,20.40190315246582,0.97,1.84
2018-10-05,14.819999694824219,2885.570068359375,8.19558334350586,1201.199951171875,20.223297119140625,1.0,1.85
2018-10-08,15.6899995803833,2884.429931640625,8.19558334350586,1184.4000244140625,20.17458724975586,1.0,1.85
2018-10-09,15.949999809265137,2880.340087890625,8.203577041625977,1187.199951171875,20.13399314880371,0.96,1.84
2018-10-10,22.959999084472656,2785.679931640625,8.203577041625977,1189.300048828125,19.68747901916504,0.95,1.86
2018-10-11,24.979999542236328,2728.3701171875,8.2275390625,1223.5,19.370851516723633,0.87,1.88
2018-10-12,21.309999465942383,2767.1298828125,8.21155834197998,1218.0999755859375,19.88231658935547,0.87,1.88
2018-10-15,21.299999237060547,2750.7900390625,8.219550132751465,1226.4000244140625,19.70371437072754,0.85,1.89
2018-10-16,17.6200008392334,2809.919921875,8.219550132751465,1227.300048828125,20.109636306762695,0.86,1.88
2018-10-17,17.399999618530273,2809.2099609375,8.19558334350586,1223.699951171875,19.955387115478516,0.88,1.88
2018-10-18,20.059999465942383,2768.780029296875,8.203577041625977,1226.5,19.49263572692871,0.85,1.92
2018-10-19,19.889999389648438,2767.780029296875,8.19558334350586,1225.300048828125,19.606290817260742,0.89,1.92
2018-10-22,19.639999389648438,2755.8798828125,8.187597274780273,1221.199951171875,19.84984588623047,0.86,1.92
2018-10-23,20.709999084472656,2740.68994140625,8.19558334350586,1233.4000244140625,19.606290817260742,0.84,1.96
2018-10-24,25.229999542236328,2656.10009765625,8.219550132751465,1227.800048828125,19.08670425415039,0.76,1.99
2018-10-25,24.219999313354492,2705.570068359375,8.21155834197998,1229.0999755859375,19.403324127197266,0.8,1.98
2018-10-26,24.15999984741211,2658.68994140625,8.2275390625,1232.5,19.20848274230957,0.75,2.02
2018-10-29,24.700000762939453,2641.25,8.2275390625,1224.5,18.899982452392578,0.74,2.02
2018-10-30,23.350000381469727,2682.6298828125,8.203577041625977,1222.5999755859375,19.176006317138672,0.79,2.03
2018-10-31,21.229999542236328,2711.739990234375,8.214784622192383,1212.300048828125,19.500755310058594,0.81,2.03
2018-11-01,19.34000015258789,2740.3701171875,8.214784622192383,1236.0,20.004093170166016,0.82,2.04
2018-11-02,19.510000228881836,2723.06005859375,8.182755470275879,1230.9000244140625,20.166471481323242,0.89,2.02
2018-11-05,19.959999084472656,2738.31005859375,8.19076156616211,1229.800048828125,20.272008895874023,0.84,2.02
2018-11-06,19.90999984741211,2755.449951171875,8.19076156616211,1223.800048828125,20.231420516967773,0.87,1.98
2018-11-07,16.360000610351562,2813.889892578125,8.19076156616211,1226.199951171875,20.491212844848633,0.85,1.96
2018-11-08,16.719999313354492,2806.830078125,8.182755470275879,1222.9000244140625,20.10152244567871,0.89,1.96
2018-11-09,17.360000610351562,2781.010009765625,8.198771476745605,1206.4000244140625,19.817373275756836,0.83,1.98
2018-11-12,20.450000762939453,2726.219970703125,8.214784622192383,1201.300048828125,19.49263572692871,0.83,1.98
2018-11-13,20.020000457763672,2722.179931640625,8.214784622192383,1199.199951171875,19.663114547729492,0.76,2.04
2018-11-14,21.25,2701.580078125,8.214784622192383,1207.9000244140625,19.768657684326172,0.74,2.09
2018-11-15,19.979999542236328,2730.199951171875,8.214784622192383,1212.800048828125,20.166471481323242,0.74,2.13
2018-11-16,18.139999389648438,2736.27001953125,8.230794906616211,1220.800048828125,20.223297119140625,0.72,2.13
2018-11-19,20.100000381469727,2690.72998046875,8.238805770874023,1223.0999755859375,20.060928344726562,0.68,2.16
2018-11-20,22.479999542236328,2641.889892578125,8.230794906616211,1219.0,19.719945907592773,0.67,2.17
2018-11-21,20.799999237060547,2649.929931640625,8.230794906616211,1225.800048828125,19.963504791259766,0.65,2.17
2018-11-23,21.520000457763672,2632.56005859375,8.230794906616211,1221.0,19.784896850585938,0.64,2.18
2018-11-26,18.899999618530273,2673.449951171875,8.22278881072998,1220.199951171875,19.955387115478516,0.66,2.16
2018-11-27,19.020000457763672,2682.169921875,8.22278881072998,1211.199951171875,20.028457641601562,0.65,2.2
2018-11-28,18.489999771118164,2743.7900390625,8.22278881072998,1221.4000244140625,20.42626190185547,0.66,2.22
2018-11-29,18.790000915527344,2737.800048828125,8.230794906616211,1224.0999755859375,20.320720672607422,0.66,2.26
2018-11-30,18.06999969482422,2760.169921875,8.258085250854492,1220.199951171875,20.36943244934082,0.64,2.27
2018-12-03,16.440000534057617,2790.3701171875,8.274134635925293,1233.9000244140625,20.69417381286621,0.6,2.26
2018-12-04,20.739999771118164,2700.06005859375,8.290181159973145,1241.0999755859375,20.410024642944336,0.49,2.25
2018-12-06,21.190000534057617,2695.949951171875,8.298212051391602,1238.0999755859375,20.150232315063477,0.46,2.29
2018-12-07,23.229999542236328,2633.080078125,8.314262390136719,1246.800048828125,19.89043426513672,0.45,2.31
2018-12-10,22.639999389648438,2637.719970703125,8.322284698486328,1243.699951171875,19.70371437072754,0.44,2.31
2018-12-11,21.760000228881836,2636.780029296875,8.314262390136719,1241.9000244140625,19.752424240112305,0.48,2.26
2018-12-12,21.459999084472656,2651.070068359375,8.306235313415527,1244.4000244140625,20.004093170166016,0.48,2.24
2018-12-13,20.649999618530273,2650.5400390625,8.306235313415527,1242.699951171875,20.10152244567871,0.48,2.25
2018-12-14,21.6299991607666,2599.949951171875,8.314262390136719,1237.0,19.8336124420166,0.47,2.25
2018-12-17,24.520000457763672,2545.93994140625,8.330306053161621,1247.4000244140625,19.622526168823242,0.46,2.25
2018-12-18,25.579999923706055,2546.159912109375,8.354390144348145,1249.199951171875,19.663114547729492,0.43,2.26
2018-12-19,25.579999923706055,2506.9599609375,8.370443344116211,1252.0999755859375,19.541339874267578,0.37,2.27
2018-12-20,28.3799991607666,2467.419921875,8.354390144348145,1263.5999755859375,19.565698623657227,0.4,2.28
2018-12-21,30.110000610351562,2416.6201171875,8.354390144348145,1253.800048828125,19.346736907958984,0.4,2.31
2018-12-24,36.06999969482422,2351.10009765625,8.370443344116211,1267.5,19.28137969970703,0.29,2.35
2018-12-26,30.40999984741211,2467.699951171875,8.338339805603027,1269.199951171875,19.698055267333984,0.37,2.33
2018-12-27,29.959999084472656,2488.830078125,8.346362113952637,1277.300048828125,19.632688522338867,0.36,2.36
2018-12-28,28.34000015258789,2485.739990234375,8.370443344116211,1279.9000244140625,19.681713104248047,0.32,2.44
2018-12-31,25.420000076293945,2506.85009765625,8.40664005279541,1278.300048828125,19.763408660888672,0.24,2.45
2019-01-02,23.219999313354492,2510.030029296875,8.41468334197998,1281.0,19.747074127197266,0.24,2.45
2019-01-03,25.450000762939453,2447.889892578125,8.454906463623047,1291.800048828125,19.485631942749023,0.15,2.48
2019-01-04,21.3799991607666,2531.93994140625,8.4227294921875,1282.699951171875,20.065702438354492,0.25,2.45
2019-01-07,21.399999618530273,2549.68994140625,8.40664005279541,1286.800048828125,20.122894287109375,0.25,2.42
2019-01-08,20.469999313354492,2574.409912109375,8.398592948913574,1283.199951171875,20.147403717041016,0.27,2.39
2019-01-09,19.979999542236328,2584.9599609375,8.40664005279541,1289.300048828125,20.457874298095703,0.29,2.39
2019-01-10,19.5,2596.639892578125,8.398592948913574,1284.699951171875,20.596763610839844,0.31,2.42
2019-01-11,18.190000534057617,2596.260009765625,8.40664005279541,1287.0999755859375,20.547739028930664,0.28,2.42
2019-01-14,19.06999969482422,2582.610107421875,8.40664005279541,1289.0999755859375,20.425188064575195,0.26,2.46
2019-01-15,18.600000381469727,2610.300048828125,8.398592948913574,1286.199951171875,20.621267318725586,0.27,2.46
2019-01-16,19.040000915527344,2616.10009765625,8.398592948913574,1291.5999755859375,20.694801330566406,0.3,2.45
2019-01-17,18.059999465942383,2635.9599609375,8.398592948913574,1291.0,20.768329620361328,0.33,2.43
2019-01-18,17.799999237060547,2670.7099609375,8.382505416870117,1281.300048828125,20.890884399414062,0.38,2.38
2019-01-22,20.799999237060547,2632.89990234375,8.398592948913574,1282.5,20.596763610839844,0.31,2.38
2019-01-23,19.520000457763672,2638.699951171875,8.40664005279541,1283.0999755859375,20.73564910888672,0.35,2.37
2019-01-24,18.889999389648438,2642.330078125,8.4227294921875,1279.0999755859375,20.882713317871094,0.35,2.37
2019-01-25,17.420000076293945,2664.760009765625,8.41468334197998,1297.4000244140625,21.086963653564453,0.37,2.34
2019-01-28,18.8700008392334,2643.85009765625,8.41468334197998,1302.4000244140625,20.923566818237305,0.33,2.36
2019-01-29,19.1299991607666,2640.0,8.430777549743652,1308.199951171875,20.956247329711914,0.3,2.36
2019-01-30,17.65999984741211,2681.050048828125,8.438817024230957,1309.9000244140625,21.242197036743164,0.28,2.37
2019-01-31,16.56999969482422,2704.10009765625,8.491230964660645,1319.699951171875,21.446447372436523,0.22,2.38
2019-02-01,16.139999389648438,2706.530029296875,8.46704387664795,1316.9000244140625,21.42194175720215,0.3,2.31
2019-02-04,15.729999542236328,2724.8701171875,8.458974838256836,1314.300048828125,21.42194175720215,0.31,2.3
2019-02-05,15.569999694824219,2737.699951171875,8.475104331970215,1314.199951171875,21.56899642944336,0.29,2.27
2019-02-06,15.380000114440918,2731.610107421875,8.475104331970215,1309.5,21.43010711669922,0.28,2.28
2019-02-07,16.3700008392334,2706.050048828125,8.491230964660645,1309.4000244140625,21.234025955200195,0.23,2.31
2019-02-08,15.720000267028809,2707.8798828125,8.499296188354492,1313.699951171875,21.209518432617188,0.2,2.3
2019-02-11,15.970000267028809,2709.800048828125,8.491230964660645,1307.0,21.135986328125,0.2,2.3
2019-02-12,15.430000305175781,2744.72998046875,8.483168601989746,1309.199951171875,21.31572723388672,0.25,2.3
2019-02-13,15.649999618530273,2753.030029296875,8.46704387664795,1310.800048828125,21.209518432617188,0.27,2.27
2019-02-14,16.219999313354492,2745.72998046875,8.483168601989746,1309.800048828125,21.201345443725586,0.23,2.3
2019-02-15,14.90999984741211,2775.60009765625,8.491230964660645,1318.0999755859375,21.168668746948242,0.23,2.28
2019-02-19,14.880000114440918,2779.760009765625,8.499296188354492,1340.0999755859375,21.266706466674805,0.2,2.28
2019-02-20,14.020000457763672,2784.699951171875,8.491230964660645,1343.300048828125,21.43010711669922,0.2,2.23
2019-02-21,14.460000038146973,2774.8798828125,8.475104331970215,1323.5,21.413772583007812,0.24,2.23
2019-02-22,13.510000228881836,2792.669921875,8.491230964660645,1329.199951171875,21.683382034301758,0.19,2.25
2019-02-25,14.850000381469727,2796.110107421875,8.483168601989746,1325.9000244140625,21.887636184692383,0.2,2.23
2019-02-26,15.170000076293945,2793.89990234375,8.499296188354492,1325.0999755859375,21.87129783630371,0.19,2.24
2019-02-27,14.699999809265137,2792.3798828125,8.475104331970215,1317.699951171875,21.76508140563965,0.24,2.25
2019-02-28,14.779999732971191,2784.489990234375,8.486421585083008,1312.800048828125,21.585342407226562,0.28,2.22
2019-03-01,13.569999694824219,2803.68994140625,8.46217155456543,1296.4000244140625,21.618013381958008,0.32,2.22
2019-03-04,14.630000114440918,2792.81005859375,8.478338241577148,1284.800048828125,21.65886688232422,0.26,2.22
2019-03-05,14.739999771118164,2789.64990234375,8.486421585083008,1282.0,21.830446243286133,0.26,2.22
2019-03-06,15.739999771118164,2771.449951171875,8.494503021240234,1284.9000244140625,21.76508140563965,0.22,2.25
2019-03-07,16.59000015258789,2748.929931640625,8.518747329711914,1283.800048828125,21.503643035888672,0.19,2.25
2019-03-08,16.049999237060547,2743.070068359375,8.518747329711914,1297.0,21.31572723388672,0.16,2.27
2019-03-11,14.329999923706055,2783.300048828125,8.518747329711914,1288.800048828125,21.683382034301758,0.18,2.27
2019-03-12,13.770000457763672,2791.52001953125,8.534915924072266,1296.300048828125,21.773252487182617,0.15,2.25
2019-03-13,13.40999984741211,2810.919921875,8.534915924072266,1307.5,21.814098358154297,0.16,2.26
2019-03-14,13.5,2808.47998046875,8.518747329711914,1293.4000244140625,21.69972801208496,0.18,2.27
2019-03-15,12.880000114440918,2822.47998046875,8.534915924072266,1301.800048828125,21.920312881469727,0.14,2.28
2019-03-18,13.100000381469727,2832.93994140625,8.534915924072266,1300.300048828125,22.189926147460938,0.16,2.27
2019-03-19,13.5600004196167,2832.570068359375,8.534915924072266,1305.0,22.17359161376953,0.15,2.27
2019-03-20,13.90999984741211,2824.22998046875,8.567244529724121,1300.5,22.189926147460938,0.06,2.29
2019-03-21,13.630000114440918,2854.8798828125,8.567244529724121,1306.0999755859375,22.23894691467285,0.05,2.28
2019-03-22,16.479999542236328,2800.7099609375,8.607651710510254,1311.5999755859375,21.750423431396484,-0.02,2.3
2019-03-25,16.329999923706055,2798.360107421875,8.623821258544922,1321.9000244140625,21.734050750732422,-0.03,2.28
2019-03-26,14.680000305175781,2818.4599609375,8.623821258544922,1314.300048828125,21.79133415222168,-0.05,2.3
2019-03-27,15.149999618530273,2805.3701171875,8.639983177185059,1309.9000244140625,21.619491577148438,-0.05,2.28
2019-03-28,14.430000305175781,2815.43994140625,8.639983177185059,1289.800048828125,21.742237091064453,-0.04,2.27
2019-03-29,13.710000038146973,2834.39990234375,8.652137756347656,1293.0,21.995912551879883,0.01,2.26
2019-04-01,13.399999618530273,2867.18994140625,8.619728088378906,1288.4000244140625,22.29867935180664,0.06,2.24
2019-04-02,13.359999656677246,2867.239990234375,8.627827644348145,1290.0,22.28231430053711,0.06,2.24
2019-04-03,13.739999771118164,2873.39990234375,8.6116304397583,1289.9000244140625,22.380510330200195,0.08,2.23
2019-04-04,13.579999923706055,2879.389892578125,8.6116304397583,1289.0,22.470521926879883,0.07,2.22
2019-04-05,12.819999694824219,2892.739990234375,8.619728088378906,1290.4000244140625,22.601449966430664,0.06,2.22
2019-04-08,13.180000305175781,2895.77001953125,8.6116304397583,1297.0999755859375,22.64236831665039,0.09,2.21
2019-04-09,14.279999732971191,2878.199951171875,8.619728088378906,1303.5,22.658737182617188,0.09,2.19
2019-04-10,13.300000190734863,2888.2099609375,8.635933876037598,1309.0999755859375,22.773292541503906,0.05,2.21
2019-04-11,13.020000457763672,2888.320068359375,8.619728088378906,1288.5999755859375,22.52780532836914,0.08,2.2
2019-04-12,12.010000228881836,2907.409912109375,8.603524208068848,1290.5999755859375,22.59326934814453,0.12,2.15
2019-04-15,12.319999694824219,2905.580078125,8.6116304397583,1286.800048828125,22.486896514892578,0.12,2.15
2019-04-16,12.180000305175781,2907.06005859375,8.595425605773926,1272.5999755859375,22.650550842285156,0.17,2.12
2019-04-17,12.600000381469727,2900.449951171875,8.595425605773926,1272.199951171875,22.70783042907715,0.15,2.13
2019-04-18,12.09000015258789,2905.030029296875,8.6116304397583,1271.9000244140625,22.756927490234375,0.15,2.12
2019-04-22,12.420000076293945,2907.969970703125,8.595425605773926,1273.5,22.64236831665039,0.15,2.14
2019-04-23,12.279999732971191,2933.679931640625,8.603524208068848,1269.300048828125,22.69146728515625,0.12,2.14
2019-04-24,13.140000343322754,2927.25,8.619728088378906,1275.5,22.519622802734375,0.09,2.14
2019-04-25,13.25,2926.169921875,8.619728088378906,1275.800048828125,22.388694763183594,0.11,2.14
2019-04-26,12.729999542236328,2939.8798828125,8.635933876037598,1284.9000244140625,22.46234130859375,0.09,2.13
2019-04-29,13.109999656677246,2943.030029296875,8.619728088378906,1278.5999755859375,22.445972442626953,0.1,2.13
2019-04-30,13.119999885559082,2945.830078125,8.656270980834961,1282.800048828125,22.454160690307617,0.08,2.14
2019-05-01,14.800000190734863,2923.72998046875,8.656270980834961,1281.4000244140625,22.364147186279297,0.09,2.11
2019-05-02,14.420000076293945,2917.52001953125,8.640031814575195,1269.699951171875,22.37232208251953,0.08,2.12
2019-05-03,12.869999885559082,2945.639892578125,8.648151397705078,1279.199951171875,22.56871795654297,0.11,2.11
2019-05-06,15.4399995803833,2932.469970703125,8.656270980834961,1281.699951171875,22.1104736328125,0.07,2.14
2019-05-07,19.31999969482422,2884.050048828125,8.672511100769043,1283.5,21.84043312072754,0.02,2.17
2019-05-08,19.399999618530273,2879.419921875,8.656270980834961,1279.4000244140625,21.807697296142578,0.06,2.17
2019-05-09,19.100000381469727,2870.719970703125,8.672511100769043,1283.5,21.50493049621582,0.02,2.21
2019-05-10,16.040000915527344,2881.39990234375,8.664390563964844,1285.699951171875,21.6440372467041,0.04,2.2
2019-05-13,20.549999237060547,2811.8701171875,8.688752174377441,1300.0999755859375,21.054868698120117,-0.01,2.25
2019-05-14,18.059999465942383,2834.409912109375,8.680631637573242,1294.699951171875,21.210342407226562,0.01,2.24
2019-05-15,16.440000534057617,2850.9599609375,8.696877479553223,1296.300048828125,21.275806427001953,-0.05,2.26
2019-05-16,15.289999961853027,2876.320068359375,8.688752174377441,1285.0,21.1939754486084,0.0,2.24
2019-05-17,15.960000038146973,2859.530029296875,8.688752174377441,1274.5,20.80119514465332,0.0,2.24
2019-05-20,16.309999465942383,2840.22998046875,8.680631637573242,1276.0999755859375,20.752094268798828,0.02,2.24
2019-05-21,14.949999809265137,2864.360107421875,8.672511100769043,1272.0,20.9403018951416,0.04,2.23
2019-05-22,14.75,2856.27001953125,8.688752174377441,1273.5999755859375,20.866655349731445,0.01,2.26
2019-05-23,16.920000076293945,2822.239990234375,8.721235275268555,1284.800048828125,20.572065353393555,-0.06,2.28
2019-05-24,15.850000381469727,2826.06005859375,8.713114738464355,1283.0,20.653900146484375,-0.03,2.31
2019-05-28,17.5,2802.389892578125,8.729357719421387,1276.5,20.67026138305664,-0.11,2.32
2019-05-29,17.899999618530273,2783.02001953125,8.729357719421387,1280.5999755859375,20.80119514465332,-0.12,2.33
2019-05-30,17.299999237060547,2788.860107421875,8.753715515136719,1287.0999755859375,20.93212127685547,-0.16,2.33
2019-05-31,18.709999084472656,2752.06005859375,8.814763069152832,1305.800048828125,21.005765914916992,-0.21,2.37
2019-06-03,18.860000610351562,2744.449951171875,8.839179039001465,1322.699951171875,21.177608489990234,-0.28,2.42
2019-06-04,16.969999313354492,2803.27001953125,8.814763069152832,1323.4000244140625,21.234891891479492,-0.23,2.42
2019-06-05,16.09000015258789,2826.14990234375,8.814763069152832,1328.300048828125,21.08759880065918,-0.23,2.45
2019-06-06,15.930000305175781,2843.489990234375,8.806622505187988,1337.5999755859375,21.07122802734375,-0.21,2.44
2019-06-07,16.299999237060547,2873.340087890625,8.831042289733887,1341.199951171875,21.210342407226562,-0.19,2.42
2019-06-10,15.9399995803833,2886.72998046875,8.806622505187988,1324.699951171875,21.4149169921875,-0.14,2.39
2019-06-11,15.989999771118164,2885.719970703125,8.806622505187988,1326.4000244140625,21.627676010131836,-0.12,2.38
2019-06-12,15.90999984741211,2879.840087890625,8.822907447814941,1331.9000244140625,21.455835342407227,-0.11,2.41
2019-06-13,15.819999694824219,2891.639892578125,8.831042289733887,1339.199951171875,21.455835342407227,-0.09,2.42
2019-06-14,15.279999732971191,2886.97998046875,8.831042289733887,1340.0999755859375,21.254892349243164,-0.11,2.42
2019-06-17,15.350000381469727,2889.669921875,8.831042289733887,1338.699951171875,21.20548439025879,-0.14,2.41
2019-06-18,15.149999618530273,2917.75,8.847314834594727,1346.5999755859375,21.576065063476562,-0.16,2.4
2019-06-19,14.329999923706055,2926.4599609375,8.871734619140625,1344.5999755859375,21.806652069091797,-0.15,2.41
2019-06-20,14.75,2954.179931640625,8.888009071350098,1392.9000244140625,22.119583129882812,-0.13,2.38
2019-06-21,15.399999618530273,2950.4599609375,8.863594055175781,1396.199951171875,22.07016944885254,-0.04,2.35
2019-06-24,15.260000228881836,2945.35009765625,8.888009071350098,1414.300048828125,22.07016944885254,-0.11,2.33
2019-06-25,16.280000686645508,2917.3798828125,8.896154403686523,1414.9000244140625,21.839582443237305,-0.12,2.34
2019-06-26,16.209999084472656,2913.780029296875,8.871734619140625,1411.5999755859375,21.987823486328125,-0.1,2.32
2019-06-27,15.819999694824219,2924.919921875,8.896154403686523,1408.4000244140625,22.144287109375,-0.13,2.31
2019-06-28,15.079999923706055,2941.760009765625,8.916548728942871,1409.699951171875,22.144287109375,-0.12,2.31
2019-07-01,14.0600004196167,2964.330078125,8.916548728942871,1385.5999755859375,22.41604995727539,-0.18,2.29
2019-07-02,12.930000305175781,2973.010009765625,8.932865142822266,1404.5999755859375,22.432519912719727,-0.22,2.29
2019-07-03,12.569999694824219,2995.820068359375,8.949175834655762,1417.699951171875,22.407812118530273,-0.25,2.26
2019-07-05,13.279999732971191,2990.409912109375,8.908385276794434,1396.699951171875,22.37487030029297,-0.19,2.26
2019-07-08,13.960000038146973,2975.949951171875,8.900229454040527,1397.0,22.152524948120117,-0.21,2.23
2019-07-09,14.09000015258789,2979.6298828125,8.892073631286621,1397.5,22.127819061279297,-0.19,2.22
2019-07-10,13.029999732971191,2993.070068359375,8.900229454040527,1410.0999755859375,22.276050567626953,-0.13,2.25
2019-07-11,12.930000305175781,2999.909912109375,8.867597579956055,1404.300048828125,22.30899429321289,-0.04,2.25
2019-07-12,12.390000343322754,3013.77001953125,8.875755310058594,1409.9000244140625,22.292522430419922,-0.02,2.25
2019-07-15,12.680000305175781,3014.300048828125,8.88391399383545,1411.4000244140625,22.391345977783203,-0.07,2.25
2019-07-16,12.859999656677246,3004.0400390625,8.875755310058594,1409.199951171875,22.391345977783203,-0.02,2.23
2019-07-17,13.970000267028809,2984.419921875,8.900229454040527,1421.300048828125,22.31722640991211,-0.08,2.24
2019-07-18,13.529999732971191,2995.110107421875,8.908385276794434,1426.0999755859375,22.37487030029297,-0.01,2.27
2019-07-19,14.449999809265137,2976.610107421875,8.908385276794434,1425.0999755859375,22.325468063354492,-0.01,2.26
2019-07-22,13.529999732971191,2985.030029296875,8.908385276794434,1425.300048828125,22.300756454467773,-0.04,2.24
2019-07-23,12.609999656677246,3005.469970703125,8.900229454040527,1420.0999755859375,22.341930389404297,0.02,2.23
2019-07-24,12.069999694824219,3019.56005859375,8.908385276794434,1422.800048828125,22.37487030029297,-0.05,2.15
2019-07-25,12.739999771118164,3003.669921875,8.900229454040527,1413.9000244140625,22.276050567626953,-0.02,2.14
2019-07-26,12.15999984741211,3025.860107421875,8.900229454040527,1418.5,22.251346588134766,-0.04,2.13
2019-07-29,12.829999923706055,3020.969970703125,8.900229454040527,1419.5999755859375,22.234872817993164,-0.06,2.13
2019-07-30,13.9399995803833,3013.179931640625,8.908385276794434,1429.699951171875,22.11134910583496,-0.02,2.14
2019-07-31,16.1200008392334,2980.3798828125,8.937007904052734,1426.0999755859375,21.880762100219727,-0.06,2.13
2019-08-01,17.8700008392334,2953.56005859375,9.002422332763672,1420.9000244140625,21.60076904296875,-0.17,2.17
2019-08-02,17.610000610351562,2932.050048828125,9.01059627532959,1445.5999755859375,21.312538146972656,-0.2,2.18
2019-08-05,24.59000015258789,2844.739990234375,9.05965518951416,1464.5999755859375,20.604320526123047,-0.3,2.24
2019-08-06,20.170000076293945,2881.77001953125,9.067832946777344,1472.4000244140625,20.834896087646484,-0.32,2.25
2019-08-07,19.489999771118164,2883.97998046875,9.067832946777344,1507.300048828125,20.867841720581055,-0.31,2.23
2019-08-08,16.90999984741211,2938.090087890625,9.067832946777344,1497.699951171875,21.15607452392578,-0.3,2.25
2019-08-09,17.969999313354492,2918.64990234375,9.051477432250977,1496.5999755859375,20.94195556640625,-0.26,2.23
2019-08-12,21.09000015258789,2882.699951171875,9.092362403869629,1505.300048828125,20.77725601196289,-0.35,2.23
2019-08-13,17.520000457763672,2926.320068359375,9.076007843017578,1502.199951171875,20.876073837280273,-0.32,2.22
2019-08-14,22.100000381469727,2840.60009765625,9.116896629333496,1515.9000244140625,20.43961524963379,-0.37,2.23
2019-08-15,21.18000030517578,2847.60009765625,9.149600982666016,1519.5999755859375,20.587846755981445,-0.39,2.27
2019-08-16,18.469999313354492,2888.679931640625,9.141422271728516,1512.5,20.793729782104492,-0.32,2.26
2019-08-19,16.8799991607666,2923.64990234375,9.10871410369873,1500.4000244140625,20.909019470214844,-0.34,2.29
2019-08-20,17.5,2900.510009765625,9.133246421813965,1504.5999755859375,20.884313583374023,-0.39,2.3
2019-08-21,15.800000190734863,2924.429931640625,9.116896629333496,1504.5999755859375,21.024311065673828,-0.38,2.25
2019-08-22,16.68000030517578,2922.949951171875,9.10871410369873,1497.300048828125,20.834896087646484,-0.38,2.25
2019-08-23,19.8700008392334,2847.110107421875,9.149600982666016,1526.5999755859375,20.57137107849121,-0.45,2.27
2019-08-26,19.31999969482422,2878.3798828125,9.133246421813965,1526.300048828125,20.6290283203125,-0.47,2.27
2019-08-27,20.309999465942383,2869.159912109375,9.165953636169434,1541.0,20.6290283203125,-0.49,2.26
2019-08-28,19.350000381469727,2887.93994140625,9.174124717712402,1537.800048828125,20.711368560791016,-0.52,2.26
2019-08-29,17.8799991607666,2924.580078125,9.157773971557617,1526.5,20.859607696533203,-0.49,2.27
2019-08-30,18.979999542236328,2926.4599609375,9.18563175201416,1519.0999755859375,21.057254791259766,-0.49,2.26
2019-09-03,19.65999984741211,2906.27001953125,9.193825721740723,1545.9000244140625,20.892549514770508,-0.51,2.28
2019-09-04,17.329999923706055,2937.780029296875,9.202021598815918,1550.300048828125,21.254892349243164,-0.5,2.29
2019-09-05,16.270000457763672,2976.0,9.152861595153809,1515.4000244140625,21.469005584716797,-0.4,2.28
2019-09-06,15.0,2978.7099609375,9.161052703857422,1506.199951171875,21.534893035888672,-0.41,2.26
2019-09-09,15.270000457763672,2978.429931640625,9.120080947875977,1502.199951171875,21.55135726928711,-0.33,2.23
2019-09-10,15.199999809265137,2979.389892578125,9.070915222167969,1490.300048828125,21.54312515258789,-0.23,2.22
2019-09-11,14.609999656677246,3000.929931640625,9.070915222167969,1494.4000244140625,21.716064453125,-0.21,2.22
2019-09-12,14.220000267028809,3009.570068359375,9.054534912109375,1498.699951171875,21.839582443237305,-0.16,2.22
2019-09-13,13.739999771118164,3007.389892578125,8.99716854095459,1490.9000244140625,21.905471801757812,-0.06,2.21
2019-09-16,14.670000076293945,2997.9599609375,9.021754264831543,1503.0999755859375,21.872526168823242,-0.15,2.2
2019-09-17,14.4399995803833,3005.699951171875,9.038140296936035,1505.0999755859375,21.78194236755371,-0.18,2.21
2019-09-18,13.949999809265137,3006.72998046875,9.04633617401123,1507.5,21.749008178710938,-0.15,2.18
2019-09-19,14.050000190734863,3006.7900390625,9.054534912109375,1498.4000244140625,21.63371467590332,-0.14,2.17
2019-09-20,15.319999694824219,2992.070068359375,9.08730411529541,1507.300048828125,21.70783233642578,-0.17,2.19
2019-09-23,14.90999984741211,2991.780029296875,9.095499992370605,1523.699951171875,21.644485473632812,-0.22,2.17
2019-09-24,17.049999237060547,2966.60009765625,9.120080947875977,1532.0999755859375,21.46112632751465,-0.28,2.2
2019-09-25,15.960000038146973,2984.8701171875,9.079110145568848,1504.5999755859375,21.519468307495117,-0.16,2.2
2019-09-26,16.06999969482422,2977.6201171875,9.095499992370605,1507.5,21.519468307495117,-0.13,2.18
2019-09-27,17.219999313354492,2961.7900390625,9.103693008422852,1499.0999755859375,21.286109924316406,-0.11,2.19
2019-09-30,16.239999771118164,2976.739990234375,9.130791664123535,1465.699951171875,21.33611297607422,-0.2,2.2
2019-10-01,18.559999465942383,2940.25,9.147210121154785,1482.0,21.177757263183594,-0.17,2.22
2019-10-02,20.559999465942383,2887.610107421875,9.155423164367676,1501.0,21.061071395874023,-0.19,2.26
2019-10-03,19.1200008392334,2910.6298828125,9.188268661499023,1507.0999755859375,21.269433975219727,-0.16,2.29
2019-10-04,17.040000915527344,2952.010009765625,9.196478843688965,1506.199951171875,21.394451141357422,-0.19,2.29
2019-10-07,17.860000610351562,2938.7900390625,9.171846389770508,1497.699951171875,21.244434356689453,-0.19,2.28
2019-10-08,20.280000686645508,2893.06005859375,9.188268661499023,1497.199951171875,21.094409942626953,-0.18,2.3
2019-10-09,18.639999389648438,2919.39990234375,9.163633346557617,1506.0999755859375,21.23609733581543,-0.1,2.29
2019-10-10,17.56999969482422,2938.1298828125,9.130791664123535,1494.800048828125,21.402786254882812,-0.01,2.27
2019-10-11,15.579999923706055,2970.27001953125,9.097942352294922,1482.699951171875,21.69449234008789,0.08,2.22
2019-10-14,14.569999694824219,2966.14990234375,9.106156349182129,1491.699951171875,21.70282745361328,0.08,2.22
2019-10-15,13.539999961853027,2995.679931640625,9.089733123779297,1477.5999755859375,21.777835845947266,0.1,2.21
2019-10-16,13.680000305175781,2989.68994140625,9.097942352294922,1488.0,21.8361759185791,0.09,2.22
2019-10-17,13.789999961853027,2997.949951171875,9.089733123779297,1492.300048828125,21.936193466186523,0.1,2.21
2019-10-18,14.25,2986.199951171875,9.097942352294922,1488.199951171875,21.86117935180664,0.1,2.21
2019-10-21,14.0,3006.719970703125,9.081525802612305,1482.4000244140625,21.97786521911621,0.13,2.19
2019-10-22,14.460000038146973,2995.989990234375,9.089733123779297,1481.699951171875,22.01120376586914,0.13,2.17
2019-10-23,14.010000228881836,3004.52001953125,9.089733123779297,1489.9000244140625,22.019533157348633,0.12,2.18
2019-10-24,13.710000038146973,3010.2900390625,9.089733123779297,1498.9000244140625,22.086210250854492,0.1,2.17
2019-10-25,12.649999618530273,3022.550048828125,9.081525802612305,1499.5,22.136211395263672,0.14,2.16
2019-10-28,13.109999656677246,3039.419921875,9.065102577209473,1490.0,22.26123046875,0.2,2.16
2019-10-29,13.199999809265137,3036.889892578125,9.065102577209473,1487.0,22.202892303466797,0.21,2.15
2019-10-30,12.329999923706055,3046.77001953125,9.097942352294922,1493.199951171875,22.252901077270508,0.16,2.17
2019-10-31,13.220000267028809,3037.56005859375,9.150609016418457,1511.4000244140625,22.161218643188477,0.15,2.18
2019-11-01,12.300000190734863,3066.909912109375,9.142383575439453,1508.0,22.386247634887695,0.21,2.16
2019-11-04,12.829999923706055,3078.27001953125,9.117691040039062,1508.0,22.619617462158203,0.26,2.16
2019-11-05,13.100000381469727,3074.6201171875,9.084781646728516,1480.800048828125,22.727962493896484,0.3,2.15
2019-11-06,12.619999885559082,3076.780029296875,9.101235389709473,1490.199951171875,22.661285400390625,0.25,2.14
2019-11-07,12.729999542236328,3085.179931640625,9.060093879699707,1464.199951171875,22.811307907104492,0.36,2.13
2019-11-08,12.069999694824219,3093.080078125,9.051861763000488,1461.300048828125,22.611276626586914,0.39,2.11
2019-11-11,12.6899995803833,3087.010009765625,9.051861763000488,1455.5,22.4112491607666,0.39,2.11
2019-11-12,12.680000305175781,3091.840087890625,9.060093879699707,1452.0999755859375,22.386247634887695,0.33,2.1
2019-11-13,13.0,3094.0400390625,9.076549530029297,1461.699951171875,22.19455337524414,0.31,2.11
2019-11-14,13.050000190734863,3096.6298828125,9.101235389709473,1471.800048828125,22.161218643188477,0.25,2.13
2019-11-15,12.050000190734863,3120.4599609375,9.09300708770752,1467.300048828125,22.29456901550293,0.27,2.13
2019-11-18,12.460000038146973,3122.030029296875,9.10946273803711,1470.9000244140625,22.302906036376953,0.24,2.14
2019-11-19,12.859999656677246,3120.179931640625,9.117691040039062,1473.300048828125,22.43625831604004,0.22,2.13
2019-11-20,12.779999732971191,3108.4599609375,9.13415813446045,1473.300048828125,22.352907180786133,0.16,2.16
2019-11-21,13.130000114440918,3103.5400390625,9.125924110412598,1463.0999755859375,22.286237716674805,0.19,2.15
2019-11-22,12.34000015258789,3110.2900390625,9.125924110412598,1463.0999755859375,22.3195743560791,0.19,2.14
2019-11-25,11.869999885559082,3133.639892578125,9.125924110412598,1456.5999755859375,22.46959114074707,0.15,2.13
2019-11-26,11.539999961853027,3140.52001953125,9.142383575439453,1459.800048828125,22.34457778930664,0.14,2.11
2019-11-27,11.75,3153.6298828125,9.125924110412598,1453.4000244140625,22.44458770751953,0.15,2.09
2019-11-29,12.619999885559082,3140.97998046875,9.144892692565918,1465.5999755859375,22.19455337524414,0.19,2.08
2019-12-02,14.90999984741211,3113.8701171875,9.120149612426758,1462.300048828125,22.15288734436035,0.23,2.11
2019-12-03,15.960000038146973,3093.199951171875,9.169626235961914,1478.199951171875,22.144548416137695,0.15,2.11
2019-12-04,14.800000190734863,3112.760009765625,9.15313720703125,1474.0,22.22789192199707,0.22,2.11
2019-12-05,14.520000457763672,3117.429931640625,9.136645317077637,1476.9000244140625,22.361244201660156,0.26,2.09
2019-12-06,13.619999885559082,3145.909912109375,9.128393173217773,1459.0999755859375,22.494596481323242,0.31,2.07
2019-12-09,15.859999656677246,3135.9599609375,9.128393173217773,1459.300048828125,22.43625831604004,0.29,2.05
2019-12-10,15.680000305175781,3132.52001953125,9.128393173217773,1462.5999755859375,22.43625831604004,0.29,2.01
2019-12-11,14.989999771118164,3141.6298828125,9.144892692565918,1469.4000244140625,22.68628692626953,0.22,2.04
2019-12-12,13.9399995803833,3168.570068359375,9.103662490844727,1466.699951171875,22.952985763549805,0.34,2.02
2019-12-13,12.630000114440918,3168.800048828125,9.144892692565918,1475.5999755859375,23.06966781616211,0.25,2.02
2019-12-16,12.140000343322754,3191.449951171875,9.120149612426758,1475.0,23.194686889648438,0.32,2.0
2019-12-17,12.289999961853027,3192.52001953125,9.120149612426758,1474.5999755859375,23.419715881347656,0.33,1.99
2019-12-18,12.579999923706055,3191.139892578125,9.103662490844727,1472.5999755859375,23.561405181884766,0.36,1.98
2019-12-19,12.5,3205.3701171875,9.111907958984375,1478.199951171875,23.561405181884766,0.35,1.96
2019-12-20,12.510000228881836,3221.219970703125,9.111907958984375,1474.699951171875,23.536937713623047,0.34,1.96
2019-12-23,12.609999656677246,3224.010009765625,9.103662490844727,1482.5,23.604429244995117,0.34,1.96
2019-12-24,12.670000076293945,3223.3798828125,9.111907958984375,1499.0999755859375,23.579120635986328,0.32,1.97
2019-12-26,12.649999618530273,3239.909912109375,9.120149612426758,1509.300048828125,23.697221755981445,0.32,1.97
2019-12-27,13.430000305175781,3240.02001953125,9.128393173217773,1513.800048828125,23.77315330505371,0.31,1.96
2019-12-30,14.819999694824219,3221.2900390625,9.128393173217773,1514.5,23.73097038269043,0.33,1.97
2019-12-31,13.779999732971191,3230.780029296875,9.131706237792969,1519.5,23.73940086364746,0.37,1.98
2020-01-02,12.470000267028809,3257.85009765625,9.156496047973633,1524.5,24.161212921142578,0.34,1.98
2020-01-03,14.020000457763672,3234.85009765625,9.18954849243164,1549.199951171875,23.941871643066406,0.28,1.99
2020-01-06,13.850000381469727,3246.280029296875,9.181285858154297,1566.199951171875,23.798458099365234,0.25,2.02
2020-01-07,13.789999961853027,3237.179931640625,9.164762496948242,1571.800048828125,23.83220100402832,0.29,2.03
2020-01-08,13.449999809265137,3253.050048828125,9.14822769165039,1557.4000244140625,23.815330505371094,0.33,2.05
2020-01-09,12.539999961853027,3274.699951171875,9.156496047973633,1551.699951171875,24.076852798461914,0.31,2.03
2020-01-10,12.5600004196167,3265.35009765625,9.173025131225586,1557.5,24.076852798461914,0.29,1.99
2020-01-13,12.319999694824219,3288.1298828125,9.164762496948242,1548.4000244140625,24.405860900878906,0.28,1.99
2020-01-14,12.390000343322754,3283.14990234375,9.181285858154297,1542.4000244140625,24.329938888549805,0.25,1.99
2020-01-15,12.420000076293945,3289.2900390625,9.18954849243164,1552.0999755859375,24.211828231811523,0.22,2.01
2020-01-16,12.319999694824219,3316.81005859375,9.181285858154297,1549.0,24.296194076538086,0.26,2.0
2020-01-17,12.100000381469727,3329.6201171875,9.173025131225586,1558.800048828125,24.439603805541992,0.28,1.98
2020-01-21,12.850000381469727,3320.7900390625,9.197818756103516,1556.4000244140625,23.958749771118164,0.22,1.97
2020-01-22,12.90999984741211,3321.75,9.206080436706543,1555.300048828125,24.059982299804688,0.22,1.97
2020-01-23,12.979999542236328,3325.5400390625,9.222606658935547,1564.5999755859375,23.899690628051758,0.19,1.98
2020-01-24,14.5600004196167,3295.469970703125,9.239139556884766,1571.0999755859375,23.705659866333008,0.16,1.98
2020-01-27,18.229999542236328,3243.6298828125,9.272191047668457,1576.800048828125,23.115127563476562,0.06,2.04
2020-01-28,16.280000686645508,3276.239990234375,9.255661010742188,1569.199951171875,23.326032638549805,0.08,2.04
2020-01-29,16.389999389648438,3273.39990234375,9.280451774597168,1569.800048828125,23.31759262084961,0.04,2.05
2020-01-30,15.489999771118164,3283.659912109375,9.280451774597168,1583.5,22.97171401977539,0.0,2.08
2020-01-31,18.84000015258789,3225.52001953125,9.325178146362305,1582.9000244140625,22.541465759277344,-0.04,2.13
2020-02-03,17.969999313354492,3248.919921875,9.325178146362305,1577.199951171875,22.608959197998047,-0.03,2.1
2020-02-04,16.049999237060547,3297.590087890625,9.29205322265625,1550.4000244140625,23.157310485839844,0.04,2.09
2020-02-05,15.149999618530273,3334.68994140625,9.267202377319336,1557.800048828125,23.250106811523438,0.09,2.07
2020-02-06,14.960000038146973,3345.780029296875,9.275484085083008,1565.0999755859375,23.359777450561523,0.08,2.05
2020-02-07,15.470000267028809,3327.7099609375,9.308612823486328,1568.5999755859375,23.106691360473633,0.03,2.05
2020-02-10,15.039999961853027,3352.090087890625,9.31689739227295,1574.699951171875,23.123563766479492,-0.02,2.06
2020-02-11,15.180000305175781,3357.75,9.300331115722656,1565.5999755859375,23.326032638549805,0.02,2.05
2020-02-12,13.739999771118164,3379.449951171875,9.28376579284668,1567.4000244140625,23.595989227294922,0.04,2.06
2020-02-13,14.149999618530273,3373.93994140625,9.29205322265625,1575.0999755859375,23.469446182250977,0.02,2.05
2020-02-14,13.680000305175781,3380.159912109375,9.300331115722656,1582.699951171875,23.444141387939453,0.01,2.04
2020-02-18,14.829999923706055,3370.2900390625,9.31689739227295,1600.0,23.31759262084961,-0.03,2.05
2020-02-19,14.380000114440918,3386.14990234375,9.31689739227295,1607.5,23.520061492919922,-0.02,2.05
2020-02-20,15.5600004196167,3373.22998046875,9.333453178405762,1616.5999755859375,23.283851623535156,-0.06,2.05
2020-02-21,17.079999923706055,3337.75,9.358301162719727,1644.5999755859375,23.123563766479492,-0.1,2.09
2020-02-24,25.030000686645508,3225.889892578125,9.391426086425781,1672.4000244140625,22.4149227142334,-0.15,2.13
2020-02-25,27.850000381469727,3128.2099609375,9.407992362976074,1646.9000244140625,22.20401954650879,-0.2,2.19
2020-02-26,27.559999465942383,3116.389892578125,9.391426086425781,1640.0,22.23776626586914,-0.2,2.2
2020-02-27,39.15999984741211,2978.760009765625,9.416277885437012,1640.0,21.815954208374023,-0.15,2.27
2020-02-28,40.11000061035156,2954.219970703125,9.484320640563965,1564.0999755859375,21.706283569335938,-0.14,2.38
2020-03-02,33.41999816894531,3090.22998046875,9.467723846435547,1592.300048828125,22.08591079711914,-0.03,2.44
2020-03-03,36.81999969482422,3003.3701171875,9.542401313781738,1642.0999755859375,21.815954208374023,0.07,2.48
2020-03-04,31.989999771118164,3130.1201171875,9.525809288024902,1641.0999755859375,22.322124481201172,0.3,2.47
2020-03-05,39.619998931884766,3023.93994140625,9.57559585571289,1666.4000244140625,21.984682083129883,0.3,2.52
2020-03-06,41.939998626708984,2972.3701171875,9.650272369384766,1670.800048828125,21.562862396240234,0.29,2.55
2020-03-09,54.459999084472656,2746.56005859375,9.641973495483398,1674.5,19.985305786132812,0.21,2.93
2020-03-10,47.29999923706055,2882.22998046875,9.517507553100586,1659.0999755859375,20.761432647705078,0.32,2.93
2020-03-11,53.900001525878906,2741.3798828125,9.459424018859863,1641.4000244140625,20.061233520507812,0.4,2.99
2020-03-12,75.47000122070312,2480.639892578125,9.368147850036621,1589.300048828125,18.43305015563965,0.55,3.2
2020-03-13,57.83000183105469,2711.02001953125,9.318364143371582,1515.699951171875,19.327285766601562,0.66,3.3
2020-03-16,82.69000244140625,2386.1298828125,9.401337623596191,1485.9000244140625,17.361656188964844,0.49,3.38
2020-03-17,75.91000366210938,2529.18994140625,9.243680000305176,1524.9000244140625,17.910009384155273,0.83,3.49
2020-03-18,76.44999694824219,2398.10009765625,9.094320297241211,1477.300048828125,16.779558181762695,1.16,3.81
2020-03-19,72.0,2409.389892578125,9.019643783569336,1478.5999755859375,16.6867618560791,1.08,4.01
2020-03-20,66.04000091552734,2304.919921875,9.144111633300781,1484.0,16.872547149658203,0.87,4.23
2020-03-23,61.59000015258789,2237.39990234375,9.218788146972656,1567.0,16.332088470458984,0.74,4.31
2020-03-24,61.66999816894531,2447.330078125,9.218788146972656,1660.199951171875,17.353893280029297,0.83,4.19
2020-03-25,63.95000076293945,2475.56005859375,9.251980781555176,1632.300048828125,17.877470016479492,0.88,4.13
2020-03-26,61.0,2630.070068359375,9.310066223144531,1650.0999755859375,18.553043365478516,0.83,4.04
2020-03-27,65.54000091552734,2541.469970703125,9.39304256439209,1623.9000244140625,17.793018341064453,0.69,3.98
2020-03-30,57.08000183105469,2626.64990234375,9.401337623596191,1622.0,17.877470016479492,0.58,3.89
2020-03-31,53.540000915527344,2584.590087890625,9.428776741027832,1583.4000244140625,17.90279769897461,0.59,3.93
2020-04-01,57.060001373291016,2470.5,9.445406913757324,1578.199951171875,17.472116470336914,0.53,3.97
2020-04-02,50.90999984741211,2526.89990234375,9.453725814819336,1625.699951171875,17.89436149597168,0.54,3.92
2020-04-03,46.79999923706055,2488.64990234375,9.453725814819336,1633.699951171875,17.615678787231445,0.52,3.92
2020-04-06,45.2400016784668,2663.679931640625,9.445406913757324,1677.0,18.325035095214844,0.52,3.91
2020-04-07,46.70000076293945,2659.409912109375,9.445406913757324,1664.800048828125,18.544599533081055,0.61,3.79
2020-04-08,43.349998474121094,2749.97998046875,9.437090873718262,1665.4000244140625,18.73883056640625,0.55,3.75
2020-04-09,41.66999816894531,2789.820068359375,9.4952974319458,1736.199951171875,18.80638313293457,0.48,3.61
2020-04-13,41.16999816894531,2761.6298828125,9.511920928955078,1744.800048828125,18.797937393188477,0.5,3.41
2020-04-14,37.7599983215332,2846.06005859375,9.528550148010254,1756.699951171875,19.169506072998047,0.56,3.36
2020-04-15,40.84000015258789,2783.360107421875,9.578438758850098,1727.199951171875,18.865497589111328,0.49,3.33
2020-04-16,40.11000061035156,2799.550048828125,9.59506893157959,1720.4000244140625,18.899280548095703,0.47,3.28
2020-04-17,38.150001525878906,2874.56005859375,9.570125579833984,1689.199951171875,19.135726928710938,0.53,3.27
2020-04-20,43.83000183105469,2823.159912109375,9.578438758850098,1701.5999755859375,19.051280975341797,0.51,3.28
2020-04-21,45.40999984741211,2736.56005859375,9.586755752563477,1678.199951171875,18.56148910522461,0.47,3.29
2020-04-22,41.97999954223633,2799.31005859375,9.578438758850098,1728.699951171875,18.992172241210938,0.51,3.3
2020-04-23,41.380001068115234,2797.800048828125,9.586755752563477,1733.300048828125,18.933055877685547,0.5,3.26
2020-04-24,35.93000030517578,2836.739990234375,9.59506893157959,1723.5,18.831716537475586,0.48,3.25
2020-04-27,33.290000915527344,2878.47998046875,9.553497314453125,1711.9000244140625,19.093507766723633,0.55,3.24
2020-04-28,33.56999969482422,2863.389892578125,9.578438758850098,1710.5,19.177949905395508,0.51,3.25
2020-04-29,31.229999542236328,2939.510009765625,9.586755752563477,1703.4000244140625,19.709970474243164,0.53,3.24
2020-04-30,34.150001525878906,2912.429931640625,9.588420867919922,1684.199951171875,19.56641387939453,0.55,3.23
2020-05-01,37.189998626708984,2830.7099609375,9.596753120422363,1694.5,19.11883544921875,0.52,3.25
2020-05-04,35.970001220703125,2842.739990234375,9.588420867919922,1706.9000244140625,19.017498016357422,0.51,3.28
2020-05-05,33.61000061035156,2868.43994140625,9.580090522766113,1704.4000244140625,19.110389709472656,0.53,3.28
2020-05-06,34.119998931884766,2848.419921875,9.546767234802246,1684.199951171875,19.085060119628906,0.6,3.31
2020-05-07,31.440000534057617,2881.18994140625,9.580090522766113,1721.800048828125,19.16106414794922,0.52,3.34
2020-05-08,27.979999542236328,2929.800048828125,9.546767234802246,1709.9000244140625,19.490406036376953,0.57,3.37
2020-05-11,27.56999969482422,2930.18994140625,9.52177619934082,1695.300048828125,19.507295608520508,0.61,3.41
2020-05-12,33.040000915527344,2870.1201171875,9.538437843322754,1704.4000244140625,19.321516036987305,0.56,3.4
2020-05-13,35.279998779296875,2820.0,9.555099487304688,1713.9000244140625,19.287734985351562,0.51,3.43
2020-05-14,32.61000061035156,2852.5,9.571763038635254,1738.0999755859375,19.37218475341797,0.51,3.41
2020-05-15,31.889999389648438,2863.699951171875,9.571763038635254,1753.4000244140625,19.245513916015625,0.52,3.41
2020-05-18,29.299999237060547,2953.909912109375,9.546767234802246,1731.800048828125,19.667747497558594,0.6,3.38
2020-05-19,30.530000686645508,2922.93994140625,9.571763038635254,1744.199951171875,19.65085792541504,0.57,3.3
2020-05-20,27.989999771118164,2971.610107421875,9.588420867919922,1750.5999755859375,19.912643432617188,0.56,3.24
2020-05-21,29.530000686645508,2948.510009765625,9.596753120422363,1720.5,19.80286407470703,0.56,3.18
2020-05-22,28.15999984741211,2955.449951171875,9.605081558227539,1734.5999755859375,19.363733291625977,0.54,3.18
2020-05-26,28.010000228881836,2991.77001953125,9.596753120422363,1704.800048828125,19.718412399291992,0.55,3.14
2020-05-27,27.6200008392334,3036.1298828125,9.596753120422363,1710.300048828125,19.853530883789062,0.53,3.11
2020-05-28,28.59000015258789,3029.72998046875,9.596753120422363,1713.300048828125,19.72686004638672,0.55,3.1
2020-05-29,27.510000228881836,3044.31005859375,9.640151977539062,1736.9000244140625,20.02242660522461,0.51,3.08
2020-06-01,28.229999542236328,3055.72998046875,9.640151977539062,1737.800048828125,20.385543823242188,0.52,3.1
2020-06-02,26.84000015258789,3080.820068359375,9.640151977539062,1725.199951171875,20.782447814941406,0.53,3.08
2020-06-03,25.65999984741211,3122.8701171875,9.615110397338867,1697.800048828125,21.145572662353516,0.61,3.02
2020-06-04,25.809999465942383,3112.35009765625,9.59842300415039,1718.9000244140625,21.086454391479492,0.67,2.99
2020-06-05,24.520000457763672,3193.929931640625,9.590076446533203,1676.199951171875,21.500246047973633,0.76,2.86
2020-06-08,25.809999465942383,3232.389892578125,9.606765747070312,1698.300048828125,21.65225601196289,0.71,2.81
2020-06-09,27.56999969482422,3207.179931640625,9.631805419921875,1714.699951171875,21.559362411499023,0.65,2.8
2020-06-10,27.56999969482422,3190.139892578125,9.665191650390625,1713.300048828125,21.626922607421875,0.58,2.86
2020-06-11,40.790000915527344,3002.10009765625,9.673540115356445,1732.0,20.782447814941406,0.49,2.91
2020-06-12,36.09000015258789,3041.31005859375,9.656846046447754,1729.300048828125,21.09490203857422,0.55,2.91
2020-06-15,34.400001525878906,3066.590087890625,9.6484956741333,1720.300048828125,21.027347564697266,0.53,2.93
2020-06-16,33.66999816894531,3124.739990234375,9.656846046447754,1729.5999755859375,21.196239471435547,0.58,2.89
2020-06-17,33.470001220703125,3113.489990234375,9.656846046447754,1729.199951171875,21.272245407104492,0.57,2.87
2020-06-18,32.939998626708984,3115.340087890625,9.673540115356445,1724.800048828125,21.331357955932617,0.55,2.86
2020-06-19,35.119998931884766,3097.739990234375,9.681886672973633,1745.9000244140625,21.378822326660156,0.55,2.87
2020-06-22,31.770000457763672,3117.860107421875,9.673540115356445,1756.699951171875,21.539888381958008,0.55,2.86
2020-06-23,31.3700008392334,3131.2900390625,9.665191650390625,1772.0999755859375,21.76028060913086,0.56,2.87
2020-06-24,33.84000015258789,3050.330078125,9.673540115356445,1765.800048828125,21.463594436645508,0.54,2.89
2020-06-25,32.220001220703125,3083.760009765625,9.673540115356445,1762.0999755859375,21.55684471130371,0.52,2.92
2020-06-26,34.72999954223633,3009.050048828125,9.69858169555664,1772.5,21.26862144470215,0.5,2.92
2020-06-29,31.780000686645508,3053.239990234375,9.690232276916504,1774.800048828125,21.412734985351562,0.5,2.94
2020-06-30,30.43000030517578,3100.2900390625,9.70778751373291,1793.0,21.455114364624023,0.5,2.93
2020-07-01,28.6200008392334,3115.860107421875,9.70778751373291,1773.199951171875,21.633132934570312,0.55,2.89
2020-07-02,27.68000030517578,3130.010009765625,9.724515914916992,1784.0,22.048500061035156,0.54,2.87
2020-07-06,27.940000534057617,3179.719970703125,9.716154098510742,1788.5,22.904674530029297,0.54,2.83
2020-07-07,29.43000030517578,3145.320068359375,9.749597549438477,1804.199951171875,22.65884017944336,0.5,2.81
2020-07-08,28.079999923706055,3169.93994140625,9.741233825683594,1815.5,23.24374771118164,0.52,2.77
2020-07-09,29.260000228881836,3152.050048828125,9.766324043273926,1799.199951171875,23.345476150512695,0.49,2.73
2020-07-10,27.290000915527344,3185.0400390625,9.749597549438477,1798.199951171875,23.235271453857422,0.52,2.74
2020-07-13,32.189998626708984,3155.219970703125,9.757959365844727,1811.0,23.040300369262695,0.5,2.74
2020-07-14,29.520000457763672,3197.52001953125,9.757959365844727,1810.5999755859375,23.031824111938477,0.48,2.71
2020-07-15,27.760000228881836,3226.56005859375,9.757959365844727,1811.4000244140625,23.031824111938477,0.48,2.71
2020-07-16,28.0,3215.570068359375,9.77468490600586,1798.699951171875,22.66731834411621,0.51,2.69
2020-07-17,25.68000030517578,3224.72998046875,9.77468490600586,1808.300048828125,22.819902420043945,0.53,2.68
2020-07-20,24.459999084472656,3251.840087890625,9.78304386138916,1815.9000244140625,23.150501251220703,0.49,2.66
2020-07-21,24.84000015258789,3257.300048828125,9.79140567779541,1842.4000244140625,23.362424850463867,0.48,2.63
2020-07-22,24.31999969482422,3276.02001953125,9.808128356933594,1864.0999755859375,23.30308723449707,0.47,2.61
2020-07-23,26.079999923706055,3235.659912109375,9.824851989746094,1889.0999755859375,23.14202308654785,0.47,2.58
2020-07-24,25.84000015258789,3215.6298828125,9.816489219665527,1897.300048828125,22.972488403320312,0.48,2.58
2020-07-27,24.739999771118164,3239.409912109375,9.808128356933594,1931.0,23.269184112548828,0.51,2.56
2020-07-28,25.440000534057617,3218.43994140625,9.824851989746094,1944.699951171875,23.184412002563477,0.48,2.57
2020-07-29,24.100000381469727,3258.43994140625,9.824851989746094,1953.5,23.51500701904297,0.47,2.61
2020-07-30,24.760000228881836,3246.219970703125,9.833218574523926,1942.300048828125,23.328519821166992,0.46,2.6
2020-07-31,24.459999084472656,3271.1201171875,9.858343124389648,1962.800048828125,23.252227783203125,0.46,2.6
2020-08-03,24.280000686645508,3294.610107421875,9.858343124389648,1966.0,23.320043563842773,0.46,2.63
2020-08-04,23.760000228881836,3306.510009765625,9.87509536743164,2001.199951171875,23.548919677734375,0.43,2.62
2020-08-05,22.989999771118164,3327.77001953125,9.858343124389648,2031.0999755859375,23.760847091674805,0.45,2.59
2020-08-06,22.649999618530273,3349.159912109375,9.87509536743164,2051.5,23.837133407592773,0.45,2.57
2020-08-07,22.209999084472656,3351.280029296875,9.866714477539062,2010.0999755859375,23.387859344482422,0.47,2.57
2020-08-10,22.1299991607666,3360.469970703125,9.849966049194336,2024.4000244140625,23.286136627197266,0.48,2.56
2020-08-11,24.030000686645508,3333.68994140625,9.824838638305664,1932.5999755859375,23.252227783203125,0.53,2.59
2020-08-12,22.280000686645508,3380.35009765625,9.799713134765625,1934.9000244140625,23.472627639770508,0.58,2.55
2020-08-13,22.1299991607666,3373.429931640625,9.774581909179688,1956.699951171875,23.404808044433594,0.61,2.59
2020-08-14,22.049999237060547,3372.85009765625,9.766204833984375,1937.0,23.404808044433594,0.61,2.61
2020-08-17,21.350000381469727,3381.989990234375,9.766204833984375,1985.0,23.625211715698242,0.59,2.64
2020-08-18,21.510000228881836,3389.780029296875,9.774581909179688,1999.4000244140625,23.777793884277344,0.58,2.64
2020-08-19,22.540000915527344,3374.85009765625,9.766204833984375,1958.699951171875,23.57434844970703,0.57,2.65
2020-08-20,22.719999313354492,3385.510009765625,9.782962799072266,1933.800048828125,23.41328239440918,0.54,2.65
2020-08-21,22.540000915527344,3397.159912109375,9.791335105895996,1934.5999755859375,23.608257293701172,0.54,2.64
2020-08-24,22.3700008392334,3431.280029296875,9.782962799072266,1927.699951171875,23.871042251586914,0.53,2.63
2020-08-25,22.030000686645508,3443.6201171875,9.766204833984375,1911.800048828125,24.032102584838867,0.58,2.63
2020-08-26,23.270000457763672,3478.72998046875,9.757834434509277,1940.699951171875,24.108396530151367,0.58,2.66
2020-08-27,24.469999313354492,3484.550048828125,9.72432804107666,1921.5999755859375,24.02362632751465,0.63,2.71
2020-08-28,22.959999084472656,3508.010009765625,9.72432804107666,1964.5999755859375,24.218595504760742,0.64,2.71
2020-08-31,26.40999984741211,3500.31005859375,9.757892608642578,1967.5999755859375,23.777793884277344,0.61,2.67
2020-09-01,26.1200008392334,3526.64990234375,9.791449546813965,1968.199951171875,24.218595504760742,0.56,2.67
2020-09-02,26.56999969482422,3580.840087890625,9.808231353759766,1934.4000244140625,24.235553741455078,0.54,2.64
2020-09-03,33.599998474121094,3455.06005859375,9.816629409790039,1927.5999755859375,23.7269344329834,0.52,2.64
2020-09-04,30.75,3426.9599609375,9.77466869354248,1923.9000244140625,23.71845817565918,0.61,2.68
2020-09-08,31.459999084472656,3331.840087890625,9.783059120178223,1933.0,23.269184112548828,0.56,2.67
2020-09-09,28.809999465942383,3398.9599609375,9.766280174255371,1944.699951171875,23.51500701904297,0.59,2.69
2020-09-10,29.709999084472656,3339.18994140625,9.77466869354248,1954.199951171875,23.201374053955078,0.56,2.69
2020-09-11,26.8700008392334,3340.969970703125,9.783059120178223,1937.800048828125,23.387859344482422,0.56,2.69
2020-09-14,25.850000381469727,3383.5400390625,9.783059120178223,1953.0999755859375,23.760847091674805,0.57,2.66
2020-09-15,25.59000015258789,3401.199951171875,9.77466869354248,1956.300048828125,23.96429443359375,0.57,2.68
2020-09-16,26.040000915527344,3385.489990234375,9.77466869354248,1960.199951171875,23.94733428955078,0.57,2.67
2020-09-17,26.459999084472656,3357.010009765625,9.783059120178223,1940.0,23.845609664916992,0.6,2.65
2020-09-18,25.829999923706055,3319.469970703125,9.77466869354248,1952.0999755859375,23.74894142150879,0.6,2.66
2020-09-21,27.780000686645508,3281.06005859375,9.77466869354248,1901.199951171875,23.44951057434082,0.58,2.66
2020-09-22,26.860000610351562,3315.570068359375,9.77466869354248,1898.5999755859375,23.372514724731445,0.58,2.66
2020-09-23,28.579999923706055,3236.919921875,9.77466869354248,1859.9000244140625,23.00464630126953,0.57,2.68
2020-09-24,28.510000228881836,3246.590087890625,9.766280174255371,1868.300048828125,22.867765426635742,0.57,2.7
2020-09-25,26.3799991607666,3298.4599609375,9.766280174255371,1857.699951171875,22.919095993041992,0.56,2.74
2020-09-28,26.190000534057617,3351.60009765625,9.757892608642578,1872.800048828125,23.09020233154297,0.56,2.76
2020-09-29,26.270000457763672,3335.469970703125,9.766280174255371,1894.300048828125,22.996089935302734,0.57,2.74
2020-09-30,26.3700008392334,3363.0,9.765439987182617,1887.5,23.38106918334961,0.59,2.75
2020-10-01,26.700000762939453,3380.800048828125,9.773845672607422,1908.4000244140625,23.535062789916992,0.59,2.75
2020-10-02,27.6299991607666,3348.419921875,9.765439987182617,1900.199951171875,23.33829116821289,0.61,2.76
2020-10-05,27.959999084472656,3408.60009765625,9.723420143127441,1912.5,23.586397171020508,0.68,2.74
2020-10-06,29.479999542236328,3360.969970703125,9.740225791931152,1901.0999755859375,23.620609283447266,0.66,2.7
2020-10-07,28.059999465942383,3419.43994140625,9.723420143127441,1883.5999755859375,23.885820388793945,0.71,2.69
2020-10-08,26.360000610351562,3446.830078125,9.731820106506348,1888.5999755859375,24.082590103149414,0.69,2.68
2020-10-09,25.0,3477.139892578125,9.731820106506348,1919.5,24.25368881225586,0.69,2.67
2020-10-12,25.06999969482422,3534.219970703125,9.740225791931152,1922.5,24.57878303527832,0.69,2.67
2020-10-13,26.06999969482422,3511.929931640625,9.757036209106445,1888.5,24.476123809814453,0.63,2.65
2020-10-14,26.399999618530273,3488.669921875,9.765439987182617,1901.300048828125,24.347795486450195,0.61,2.64
2020-10-15,26.969999313354492,3483.340087890625,9.757036209106445,1903.199951171875,24.159584045410156,0.63,2.65
2020-10-16,27.40999984741211,3483.81005859375,9.757036209106445,1900.800048828125,24.245132446289062,0.65,2.64
2020-10-19,29.18000030517578,3426.919921875,9.740225791931152,1906.4000244140625,24.142471313476562,0.67,2.61
2020-10-20,29.350000381469727,3443.1201171875,9.723420143127441,1910.4000244140625,24.424795150756836,0.71,2.64
2020-10-21,28.649999618530273,3435.56005859375,9.715015411376953,1924.5999755859375,24.433347702026367,0.73,2.63
2020-10-22,28.110000610351562,3453.489990234375,9.69820499420166,1901.0999755859375,24.484678268432617,0.78,2.61
2020-10-23,27.549999237060547,3465.389892578125,9.706608772277832,1902.0,24.510347366333008,0.75,2.6
2020-10-26,32.459999084472656,3400.969970703125,9.723420143127441,1902.699951171875,24.2280216217041,0.7,2.6
2020-10-27,33.349998474121094,3390.679931640625,9.740225791931152,1908.800048828125,24.35634994506836,0.69,2.6
2020-10-28,40.279998779296875,3271.030029296875,9.740225791931152,1876.199951171875,23.885820388793945,0.69,2.62
2020-10-29,37.59000015258789,3310.110107421875,9.715015411376953,1865.5999755859375,24.11680793762207,0.76,2.61
2020-10-30,38.02000045776367,3269.9599609375,9.705754280090332,1877.4000244140625,23.834489822387695,0.79,2.61
2020-11-02,37.130001068115234,3310.239990234375,9.722588539123535,1890.4000244140625,24.04836654663086,0.78,2.6
2020-11-03,35.54999923706055,3369.159912109375,9.714174270629883,1908.5,24.11680793762207,0.8,2.58
2020-11-04,29.56999969482422,3443.43994140625,9.77309513092041,1894.5999755859375,24.61300277709961,0.68,2.58
2020-11-05,27.579999923706055,3510.449951171875,9.789933204650879,1945.300048828125,25.13486671447754,0.69,2.52
2020-11-06,24.860000610351562,3509.43994140625,9.764678001403809,1950.300048828125,25.323076248168945,0.73,2.51
2020-11-09,25.75,3550.5,9.731011390686035,1853.199951171875,25.502731323242188,0.85,2.47
2020-11-10,24.799999237060547,3545.530029296875,9.705754280090332,1875.4000244140625,25.237524032592773,0.88,2.44
2020-11-11,23.450000762939453,3572.659912109375,9.714174270629883,1860.699951171875,25.33163070678711,0.88,2.44
2020-11-12,25.350000381469727,3537.010009765625,9.747842788696289,1872.5999755859375,25.211862564086914,0.78,2.45
2020-11-13,23.100000381469727,3585.14990234375,9.747842788696289,1885.699951171875,25.51984405517578,0.8,2.44
2020-11-16,22.450000762939453,3626.909912109375,9.739426612854004,1887.300048828125,25.742279052734375,0.82,2.42
2020-11-17,22.709999084472656,3609.530029296875,9.764678001403809,1884.5,25.690950393676758,0.78,2.42
2020-11-18,23.84000015258789,3567.7900390625,9.77309513092041,1873.5,25.708057403564453,0.79,2.39
2020-11-19,23.110000610351562,3581.8701171875,9.781516075134277,1861.0999755859375,25.75938606262207,0.79,2.35
2020-11-20,23.700000762939453,3557.5400390625,9.79835033416748,1872.5999755859375,25.887710571289062,0.76,2.35
2020-11-23,22.65999984741211,3577.590087890625,9.789933204650879,1837.800048828125,26.058818817138672,0.78,2.33
2020-11-24,21.639999389648438,3635.409912109375,9.781516075134277,1804.800048828125,26.255578994750977,0.79,2.31
2020-11-25,21.25,3629.64990234375,9.77309513092041,1805.699951171875,26.058818817138672,0.79,2.32
2020-11-27,20.84000015258789,3638.35009765625,9.79835033416748,1781.9000244140625,26.34113121032715,0.75,2.32
2020-11-30,20.56999969482422,3621.6298828125,9.813528060913086,1775.699951171875,25.793601989746094,0.76,2.29
2020-12-01,20.770000457763672,3662.449951171875,9.788233757019043,1814.0999755859375,26.247026443481445,0.83,2.28
2020-12-02,21.170000076293945,3669.010009765625,9.779802322387695,1825.699951171875,26.255578994750977,0.86,2.24
2020-12-03,21.280000686645508,3666.719970703125,9.79666519165039,1836.800048828125,26.401020050048828,0.84,2.23
2020-12-04,20.790000915527344,3699.1201171875,9.762940406799316,1835.9000244140625,26.64055633544922,0.88,2.23
2020-12-07,21.299999237060547,3691.9599609375,9.788233757019043,1861.800048828125,26.623451232910156,0.86,2.22
2020-12-08,20.68000030517578,3702.25,9.788233757019043,1870.800048828125,26.726112365722656,0.83,2.22
2020-12-09,22.270000457763672,3672.820068359375,9.771370887756348,1834.5999755859375,26.52079200744629,0.87,2.24
2020-12-10,22.520000457763672,3668.10009765625,9.788233757019043,1833.5999755859375,26.700448989868164,0.84,2.22
2020-12-11,23.309999465942383,3663.4599609375,9.805095672607422,1839.800048828125,26.64911460876465,0.82,2.23
2020-12-14,24.719999313354492,3647.489990234375,9.79666519165039,1828.699951171875,26.49512481689453,0.81,2.24
2020-12-15,22.889999389648438,3694.6201171875,9.79666519165039,1852.300048828125,26.67478370666504,0.84,2.26
2020-12-16,22.5,3701.169921875,9.788233757019043,1856.0999755859375,26.88865852355957,0.83,2.25
2020-12-17,21.93000030517578,3722.47998046875,9.788233757019043,1887.199951171875,27.085426330566406,0.86,2.23
2020-12-18,21.56999969482422,3709.409912109375,9.788233757019043,1885.699951171875,27.020048141479492,0.87,2.24
2020-12-21,25.15999984741211,3694.919921875,9.788233757019043,1879.199951171875,26.761978149414062,0.86,2.23
2020-12-22,24.229999542236328,3687.260009765625,9.804279327392578,1866.5999755859375,26.581323623657227,0.84,2.22
2020-12-23,23.309999465942383,3690.010009765625,9.78738784790039,1874.699951171875,26.796384811401367,0.87,2.24
2020-12-24,21.530000686645508,3703.06005859375,9.7958345413208,1879.9000244140625,26.581323623657227,0.85,2.23
2020-12-28,21.700000762939453,3735.360107421875,9.7958345413208,1877.199951171875,26.615741729736328,0.83,2.22
2020-12-29,23.079999923706055,3727.0400390625,9.7958345413208,1879.699951171875,26.856603622436523,0.84,2.22
2020-12-30,22.770000457763672,3732.0400390625,9.804279327392578,1891.0,27.243711471557617,0.85,2.2
2020-12-31,22.75,3756.070068359375,9.828808784484863,1893.0999755859375,27.312528610229492,0.84,2.18
2021-01-04,26.969999313354492,3700.64990234375,9.828808784484863,1944.699951171875,27.407154083251953,0.84,2.19
2021-01-05,25.34000015258789,3726.860107421875,9.811890602111816,1952.699951171875,27.974910736083984,0.87,2.23
2021-01-06,25.06999969482422,3748.139892578125,9.761139869689941,1906.9000244140625,27.777055740356445,0.95,2.27
2021-01-07,22.3700008392334,3803.7900390625,9.735764503479004,1912.300048828125,27.974910736083984,0.99,2.23
2021-01-08,21.559999465942383,3824.679931640625,9.72730827331543,1834.0999755859375,28.448041915893555,1.05,2.19
2021-01-11,24.079999923706055,3799.610107421875,9.710390090942383,1849.5999755859375,28.275997161865234,1.07,2.15
2021-01-12,23.329999923706055,3801.18994140625,9.710390090942383,1842.9000244140625,28.49965476989746,1.06,2.16
2021-01-13,22.209999084472656,3809.840087890625,9.744222640991211,1853.5999755859375,28.611488342285156,1.01,2.13
2021-01-14,23.25,3795.5400390625,9.72730827331543,1850.300048828125,28.85235023498535,1.06,2.12
2021-01-15,24.34000015258789,3768.25,9.744222640991211,1829.300048828125,28.5684757232666,1.02,2.13
2021-01-19,23.239999771118164,3798.909912109375,9.752681732177734,1839.5,29.205049514770508,1.01,2.11
2021-01-20,21.579999923706055,3851.85009765625,9.752681732177734,1865.9000244140625,29.60936164855957,1.02,2.11
2021-01-21,21.31999969482422,3853.070068359375,9.735764503479004,1865.300048828125,29.5577449798584,1.03,2.12
2021-01-22,21.90999984741211,3841.469970703125,9.735764503479004,1855.699951171875,29.351289749145508,1.02,2.14
2021-01-25,23.190000534057617,3855.360107421875,9.761139869689941,1854.9000244140625,29.56635093688965,0.96,2.15
2021-01-26,23.020000457763672,3849.6201171875,9.761139869689941,1850.699951171875,29.27387046813965,0.98,2.16
2021-01-27,37.209999084472656,3750.77001953125,9.761139869689941,1844.9000244140625,28.65450096130371,0.96,2.16
2021-01-28,30.209999084472656,3787.3798828125,9.752681732177734,1837.9000244140625,28.706111907958984,1.0,2.17
2021-01-29,33.09000015258789,3714.239990234375,9.750988960266113,1847.300048828125,28.112550735473633,1.05,2.17
2021-02-01,30.239999771118164,3773.860107421875,9.75946044921875,1860.800048828125,28.895368576049805,1.02,2.19
2021-02-02,25.559999465942383,3826.31005859375,9.742517471313477,1830.5,29.25666618347168,1.05,2.18
2021-02-03,22.90999984741211,3830.169921875,9.725570678710938,1832.199951171875,29.342693328857422,1.11,2.17
2021-02-04,21.770000457763672,3871.739990234375,9.725570678710938,1788.9000244140625,29.4287052154541,1.11,2.19
2021-02-05,20.8700008392334,3886.830078125,9.70863151550293,1810.9000244140625,29.514738082885742,1.16,2.18
2021-02-08,21.239999771118164,3915.590087890625,9.70863151550293,1831.9000244140625,29.71259307861328,1.14,2.14
2021-02-09,21.6299991607666,3911.22998046875,9.717103958129883,1835.300048828125,29.996463775634766,1.14,2.15
2021-02-10,21.989999771118164,3909.8798828125,9.734046936035156,1840.5999755859375,30.15131378173828,1.1,2.16
2021-02-11,21.25,3916.3798828125,9.725570678710938,1824.9000244140625,30.41798973083496,1.11,2.18
2021-02-12,19.969999313354492,3934.830078125,9.691686630249023,1821.5999755859375,30.46959686279297,1.16,2.19
2021-02-16,21.459999084472656,3932.590087890625,9.649324417114258,1797.199951171875,30.581432342529297,1.26,2.15
2021-02-17,21.5,3931.330078125,9.66627025604248,1771.0999755859375,30.658849716186523,1.25,2.13
2021-02-18,22.489999771118164,3913.969970703125,9.66627025604248,1773.4000244140625,30.288944244384766,1.26,2.13
2021-02-19,22.049999237060547,3906.7099609375,9.632384300231934,1775.800048828125,30.392181396484375,1.3,2.14
2021-02-22,23.450000762939453,3876.5,9.606966972351074,1806.699951171875,29.669578552246094,1.34,2.16
2021-02-23,23.110000610351562,3881.3701171875,9.598494529724121,1804.4000244140625,29.746997833251953,1.33,2.2
2021-02-24,21.34000015258789,3925.429931640625,9.581551551818848,1796.4000244140625,29.53194236755371,1.35,2.22
2021-02-25,28.889999389648438,3829.340087890625,9.513777732849121,1774.4000244140625,29.050207138061523,1.5,2.12
2021-02-26,27.950000762939453,3811.14990234375,9.603711128234863,1728.0999755859375,28.57707405090332,1.4,2.12
2021-03-01,23.350000381469727,3901.820068359375,9.586740493774414,1722.5,29.2652645111084,1.4,2.13
2021-03-02,24.100000381469727,3870.2900390625,9.595223426818848,1733.0999755859375,28.989994049072266,1.38,2.15
2021-03-03,26.670000076293945,3819.719970703125,9.56977653503418,1715.300048828125,29.119028091430664,1.42,2.14
2021-03-04,28.56999969482422,3768.469970703125,9.535834312438965,1700.199951171875,28.413631439208984,1.5,2.13
2021-03-05,24.65999984741211,3841.93994140625,9.527352333068848,1698.0,28.680309295654297,1.52,2.13
2021-03-08,25.469999313354492,3821.35009765625,9.493417739868164,1677.699951171875,27.777055740356445,1.54,2.14
2021-03-09,24.030000686645508,3875.43994140625,9.51887035369873,1716.5999755859375,28.310407638549805,1.5,2.16
2021-03-10,22.559999465942383,3898.81005859375,9.527352333068848,1721.5,28.370620727539062,1.49,2.17
2021-03-11,21.90999984741211,3939.340087890625,9.527352333068848,1722.300048828125,29.170644760131836,1.5,2.18
2021-03-12,20.690000534057617,3943.340087890625,9.476451873779297,1719.5,28.72332000732422,1.6,2.19
2021-03-15,20.030000686645508,3968.93994140625,9.484933853149414,1728.9000244140625,28.697507858276367,1.58,2.18
2021-03-16,19.790000915527344,3962.7099609375,9.476451873779297,1730.5999755859375,28.766332626342773,1.6,2.19
2021-03-17,19.229999542236328,3974.1201171875,9.467965126037598,1726.800048828125,28.81794548034668,1.61,2.23
2021-03-18,21.579999923706055,3915.4599609375,9.434032440185547,1732.199951171875,28.491052627563477,1.7,2.17
2021-03-19,20.950000762939453,3913.10009765625,9.44251537322998,1741.4000244140625,28.592647552490234,1.73,2.1
2021-03-22,18.8799991607666,3940.590087890625,9.467965126037598,1737.800048828125,28.661523818969727,1.66,2.08
2021-03-23,20.299999237060547,3910.52001953125,9.493417739868164,1724.699951171875,28.21382713317871,1.62,2.11
2021-03-24,21.200000762939453,3889.139892578125,9.501901626586914,1732.9000244140625,27.550880432128906,1.6,2.1
2021-03-25,19.809999465942383,3909.52001953125,9.493417739868164,1724.9000244140625,27.550880432128906,1.61,2.11
2021-03-26,18.860000610351562,3974.5400390625,9.476451873779297,1732.199951171875,28.08467674255371,1.65,2.09
2021-03-29,20.739999771118164,3971.090087890625,9.45948314666748,1712.0999755859375,28.06745719909668,1.7,2.08
2021-03-30,19.610000610351562,3958.550048828125,9.45948314666748,1683.9000244140625,28.196605682373047,1.71,2.04
2021-03-31,19.399999618530273,3972.889892578125,9.47138786315918,1713.800048828125,28.282699584960938,1.71,2.03
2021-04-01,17.329999923706055,4019.8701171875,9.51389217376709,1726.5,28.64430809020996,1.67,1.98
2021-04-05,17.90999984741211,4077.909912109375,9.496891021728516,1727.0,28.695966720581055,1.7,1.93
2021-04-06,18.1200008392334,4073.93994140625,9.5224027633667,1741.5,28.807897567749023,1.65,1.95
2021-04-07,17.15999984741211,4079.949951171875,9.51389217376709,1740.0999755859375,28.39462661743164,1.66,1.96
2021-04-08,16.950000762939453,4097.169921875,9.530900001525879,1756.800048828125,28.687353134155273,1.63,1.98
2021-04-09,16.690000534057617,4128.7998046875,9.5224027633667,1743.300048828125,28.437673568725586,1.65,1.96
2021-04-12,16.90999984741211,4127.990234375,9.51389217376709,1731.199951171875,28.187997817993164,1.67,1.95
2021-04-13,16.649999618530273,4141.58984375,9.53940486907959,1746.199951171875,28.265483856201172,1.61,1.97
2021-04-14,16.989999771118164,4124.66015625,9.530900001525879,1734.9000244140625,28.351579666137695,1.62,1.98
2021-04-15,16.56999969482422,4170.419921875,9.573407173156738,1765.4000244140625,28.549596786499023,1.54,1.95
2021-04-16,16.25,4185.47021484375,9.54790210723877,1779.0,28.73040199279785,1.57,1.97
2021-04-19,17.290000915527344,4163.259765625,9.54790210723877,1769.4000244140625,28.627086639404297,1.59,1.99
2021-04-20,18.68000030517578,4134.93994140625,9.556406021118164,1777.300048828125,28.532377243041992,1.55,2.0
2021-04-21,17.5,4173.419921875,9.564908027648926,1792.300048828125,28.704578399658203,1.54,2.01
2021-04-22,18.709999084472656,4134.97998046875,9.573407173156738,1781.199951171875,28.635698318481445,1.54,1.99
2021-04-23,17.329999923706055,4180.169921875,9.564908027648926,1777.0,29.023128509521484,1.55,1.99
2021-04-26,17.639999389648438,4187.6201171875,9.564908027648926,1779.199951171875,29.057567596435547,1.55,1.98
2021-04-27,17.559999465942383,4186.72021484375,9.53940486907959,1778.0,29.100616455078125,1.62,1.97
2021-04-28,17.280000686645508,4183.18017578125,9.53940486907959,1773.199951171875,29.29863929748535,1.62,1.98
2021-04-29,17.610000610351562,4211.47021484375,9.53940486907959,1768.0999755859375,29.22976303100586,1.64,1.97
2021-04-30,18.610000610351562,4181.169921875,9.561537742614746,1767.300048828125,28.807897567749023,1.64,1.96
2021-05-03,18.309999465942383,4192.66015625,9.561537742614746,1791.4000244140625,28.77345085144043,1.59,1.96
2021-05-04,19.479999542236328,4164.66015625,9.57005500793457,1775.800048828125,28.497943878173828,1.59,1.97
2021-05-05,19.149999618530273,4167.58984375,9.578566551208496,1784.0999755859375,28.566816329956055,1.57,1.98
2021-05-06,18.389999389648438,4201.6201171875,9.58708381652832,1815.5,28.790674209594727,1.56,1.96
2021-05-07,16.690000534057617,4232.60009765625,9.58708381652832,1831.0999755859375,28.96286392211914,1.58,1.97
2021-05-10,19.65999984741211,4188.43017578125,9.561537742614746,1837.5,28.584035873413086,1.61,1.98
2021-05-11,21.84000015258789,4152.10009765625,9.54450798034668,1835.9000244140625,28.489330291748047,1.63,2.01
2021-05-12,27.59000015258789,4063.0400390625,9.510454177856445,1822.5999755859375,27.8952693939209,1.67,2.02
2021-05-13,23.1299991607666,4112.5,9.518969535827637,1823.800048828125,27.766122817993164,1.64,2.04
2021-05-14,18.809999465942383,4173.85009765625,9.54450798034668,1837.9000244140625,28.1707763671875,1.62,2.03
2021-05-17,19.719999313354492,4163.2900390625,9.53599739074707,1867.5,28.187997817993164,1.62,2.02
2021-05-18,21.34000015258789,4127.830078125,9.53599739074707,1867.800048828125,28.54099464416504,1.62,2.03
2021-05-19,22.18000030517578,4115.68017578125,9.518969535827637,1881.300048828125,28.437673568725586,1.67,2.02
2021-05-20,20.670000076293945,4159.1201171875,9.54450798034668,1881.800048828125,28.64430809020996,1.62,2.02
2021-05-21,20.149999618530273,4155.85986328125,9.54450798034668,1876.699951171875,28.429067611694336,1.62,2.01
2021-05-24,18.399999618530273,4197.0498046875,9.561537742614746,1884.5999755859375,28.584035873413086,1.59,2.0
2021-05-25,18.84000015258789,4188.1298828125,9.58708381652832,1898.0999755859375,28.833717346191406,1.54,2.01
2021-05-26,17.360000610351562,4195.990234375,9.578566551208496,1901.300048828125,29.040348052978516,1.56,1.98
2021-05-27,16.739999771118164,4200.8798828125,9.561537742614746,1895.699951171875,29.203933715820312,1.59,1.98
2021-05-28,16.760000228881836,4204.10986328125,9.584566116333008,1902.5,29.3072509765625,1.57,1.99
2021-06-01,17.899999618530273,4202.0400390625,9.576034545898438,1902.9000244140625,29.84965705871582,1.6,1.97
2021-06-02,17.479999542236328,4208.1201171875,9.584566116333008,1907.5,29.944366455078125,1.57,1.98
2021-06-03,18.040000915527344,4192.85009765625,9.567510604858398,1871.199951171875,29.668848037719727,1.61,1.96
2021-06-04,16.420000076293945,4229.89013671875,9.601616859436035,1889.800048828125,29.8927059173584,1.54,1.98
2021-06-07,16.420000076293945,4226.52001953125,9.59309196472168,1896.800048828125,29.78078269958496,1.55,1.98
2021-06-08,17.06999969482422,4227.259765625,9.61014461517334,1892.199951171875,29.677465438842773,1.51,1.98
2021-06-09,17.889999389648438,4219.5498046875,9.635725021362305,1893.199951171875,29.59998321533203,1.47,1.96
2021-06-10,16.100000381469727,4239.18017578125,9.652776718139648,1894.199951171875,29.84965705871582,1.42,2.0
2021-06-11,15.649999618530273,4247.43994140625,9.644253730773926,1877.4000244140625,29.798006057739258,1.44,1.97
2021-06-14,16.389999389648438,4255.14990234375,9.627198219299316,1864.0,29.918533325195312,1.48,1.96
2021-06-15,17.020000457763672,4246.58984375,9.618671417236328,1854.5,29.686077117919922,1.48,1.96
2021-06-16,18.149999618530273,4223.7001953125,9.59309196472168,1859.5,29.358901977539062,1.53,1.91
2021-06-17,17.75,4221.85986328125,9.627198219299316,1773.800048828125,29.488056182861328,1.48,1.84
2021-06-18,20.700000762939453,4166.4501953125,9.661304473876953,1767.9000244140625,29.212961196899414,1.4,1.85
2021-06-21,17.889999389648438,4224.7900390625,9.627198219299316,1781.800048828125,29.299467086791992,1.45,1.88
2021-06-22,16.65999984741211,4246.43994140625,9.635725021362305,1776.300048828125,29.204309463500977,1.44,1.9
2021-06-23,16.31999969482422,4241.83984375,9.627198219299316,1782.300048828125,29.36002540588379,1.45,1.89
2021-06-24,15.970000267028809,4266.490234375,9.627198219299316,1775.5999755859375,29.610889434814453,1.44,1.88
2021-06-25,15.619999885559082,4280.7001953125,9.61014461517334,1776.5999755859375,29.82715606689453,1.48,1.9
2021-06-28,15.760000228881836,4290.60986328125,9.635725021362305,1779.5999755859375,29.887712478637695,1.44,1.88
2021-06-29,16.020000457763672,4291.7998046875,9.644253730773926,1762.800048828125,29.82715606689453,1.45,1.87
2021-06-30,15.829999923706055,4297.5,9.658771514892578,1770.800048828125,29.723346710205078,1.4,1.87
2021-07-01,15.479999542236328,4319.93994140625,9.658771514892578,1775.9000244140625,29.550336837768555,1.43,1.86
2021-07-02,15.069999694824219,4352.33984375,9.67585277557373,1782.5999755859375,29.411928176879883,1.39,1.87
2021-07-06,16.440000534057617,4343.5400390625,9.710012435913086,1793.5,29.039953231811523,1.32,1.9
2021-07-07,16.200000762939453,4358.1298828125,9.727091789245605,1801.5,29.022647857666016,1.28,1.89
2021-07-08,19.0,4320.81982421875,9.744170188903809,1799.5999755859375,28.529571533203125,1.24,1.91
2021-07-09,16.18000030517578,4369.5498046875,9.701471328735352,1810.0,28.918842315673828,1.31,1.91
2021-07-12,16.170000076293945,4384.6298828125,9.701471328735352,1805.5,28.962095260620117,1.33,1.91
2021-07-13,17.1200008392334,4369.2099609375,9.67585277557373,1809.4000244140625,29.039953231811523,1.37,1.91
2021-07-14,16.329999923706055,4374.2998046875,9.701471328735352,1824.300048828125,29.117809295654297,1.31,1.91
2021-07-15,17.010000228881836,4360.02978515625,9.727091789245605,1828.4000244140625,29.152408599853516,1.26,1.92
2021-07-16,18.450000762939453,4327.16015625,9.718554496765137,1814.5,28.936153411865234,1.26,1.93
2021-07-19,22.5,4258.490234375,9.769795417785645,1808.699951171875,28.529571533203125,1.14,1.97
2021-07-20,19.729999542236328,4323.06005859375,9.761251449584961,1810.9000244140625,28.63337516784668,1.18,1.98
2021-07-21,17.90999984741211,4358.68994140625,9.727091789245605,1802.9000244140625,28.771785736083984,1.25,1.96
2021-07-22,17.690000534057617,4367.47998046875,9.752711296081543,1805.0,28.866941452026367,1.22,1.95
2021-07-23,17.200000762939453,4411.7900390625,9.735633850097656,1801.4000244140625,28.46902084350586,1.25,1.93
2021-07-26,17.579999923706055,4422.2998046875,9.727091789245605,1798.699951171875,27.854827880859375,1.24,1.94
2021-07-27,19.360000610351562,4401.4599609375,9.752711296081543,1799.5,27.275239944458008,1.2,1.95
2021-07-28,18.309999465942383,4400.64013671875,9.761251449584961,1799.5,27.880775451660156,1.21,1.96
2021-07-29,17.700000762939453,4419.14990234375,9.744170188903809,1831.199951171875,28.131643295288086,1.22,1.94
2021-07-30,18.239999771118164,4395.259765625,9.77581787109375,1812.5999755859375,27.854827880859375,1.18,1.95
2021-08-02,19.459999084472656,4387.16015625,9.801474571228027,1818.0999755859375,28.148941040039062,1.15,1.95
2021-08-03,18.040000915527344,4423.14990234375,9.801474571228027,1810.0999755859375,28.21814727783203,1.14,1.97
2021-08-04,17.969999313354492,4402.66015625,9.801474571228027,1810.5,28.321958541870117,1.14,1.96
2021-08-05,17.280000686645508,4429.10009765625,9.77581787109375,1805.0999755859375,28.261402130126953,1.18,1.95
2021-08-06,16.149999618530273,4436.52001953125,9.733055114746094,1760.0,28.05378532409668,1.25,1.94
2021-08-09,16.719999313354492,4432.35009765625,9.715949058532715,1723.4000244140625,28.183547973632812,1.27,1.95
2021-08-10,16.790000915527344,4436.75,9.69884204864502,1728.800048828125,28.24410057067871,1.31,1.95
2021-08-11,16.170000076293945,4442.41015625,9.69884204864502,1750.4000244140625,28.30465316772461,1.3,1.99
2021-08-12,15.59000015258789,4460.830078125,9.69884204864502,1749.0,28.166248321533203,1.3,1.99
2021-08-13,15.449999809265137,4468.0,9.733055114746094,1775.199951171875,28.045133590698242,1.23,1.98
2021-08-16,16.1200008392334,4479.7099609375,9.741604804992676,1786.9000244140625,27.80292320251465,1.2,1.97
2021-08-17,17.90999984741211,4448.080078125,9.741604804992676,1785.0,27.370391845703125,1.19,1.98
2021-08-18,21.56999969482422,4400.27001953125,9.741604804992676,1781.5999755859375,27.482851028442383,1.2,1.97
2021-08-19,21.670000076293945,4405.7998046875,9.750162124633789,1780.199951171875,27.015718460083008,1.18,1.98
2021-08-20,18.559999465942383,4441.669921875,9.750162124633789,1781.0,26.946516036987305,1.21,1.96
2021-08-23,17.149999618530273,4479.52978515625,9.750162124633789,1803.199951171875,27.318490982055664,1.2,1.97
2021-08-24,17.219999313354492,4486.22998046875,9.733055114746094,1805.5999755859375,27.915382385253906,1.24,1.95
2021-08-25,16.790000915527344,4496.18994140625,9.715949058532715,1788.199951171875,28.036487579345703,1.29,1.93
2021-08-26,18.84000015258789,4470.0,9.715949058532715,1792.199951171875,27.768320083618164,1.29,1.92
2021-08-27,16.389999389648438,4509.3701171875,9.741604804992676,1816.5999755859375,28.0278377532959,1.26,1.92
2021-08-30,16.190000534057617,4528.7900390625,9.750162124633789,1809.0,28.25275230407715,1.24,1.92
2021-08-31,16.479999542236328,4522.68017578125,9.756155014038086,1815.0,28.598773956298828,1.26,1.94
2021-09-01,16.110000610351562,4524.08984375,9.756155014038086,1813.0999755859375,28.823688507080078,1.26,1.92
2021-09-02,16.40999984741211,4536.9501953125,9.764720916748047,1808.699951171875,28.754484176635742,1.24,1.92
2021-09-03,16.40999984741211,4535.43017578125,9.747591018676758,1830.9000244140625,28.858287811279297,1.28,1.91
2021-09-07,18.139999389648438,4520.02978515625,9.721894264221191,1795.9000244140625,29.117809295654297,1.33,1.91
2021-09-08,17.959999084472656,4514.06982421875,9.73902416229248,1790.699951171875,28.737180709838867,1.3,1.91
2021-09-09,18.799999237060547,4493.27978515625,9.764720916748047,1797.4000244140625,28.737180709838867,1.26,1.9
2021-09-10,20.950000762939453,4458.580078125,9.747591018676758,1789.5999755859375,28.70257568359375,1.3,1.88
2021-09-13,19.3700008392334,4468.72998046875,9.756155014038086,1792.0,28.76313591003418,1.27,1.87
2021-09-14,19.459999084472656,4443.0498046875,9.781853675842285,1804.699951171875,28.477664947509766,1.24,1.87
2021-09-15,18.18000030517578,4480.7001953125,9.773283958435059,1792.4000244140625,28.477664947509766,1.27,1.85
2021-09-16,18.690000534057617,4473.75,9.756155014038086,1754.5999755859375,28.20949935913086,1.3,1.84
2021-09-17,20.809999465942383,4432.990234375,9.73902416229248,1749.4000244140625,28.087337493896484,1.33,1.83
2021-09-20,25.709999084472656,4357.72998046875,9.764720916748047,1761.800048828125,27.363121032714844,1.27,1.84
2021-09-21,24.360000610351562,4354.18994140625,9.764720916748047,1776.0,27.581262588500977,1.3,1.83
2021-09-22,20.8700008392334,4395.64013671875,9.773283958435059,1776.699951171875,27.851755142211914,1.29,1.83
2021-09-23,18.6299991607666,4448.97998046875,9.713327407836914,1747.699951171875,28.122243881225586,1.38,1.81
2021-09-24,17.75,4455.47998046875,9.696197509765625,1749.699951171875,27.84302520751953,1.44,1.8
2021-09-27,18.760000228881836,4443.10986328125,9.679068565368652,1750.0,27.93028450012207,1.44,1.78
2021-09-28,23.25,4352.6298828125,9.64480209350586,1735.800048828125,27.598712921142578,1.5,1.8
2021-09-29,22.559999465942383,4359.4599609375,9.653365135192871,1721.5,27.485280990600586,1.51,1.81
2021-09-30,23.139999389648438,4307.5400390625,9.667092323303223,1755.300048828125,27.633617401123047,1.48,1.85
2021-10-01,21.100000381469727,4357.0400390625,9.69282341003418,1757.0,27.64234161376953,1.44,1.85
2021-10-04,22.959999084472656,4300.4599609375,9.684247970581055,1766.199951171875,27.28459930419922,1.45,1.85
2021-10-05,21.299999237060547,4345.72021484375,9.658514976501465,1759.5999755859375,27.537635803222656,1.5,1.84
2021-10-06,21.0,4363.5498046875,9.658514976501465,1760.5,27.41547966003418,1.49,1.84
2021-10-07,19.540000915527344,4399.759765625,9.632782936096191,1757.9000244140625,27.93900489807129,1.53,1.85
2021-10-08,18.770000457763672,4391.33984375,9.607048988342285,1756.300048828125,28.00008773803711,1.56,1.84
2021-10-11,20.0,4361.18994140625,9.598469734191895,1754.5999755859375,27.94773292541504,1.56,1.84
2021-10-12,19.850000381469727,4350.64990234375,9.632782936096191,1758.300048828125,27.8604793548584,1.53,1.82
2021-10-13,18.639999389648438,4363.7998046875,9.649938583374023,1793.699951171875,28.122243881225586,1.51,1.79
2021-10-14,16.860000610351562,4438.259765625,9.667092323303223,1796.699951171875,28.261852264404297,1.47,1.81
2021-10-15,16.299999237060547,4471.3701171875,9.641358375549316,1767.199951171875,28.532344818115234,1.54,1.76
2021-10-18,16.309999465942383,4486.4599609375,9.641358375549316,1764.800048828125,28.549793243408203,1.53,1.72
2021-10-19,15.699999809265137,4519.6298828125,9.61562728881836,1769.699951171875,28.794109344482422,1.6,1.72
2021-10-20,15.489999771118164,4536.18994140625,9.598469734191895,1784.0999755859375,28.811559677124023,1.6,1.75
2021-10-21,15.010000228881836,4549.77978515625,9.581315994262695,1781.199951171875,28.62832260131836,1.62,1.74
2021-10-22,15.430000305175781,4544.89990234375,9.598469734191895,1795.5,28.541065216064453,1.6,1.72
2021-10-25,15.239999771118164,4566.47998046875,9.607048988342285,1806.0,28.663223266601562,1.58,1.73
2021-10-26,15.979999542236328,4574.7900390625,9.6242036819458,1792.699951171875,28.479982376098633,1.57,1.71
2021-10-27,16.979999542236328,4551.68017578125,9.667092323303223,1797.9000244140625,28.296751022338867,1.48,1.69
2021-10-28,16.530000686645508,4596.419921875,9.641358375549316,1801.5999755859375,28.21822738647461,1.51,1.69
2021-10-29,16.260000228881836,4605.3798828125,9.66455364227295,1783.0,27.93900489807129,1.5,1.69
2021-11-01,16.40999984741211,4613.669921875,9.655962944030762,1795.0999755859375,28.165868759155273,1.53,1.69
2021-11-02,16.030000686645508,4630.64990234375,9.673144340515137,1788.699951171875,27.88665199279785,1.51,1.71
2021-11-03,15.100000381469727,4660.56982421875,9.647372245788574,1763.5999755859375,28.113521575927734,1.55,1.7
2021-11-04,15.4399995803833,4680.06005859375,9.68173599243164,1793.0,28.087337493896484,1.49,1.73
2021-11-05,16.479999542236328,4697.52978515625,9.724689483642578,1816.4000244140625,28.026264190673828,1.4,1.73
2021-11-08,17.219999313354492,4701.7001953125,9.698917388916016,1827.4000244140625,28.28802490234375,1.45,1.67
2021-11-09,17.780000686645508,4685.25,9.733278274536133,1830.199951171875,28.2793025970459,1.42,1.67
2021-11-10,18.729999542236328,4646.7099609375,9.66455364227295,1847.5999755859375,28.253129959106445,1.51,1.66
2021-11-11,17.65999984741211,4649.27001953125,9.647372245788574,1863.199951171875,28.59342384338379,1.51,1.66
2021-11-12,16.290000915527344,4682.85009765625,9.647372245788574,1867.9000244140625,28.671947479248047,1.53,1.69
2021-11-15,16.489999771118164,4682.7998046875,9.61301326751709,1866.0999755859375,28.59342384338379,1.58,1.7
2021-11-16,16.3700008392334,4700.89990234375,9.604419708251953,1853.5999755859375,28.68067741394043,1.58,1.72
2021-11-17,17.110000610351562,4688.669921875,9.621600151062012,1869.699951171875,28.541065216064453,1.55,1.74
2021-11-18,17.59000015258789,4704.5400390625,9.630191802978516,1861.0,28.22694969177246,1.54,1.73
2021-11-19,17.90999984741211,4697.9599609375,9.655962944030762,1851.199951171875,28.19205093383789,1.49,1.73
2021-11-22,19.170000076293945,4682.93994140625,9.604419708251953,1806.0,27.877931594848633,1.58,1.71
2021-11-23,19.3799991607666,4690.7001953125,9.5614652633667,1783.5,27.912832260131836,1.61,1.73
2021-11-24,18.579999923706055,4701.4599609375,9.587239265441895,1784.0999755859375,27.904104232788086,1.58,1.72
2021-11-26,28.6200008392334,4594.6201171875,9.66455364227295,1785.300048828125,27.13626480102539,1.42,1.82
2021-11-29,22.959999084472656,4655.27001953125,9.647372245788574,1782.300048828125,27.18861961364746,1.46,1.81
2021-11-30,27.190000534057617,4567.0,9.696414947509766,1773.5999755859375,27.040285110473633,1.38,1.81
2021-12-01,31.1200008392334,4513.0400390625,9.705018997192383,1781.5999755859375,27.066463470458984,1.37,1.81
2021-12-02,27.950000762939453,4577.10009765625,9.687809944152832,1760.699951171875,27.432933807373047,1.39,1.8
2021-12-03,30.670000076293945,4538.43017578125,9.730830192565918,1782.0,27.03156089782715,1.29,1.81
2021-12-06,27.18000030517578,4591.669921875,9.696414947509766,1777.5,27.17989158630371,1.38,1.79
2021-12-07,21.889999389648438,4686.75,9.679205894470215,1782.5999755859375,27.58999252319336,1.42,1.75
2021-12-08,19.899999618530273,4701.2099609375,9.644791603088379,1783.4000244140625,27.72087287902832,1.45,1.79
2021-12-09,21.579999923706055,4667.4501953125,9.653395652770996,1774.5999755859375,27.65106773376465,1.43,1.81
2021-12-10,18.690000534057617,4712.02001953125,9.653395652770996,1782.9000244140625,27.6597957611084,1.42,1.83
2021-12-13,20.309999465942383,4668.97021484375,9.687809944152832,1786.300048828125,27.24969482421875,1.37,1.82
2021-12-14,21.889999389648438,4634.08984375,9.670601844787598,1770.4000244140625,27.214792251586914,1.39,1.82
2021-12-15,19.290000915527344,4709.85009765625,9.644791603088379,1762.5999755859375,27.15371322631836,1.42,1.83
2021-12-16,20.56999969482422,4668.669921875,9.66199779510498,1796.5999755859375,27.16243553161621,1.39,1.87
2021-12-17,21.56999969482422,4620.64013671875,9.679205894470215,1803.800048828125,27.006580352783203,1.36,1.87
2021-12-20,22.8700008392334,4568.02001953125,9.66199779510498,1793.699951171875,26.557498931884766,1.36,1.89
2021-12-21,21.010000228881836,4649.22998046875,9.644791603088379,1787.9000244140625,27.050613403320312,1.41,1.88
2021-12-22,18.6299991607666,4696.56005859375,9.659440994262695,1801.5999755859375,27.165081024169922,1.38,1.86
2021-12-23,17.959999084472656,4725.7900390625,9.64220905303955,1811.199951171875,27.3411922454834,1.43,1.86
2021-12-27,17.68000030517578,4791.18994140625,9.650822639465332,1808.0999755859375,27.394023895263672,1.42,1.86
2021-12-28,17.540000915527344,4786.35009765625,9.64220905303955,1810.199951171875,27.3323917388916,1.43,1.86
2021-12-29,16.950000762939453,4793.06005859375,9.61635684967041,1805.0999755859375,27.182689666748047,1.5,1.85
2021-12-30,17.329999923706055,4778.72998046875,9.633591651916504,1812.699951171875,27.51729965209961,1.47,1.85
2021-12-31,17.219999313354492,4766.18017578125,9.65689468383789,1827.5,27.508499145507812,1.46,1.85
2022-01-03,16.600000381469727,4796.56005859375,9.579225540161133,1799.4000244140625,27.684608459472656,1.55,1.82
2022-01-04,16.90999984741211,4793.5400390625,9.579225540161133,1814.0,27.58774757385254,1.58,1.84
2022-01-05,19.729999542236328,4700.580078125,9.553332328796387,1824.5999755859375,27.22671890258789,1.62,1.8
2022-01-06,19.610000610351562,4696.0498046875,9.536069869995117,1788.699951171875,27.349998474121094,1.63,1.78
2022-01-07,18.760000228881836,4677.02978515625,9.510183334350586,1797.0,27.420438766479492,1.66,1.78
2022-01-10,19.399999618530273,4670.2900390625,9.501553535461426,1798.4000244140625,27.552526473999023,1.65,1.76
2022-01-11,18.40999984741211,4713.06982421875,9.518815994262695,1818.5999755859375,28.01922035217285,1.64,1.76
2022-01-12,17.6200008392334,4726.35009765625,9.518815994262695,1827.199951171875,28.406658172607422,1.62,1.77
2022-01-13,20.309999465942383,4659.02978515625,9.527442932128906,1821.199951171875,28.15129852294922,1.58,1.8
2022-01-14,19.190000534057617,4662.85009765625,9.484292984008789,1816.5,28.212942123413086,1.65,1.79
2022-01-18,22.790000915527344,4577.10986328125,9.423882484436035,1812.300048828125,27.799083709716797,1.71,1.78
2022-01-19,23.850000381469727,4532.759765625,9.449772834777832,1843.0999755859375,27.89594268798828,1.66,1.77
2022-01-20,25.59000015258789,4482.72998046875,9.45840072631836,1842.5,28.045635223388672,1.66,1.79
2022-01-21,28.850000381469727,4397.93994140625,9.484292984008789,1831.800048828125,27.658191680908203,1.58,1.84
2022-01-24,29.899999618530273,4410.1298828125,9.467034339904785,1841.699951171875,27.3323917388916,1.56,1.89
2022-01-25,31.15999984741211,4356.4501953125,9.45840072631836,1852.699951171875,27.29716682434082,1.59,1.91
2022-01-26,31.959999084472656,4349.93017578125,9.406625747680664,1829.9000244140625,27.147472381591797,1.66,1.84
2022-01-27,30.489999771118164,4326.509765625,9.432512283325195,1793.300048828125,26.839282989501953,1.61,1.86
2022-01-28,27.65999984741211,4431.85009765625,9.441141128540039,1784.9000244140625,26.944944381713867,1.59,1.91
2022-01-31,24.829999923706055,4515.5498046875,9.447195053100586,1795.0,27.622970581054688,1.57,1.93
2022-02-01,21.959999084472656,4546.5400390625,9.447195053100586,1800.300048828125,27.746248245239258,1.62,1.92
2022-02-02,22.09000015258789,4589.3798828125,9.455835342407227,1809.199951171875,27.71983528137207,1.59,1.91
2022-02-03,24.350000381469727,4477.43994140625,9.4212646484375,1803.0,27.411632537841797,1.62,1.92
2022-02-04,23.219999313354492,4500.52978515625,9.360757827758789,1806.5999755859375,27.561328887939453,1.7,1.92
2022-02-07,22.860000610351562,4483.8701171875,9.360757827758789,1820.5999755859375,27.508499145507812,1.65,1.93
2022-02-08,21.440000534057617,4521.5400390625,9.334833145141602,1826.5999755859375,27.73744010925293,1.71,1.91
2022-02-09,19.959999084472656,4587.18017578125,9.343475341796875,1835.199951171875,28.160106658935547,1.68,1.92
2022-02-10,23.90999984741211,4504.080078125,9.257039070129395,1836.199951171875,27.983993530273438,1.63,1.91
2022-02-11,27.360000610351562,4418.64013671875,9.31754207611084,1840.800048828125,27.675804138183594,1.56,2.0
2022-02-14,28.329999923706055,4401.669921875,9.2656831741333,1868.0,27.43805503845215,1.55,2.0
2022-02-15,25.700000762939453,4471.06982421875,9.248394012451172,1854.800048828125,28.001605987548828,1.65,1.99
2022-02-16,24.290000915527344,4475.009765625,9.257039070129395,1870.199951171875,28.116079330444336,1.65,2.05
2022-02-17,28.110000610351562,4380.259765625,9.274323463439941,1900.699951171875,27.851911544799805,1.61,2.12
2022-02-18,27.75,4348.8701171875,9.291609764099121,1898.5999755859375,27.614158630371094,1.57,2.13
2022-02-22,28.809999465942383,4304.759765625,9.282970428466797,1906.0999755859375,27.191497802734375,1.57,2.13
2022-02-23,31.020000457763672,4225.5,9.239752769470215,1909.199951171875,27.006580352783203,1.65,2.1
2022-02-24,30.31999969482422,4288.7001953125,9.248394012451172,1925.0999755859375,26.39900016784668,1.64,2.24
2022-02-25,27.59000015258789,4384.64990234375,9.257039070129395,1886.5,26.830469131469727,1.64,2.2
2022-02-28,30.149999618530273,4373.93994140625,9.340144157409668,1899.4000244140625,26.434221267700195,1.48,2.34
2022-03-01,33.31999969482422,4306.259765625,9.392080307006836,1942.4000244140625,26.266918182373047,1.4,2.25
2022-03-02,30.739999771118164,4386.5400390625,9.279546737670898,1920.9000244140625,26.32855987548828,1.52,2.24
2022-03-03,30.479999542236328,4363.490234375,9.305511474609375,1934.4000244140625,26.046777725219727,1.48,2.24
2022-03-04,31.979999542236328,4328.8701171875,9.357453346252441,1965.0999755859375,25.527252197265625,1.4,2.31
2022-03-07,36.45000076293945,4201.08984375,9.305511474609375,1993.9000244140625,24.699533462524414,1.4,2.32
2022-03-08,35.130001068115234,4170.7001953125,9.25357723236084,2040.0999755859375,24.681922912597656,1.5,2.35
2022-03-09,32.45000076293945,4277.8798828125,9.227607727050781,1985.9000244140625,25.175033569335938,1.56,2.32
2022-03-10,30.229999542236328,4259.52001953125,9.184324264526367,1998.0999755859375,24.946083068847656,1.59,2.38
2022-03-11,30.75,4204.31005859375,9.184324264526367,1982.699951171875,24.51461410522461,1.6,2.35
2022-03-14,31.770000457763672,4173.10986328125,9.089113235473633,1959.5999755859375,23.88941764831543,1.69,2.33
2022-03-15,29.829999923706055,4262.4501953125,9.097763061523438,1928.5,23.6868953704834,1.69,2.36
2022-03-16,26.670000076293945,4357.85986328125,9.106420516967773,1908.0,25.245473861694336,1.75,2.23
2022-03-17,25.670000076293945,4411.669921875,9.11507797241211,1942.0999755859375,25.43919563293457,1.8,2.17
2022-03-18,23.8700008392334,4463.1201171875,9.1410493850708,1928.199951171875,25.842546463012695,1.72,2.14
2022-03-21,23.530000686645508,4461.18017578125,9.054483413696289,1928.5999755859375,25.471853256225586,1.78,2.07
2022-03-22,22.940000534057617,4511.60986328125,9.028512954711914,1920.699951171875,25.877849578857422,1.87,2.05
2022-03-23,23.56999969482422,4456.240234375,9.071791648864746,1936.5999755859375,25.789588928222656,1.82,2.03
2022-03-24,21.670000076293945,4520.16015625,9.037168502807617,1961.5999755859375,25.921981811523438,1.82,2.01
2022-03-25,20.809999465942383,4543.06005859375,8.976574897766113,1953.800048828125,25.72780990600586,1.93,1.96
2022-03-28,19.6299991607666,4575.52001953125,8.993888854980469,1939.5999755859375,25.75428581237793,1.87,1.94
2022-03-29,18.899999618530273,4631.60009765625,9.028512954711914,1912.0,26.072023391723633,1.86,1.91
2022-03-30,19.329999923706055,4602.4501953125,9.054483413696289,1933.5,26.107324600219727,1.8,1.93
2022-03-31,20.559999465942383,4530.41015625,9.077046394348145,1949.199951171875,25.78076171875,1.8,1.93
2022-04-01,19.6299991607666,4545.85986328125,9.051011085510254,1919.0999755859375,26.17793083190918,1.86,1.81
2022-04-04,18.56999969482422,4582.64013671875,9.059688568115234,1929.199951171875,26.6280574798584,1.76,1.81
2022-04-05,21.030000686645508,4525.1201171875,8.981585502624512,1922.9000244140625,26.2750244140625,1.89,1.77
2022-04-06,22.100000381469727,4481.14990234375,8.955556869506836,1918.4000244140625,26.01906394958496,1.94,1.77
2022-04-07,21.549999237060547,4500.2099609375,8.938200950622559,1933.800048828125,25.73663330078125,1.98,1.78
2022-04-08,21.15999984741211,4488.27978515625,8.88613510131836,1941.5999755859375,25.79841423034668,2.02,1.78
2022-04-11,24.3700008392334,4412.52978515625,8.84273910522461,1944.300048828125,25.436548233032227,2.02,1.82
2022-04-12,24.260000228881836,4397.4501953125,8.868773460388184,1972.0999755859375,25.392417907714844,1.98,1.92
2022-04-13,21.81999969482422,4446.58984375,8.87745475769043,1981.0,25.62189483642578,1.95,1.94
2022-04-14,22.700000762939453,4392.58984375,8.808034896850586,1970.9000244140625,25.436548233032227,2.04,1.93
2022-04-18,22.170000076293945,4391.68994140625,8.790675163269043,1982.9000244140625,25.33063507080078,2.04,1.94
2022-04-19,21.3700008392334,4462.2099609375,8.738608360290527,1955.699951171875,25.189422607421875,2.12,1.91
2022-04-20,20.31999969482422,4459.4501953125,8.790675163269043,1952.300048828125,25.057029724121094,2.03,1.91
2022-04-21,22.68000030517578,4393.66015625,8.747286796569824,1944.9000244140625,24.624557495117188,2.07,1.93
2022-04-22,28.209999084472656,4271.77978515625,8.729930877685547,1931.0,24.41273307800293,2.07,1.96
2022-04-25,27.020000457763672,4296.1201171875,8.773320198059082,1893.199951171875,24.077342987060547,1.9,2.03
2022-04-26,33.52000045776367,4175.2001953125,8.808034896850586,1901.4000244140625,23.750782012939453,1.94,2.06
2022-04-27,31.600000381469727,4183.9599609375,8.773320198059082,1885.9000244140625,23.96260643005371,2.0,2.05
2022-04-28,29.989999771118164,4287.5,8.764642715454102,1888.699951171875,24.29799461364746,2.03,2.06
2022-04-29,33.400001525878906,4131.93017578125,8.728132247924805,1909.300048828125,24.3509521484375,2.04,2.05
2022-05-02,32.34000015258789,4155.3798828125,8.675965309143066,1861.800048828125,24.333293914794922,2.09,2.08
2022-05-03,29.25,4175.47998046875,8.69335651397705,1868.800048828125,24.47451400756836,2.06,2.05
2022-05-04,25.420000076293945,4300.169921875,8.736821174621582,1867.0,24.606903076171875,2.04,2.08
2022-05-05,31.200000762939453,4146.8701171875,8.667280197143555,1874.0,23.936128616333008,2.2,2.1
2022-05-06,30.190000534057617,4123.33984375,8.6325044631958,1881.199951171875,23.50365447998047,2.27,2.09
2022-05-09,34.75,3991.239990234375,8.667280197143555,1857.0999755859375,22.8946590423584,2.13,2.17
2022-05-10,32.9900016784668,4001.050048828125,8.684660911560059,1839.9000244140625,22.991743087768555,2.1,2.16
2022-05-11,32.560001373291016,3935.179931640625,8.719436645507812,1852.5999755859375,22.868179321289062,2.0,2.17
2022-05-12,31.770000457763672,3930.080078125,8.736821174621582,1823.800048828125,22.68283462524414,1.88,2.2
2022-05-13,28.8700008392334,4023.889892578125,8.702049255371094,1807.4000244140625,23.194746017456055,1.9,2.24
2022-05-16,27.469999313354492,4008.010009765625,8.710741996765137,1813.5,23.168264389038086,1.81,2.29
2022-05-17,26.100000381469727,4088.85009765625,8.667280197143555,1818.199951171875,23.644872665405273,1.92,2.27
2022-05-18,30.959999084472656,3923.679931640625,8.702049255371094,1815.9000244140625,23.274179458618164,1.86,2.31
2022-05-19,29.350000381469727,3900.7900390625,8.719436645507812,1841.199951171875,23.397743225097656,1.79,2.37
2022-05-20,29.43000030517578,3901.360107421875,8.745515823364258,1841.800048828125,23.565433502197266,1.75,2.36
2022-05-23,28.479999542236328,3973.75,8.710741996765137,1847.800048828125,23.706653594970703,1.79,2.33
2022-05-24,29.450000762939453,3941.47998046875,8.771595001220703,1865.0999755859375,23.274179458618164,1.7,2.34
2022-05-25,28.3700008392334,3978.72998046875,8.797674179077148,1846.199951171875,23.388917922973633,1.69,2.29
2022-05-26,27.5,4057.840087890625,8.806368827819824,1847.4000244140625,23.750782012939453,1.68,2.25
2022-05-27,25.719999313354492,4158.240234375,8.815062522888184,1851.300048828125,24.015562057495117,1.66,2.26
2022-05-31,26.190000534057617,4132.14990234375,8.77849006652832,1842.699951171875,24.492168426513672,1.69,2.18
2022-06-01,25.690000534057617,4101.22998046875,8.752357482910156,1843.300048828125,24.262693405151367,1.79,2.08
2022-06-02,24.719999313354492,4176.81982421875,8.761069297790527,1866.5,24.580425262451172,1.75,2.1
2022-06-03,24.790000915527344,4108.5400390625,8.743650436401367,1845.4000244140625,24.27151870727539,1.75,2.09
2022-06-06,25.06999969482422,4121.43017578125,8.69139575958252,1839.199951171875,24.47451400756836,1.78,2.08
2022-06-07,24.020000457763672,4160.68017578125,8.717521667480469,1847.5,24.536298751831055,1.72,2.07
2022-06-08,23.959999084472656,4115.77001953125,8.69139575958252,1851.9000244140625,24.695167541503906,1.75,2.07
2022-06-09,26.09000015258789,4017.820068359375,8.682687759399414,1848.800048828125,24.21856117248535,1.74,2.07
2022-06-10,27.75,3900.860107421875,8.613018989562988,1871.5,23.980257034301758,1.76,2.04
2022-06-13,34.02000045776367,3749.6298828125,8.473679542541504,1828.0,23.221220016479492,1.7,1.98
2022-06-14,32.689998626708984,3735.47998046875,8.421422004699707,1809.5,23.45952606201172,1.66,1.99
2022-06-15,29.6200008392334,3789.989990234375,8.508513450622559,1815.300048828125,23.79491424560547,1.59,2.1
2022-06-16,32.95000076293945,3666.77001953125,8.53464126586914,1845.699951171875,23.12413787841797,1.69,2.13
2022-06-17,31.1299991607666,3674.840087890625,8.53464126586914,1835.5999755859375,23.167680740356445,1.62,2.13
2022-06-21,30.190000534057617,3764.7900390625,8.499805450439453,1834.5999755859375,23.57646942138672,1.61,2.13
2022-06-22,28.950000762939453,3759.889892578125,8.569475173950195,1834.300048828125,23.158794403076172,1.55,2.17
2022-06-23,29.049999237060547,3795.72998046875,8.595597267150879,1825.699951171875,23.247657775878906,1.44,2.2
2022-06-24,27.229999542236328,3911.739990234375,8.5781831741333,1826.5,23.700885772705078,1.4,2.22
2022-06-27,26.950000762939453,3900.110107421875,8.543346405029297,1820.9000244140625,23.75420379638672,1.41,2.19
2022-06-28,28.360000610351562,3821.550048828125,8.543346405029297,1817.5,23.66533660888672,1.41,2.22
2022-06-29,28.15999984741211,3818.830078125,8.595597267150879,1813.699951171875,23.594242095947266,1.32,2.24
2022-06-30,28.709999084472656,3785.3798828125,8.647083282470703,1804.0999755859375,23.398733139038086,1.26,2.31
2022-07-01,26.700000762939453,3825.330078125,8.69943904876709,1798.9000244140625,23.256547927856445,1.15,2.42
2022-07-05,27.540000915527344,3831.389892578125,8.725613594055176,1761.800048828125,23.096588134765625,0.92,2.41
2022-07-06,26.729999542236328,3845.080078125,8.664533615112305,1734.9000244140625,22.945512771606445,1.03,2.39
2022-07-07,26.079999923706055,3902.6201171875,8.647083282470703,1737.9000244140625,23.363189697265625,1.06,2.33
2022-07-08,24.639999389648438,3899.3798828125,8.612178802490234,1740.5999755859375,23.318756103515625,1.11,2.31
2022-07-11,26.170000076293945,3854.429931640625,8.655807495117188,1730.0,22.785551071166992,0.81,2.32
2022-07-12,27.290000915527344,3818.800048828125,8.664533615112305,1723.300048828125,22.652250289916992,0.74,2.31
2022-07-13,26.81999969482422,3801.780029296875,8.690707206726074,1734.199951171875,22.62558937072754,0.52,2.32
2022-07-14,26.399999618530273,3790.3798828125,8.655807495117188,1704.5,22.510061264038086,0.56,2.31
2022-07-15,24.229999542236328,3863.159912109375,8.681983947753906,1702.4000244140625,22.554494857788086,0.56,2.3
2022-07-18,25.299999237060547,3830.85009765625,8.664533615112305,1709.199951171875,22.70557403564453,0.46,2.28
2022-07-19,24.5,3936.68994140625,8.647083282470703,1710.0,23.025493621826172,0.49,2.26
2022-07-20,23.8799991607666,3959.89990234375,8.647083282470703,1699.5,22.972169876098633,0.53,2.2
2022-07-21,23.110000610351562,3998.949951171875,8.716888427734375,1712.699951171875,23.185455322265625,0.43,2.23
2022-07-22,23.030000686645508,3961.6298828125,8.78669261932373,1727.0999755859375,22.972169876098633,0.28,2.28
2022-07-25,23.360000610351562,3966.840087890625,8.751788139343262,1719.0,23.034381866455078,0.19,2.31
2022-07-26,24.690000534057617,3921.050048828125,8.751788139343262,1717.699951171875,22.883302688598633,0.26,2.29
2022-07-27,23.239999771118164,4023.610107421875,8.769240379333496,1719.0999755859375,23.265438079833984,0.34,2.3
2022-07-28,22.329999923706055,4072.429931640625,8.82159423828125,1750.300048828125,23.345417022705078,0.26,2.42
2022-07-29,21.329999923706055,4130.2900390625,8.84694766998291,1762.9000244140625,23.1943416595459,0.26,2.36
2022-08-01,22.84000015258789,4118.6298828125,8.890658378601074,1769.0,23.114360809326172,0.04,2.38
2022-08-02,23.93000030517578,4091.18994140625,8.79449462890625,1771.0999755859375,22.98106575012207,0.19,2.29
2022-08-03,21.950000762939453,4155.169921875,8.829463005065918,1758.0,23.08769989013672,0.21,2.29
2022-08-04,21.440000534057617,4151.93994140625,8.85568618774414,1788.5,23.2387752532959,0.18,2.32
2022-08-05,21.149999618530273,4145.18994140625,8.750782012939453,1772.9000244140625,23.2832088470459,0.25,2.29
2022-08-08,21.290000915527344,4140.06005859375,8.79449462890625,1786.800048828125,23.309871673583984,0.12,2.26
2022-08-09,21.770000457763672,4122.47021484375,8.777009963989258,1794.0,23.265438079833984,0.13,2.26
2022-08-10,19.739999771118164,4210.240234375,8.785752296447754,1795.5999755859375,23.48760414123535,0.13,2.29
2022-08-11,20.200000762939453,4207.27001953125,8.742043495178223,1789.699951171875,23.674224853515625,0.25,2.29
2022-08-12,19.530000686645508,4280.14990234375,8.768266677856445,1798.5999755859375,23.869735717773438,0.21,2.27
2022-08-15,19.950000762939453,4297.14013671875,8.785752296447754,1781.4000244140625,23.81641387939453,0.07,2.27
2022-08-16,19.690000534057617,4305.2001953125,8.785752296447754,1773.199951171875,23.789752960205078,0.12,2.27
2022-08-17,19.899999618530273,4274.0400390625,8.733302116394043,1760.300048828125,23.789752960205078,0.21,2.24
2022-08-18,19.559999465942383,4283.740234375,8.742043495178223,1755.300048828125,23.66533660888672,0.17,2.24
2022-08-19,20.600000381469727,4228.47998046875,8.689587593078613,1747.5999755859375,23.40761947631836,0.24,2.25
2022-08-22,23.799999237060547,4137.990234375,8.654620170593262,1734.0,23.2387752532959,0.21,2.24
2022-08-23,24.110000610351562,4128.72998046875,8.645881652832031,1746.800048828125,23.363189697265625,0.25,2.24
2022-08-24,22.81999969482422,4140.77001953125,8.61965274810791,1747.800048828125,23.336528778076172,0.29,2.23
2022-08-25,21.780000686645508,4199.1201171875,8.663363456726074,1757.699951171875,23.7719783782959,0.15,2.21
2022-08-26,25.559999465942383,4057.659912109375,8.663363456726074,1736.0999755859375,23.53203773498535,0.15,2.19
2022-08-29,26.209999084472656,4030.610107421875,8.61965274810791,1736.5999755859375,23.416505813598633,0.15,2.19
2022-08-30,26.209999084472656,3986.159912109375,8.61965274810791,1723.199951171875,23.212114334106445,0.14,2.17
2022-08-31,25.8700008392334,3955.0,8.602133750915527,1712.800048828125,23.247657775878906,0.19,2.18
2022-09-01,25.559999465942383,3966.85009765625,8.54957389831543,1696.5999755859375,23.078813552856445,0.29,2.22
2022-09-02,25.469999313354492,3924.260009765625,8.584613800048828,1709.800048828125,22.918855667114258,0.26,2.24
2022-09-06,26.90999984741211,3908.18994140625,8.505777359008789,1700.4000244140625,22.73223304748535,0.29,2.27
2022-09-07,24.639999389648438,3979.8701171875,8.54957389831543,1715.300048828125,22.86553382873535,0.2,2.24
2022-09-08,23.610000610351562,4006.179931640625,8.523294448852539,1708.0,22.803327560424805,0.23,2.25
2022-09-09,22.790000915527344,4067.360107421875,8.523294448852539,1716.199951171875,23.132131576538086,0.25,2.2
2022-09-12,23.8700008392334,4110.41015625,8.51453685760498,1728.0999755859375,23.398733139038086,0.2,2.2
2022-09-13,27.270000457763672,3932.68994140625,8.470739364624023,1705.0,22.803327560424805,0.14,2.18
2022-09-14,26.15999984741211,3946.010009765625,8.470739364624023,1696.5,22.847755432128906,0.17,2.15
2022-09-15,26.270000457763672,3901.35009765625,8.453219413757324,1665.4000244140625,22.661136627197266,0.23,2.12
2022-09-16,26.299999237060547,3873.330078125,8.444458961486816,1671.699951171875,22.35692596435547,0.25,2.18
2022-09-19,25.760000228881836,3899.889892578125,8.426939964294434,1666.199951171875,22.419925689697266,0.12,2.15
2022-09-20,27.15999984741211,3855.929931640625,8.391900062561035,1659.699951171875,22.365924835205078,0.22,2.13
2022-09-21,27.989999771118164,3789.929931640625,8.426939964294434,1664.5999755859375,22.023908615112305,0.2,2.12
2022-09-22,27.350000381469727,3757.989990234375,8.330578804016113,1670.800048828125,21.942903518676758,0.41,2.08
2022-09-23,29.920000076293945,3693.22998046875,8.313061714172363,1645.300048828125,21.44788932800293,0.45,2.09
2022-09-26,32.2599983215332,3655.0400390625,8.207940101623535,1623.300048828125,21.14187240600586,0.49,2.01
2022-09-27,32.599998474121094,3647.2900390625,8.172904014587402,1626.699951171875,21.14187240600586,0.62,2.08
2022-09-28,30.18000030517578,3719.0400390625,8.28678035736084,1660.4000244140625,21.177873611450195,0.32,2.25
2022-09-29,31.84000015258789,3640.469970703125,8.24298095703125,1658.5,20.808860778808594,0.4,2.27
2022-09-30,31.6200008392334,3585.6201171875,8.24298095703125,1662.4000244140625,20.8808650970459,0.5,2.24
2022-10-03,30.100000381469727,3678.429931640625,8.304430961608887,1692.9000244140625,21.123872756958008,0.21,2.29
2022-10-04,29.06999969482422,3790.929931640625,8.321988105773926,1721.0999755859375,21.699901580810547,0.17,2.27
2022-10-05,28.549999237060547,3783.280029296875,8.278096199035645,1711.4000244140625,21.726900100708008,0.3,2.22
2022-10-06,30.520000457763672,3744.52001953125,8.251760482788086,1711.699951171875,21.618896484375,0.37,2.16
2022-10-07,31.360000610351562,3639.659912109375,8.216643333435059,1700.5,21.18687629699707,0.44,2.17
2022-10-10,32.45000076293945,3612.389892578125,8.18153190612793,1667.300048828125,20.89886474609375,0.44,2.17
2022-10-11,33.630001068115234,3588.840087890625,8.18153190612793,1678.699951171875,20.556848526000977,0.26,2.23
2022-10-12,33.56999969482422,3577.030029296875,8.190309524536133,1670.300048828125,20.583850860595703,0.21,2.27
2022-10-13,31.940000534057617,3669.909912109375,8.1464204788208,1670.0,20.619850158691406,0.18,2.28
2022-10-14,32.02000045776367,3583.070068359375,8.12008285522461,1641.699951171875,20.3768367767334,0.19,2.28
2022-10-17,31.3700008392334,3677.949951171875,8.128865242004395,1657.0,20.799863815307617,0.05,2.28
2022-10-18,30.5,3719.97998046875,8.137641906738281,1649.0,20.862863540649414,-0.03,2.28
2022-10-19,30.760000228881836,3695.159912109375,8.076191902160645,1627.5,20.511850357055664,0.07,2.25
2022-10-20,29.979999542236328,3665.780029296875,8.023516654968262,1630.800048828125,20.637853622436523,0.15,2.24
2022-10-21,29.690000534057617,3752.75,8.023516654968262,1651.0,20.84486198425293,0.12,2.36
2022-10-24,29.850000381469727,3797.340087890625,8.014738082885742,1648.699951171875,20.142833709716797,0.09,2.34
2022-10-25,28.459999084472656,3859.110107421875,8.093749046325684,1652.800048828125,20.205835342407227,-0.04,2.37
2022-10-26,27.280000686645508,3830.60009765625,8.128865242004395,1664.0,20.421844482421875,-0.07,2.33
2022-10-27,27.389999389648438,3807.300048828125,8.172754287719727,1660.699951171875,20.367839813232422,-0.17,2.34
2022-10-28,25.75,3901.06005859375,8.1464204788208,1639.5999755859375,20.250837326049805,-0.16,2.3
2022-10-31,25.8799991607666,3871.97998046875,8.129701614379883,1635.9000244140625,20.16083335876465,-0.12,2.28
2022-11-01,25.809999465942383,3856.10009765625,8.147298812866211,1645.0,20.493846893310547,-0.16,2.22
2022-11-02,25.860000610351562,3759.68994140625,8.138500213623047,1645.699951171875,20.421844482421875,-0.12,2.18
2022-11-03,25.299999237060547,3719.889892578125,8.10330581665039,1627.300048828125,20.493846893310547,-0.11,2.19
2022-11-04,24.549999237060547,3770.550048828125,8.094508171081543,1672.5,21.159875869750977,-0.04,2.22
2022-11-07,24.350000381469727,3806.800048828125,8.076910018920898,1676.5,21.285879135131836,-0.07,2.22
2022-11-08,25.540000915527344,3828.110107421875,8.112105369567871,1712.0999755859375,21.321880340576172,-0.14,2.23
2022-11-09,26.09000015258789,3748.570068359375,8.120902061462402,1710.0999755859375,21.05187225341797,-0.17,2.33
2022-11-10,23.530000686645508,3956.3701171875,8.279272079467773,1750.300048828125,21.44788932800293,-0.46,2.36
2022-11-11,22.520000457763672,3992.929931640625,8.261676788330078,1766.0,21.99690818786621,-0.46,2.36
2022-11-14,23.729999542236328,3957.25,8.261676788330078,1773.5999755859375,22.04191017150879,-0.46,2.27
2022-11-15,24.540000915527344,3991.72998046875,8.314465522766113,1773.800048828125,22.536935806274414,-0.51,2.23
2022-11-16,24.110000610351562,3958.7900390625,8.367259979248047,1773.0,22.239917755126953,-0.65,2.24
2022-11-17,23.93000030517578,3946.56005859375,8.323266983032227,1760.800048828125,22.302921295166016,-0.55,2.18
2022-11-18,23.1200008392334,3965.340087890625,8.314465522766113,1751.9000244140625,22.140913009643555,-0.52,2.13
2022-11-21,22.360000610351562,3949.93994140625,8.314465522766113,1737.4000244140625,21.93390655517578,-0.58,2.08
2022-11-22,21.290000915527344,4003.580078125,8.349660873413086,1738.300048828125,21.9879093170166,-0.64,2.07
2022-11-23,20.350000381469727,4027.260009765625,8.393649101257324,1744.9000244140625,22.068912506103516,-0.69,2.02
2022-11-25,20.5,4026.1201171875,8.393649101257324,1753.300048828125,22.077913284301758,-0.73,2.06
2022-11-28,22.209999084472656,3963.93994140625,8.393649101257324,1740.0999755859375,21.9879093170166,-0.72,2.05
2022-11-29,21.889999389648438,3957.6298828125,8.358457565307617,1748.4000244140625,22.40192413330078,-0.63,2.06
2022-11-30,20.579999923706055,4080.110107421875,8.42988395690918,1746.0,23.067949295043945,-0.69,2.15
2022-12-01,19.84000015258789,4076.570068359375,8.509244918823242,1801.0999755859375,22.968948364257812,-0.8,2.09
2022-12-02,19.059999465942383,4071.699951171875,8.535701751708984,1795.9000244140625,23.103954315185547,-0.83,2.03
2022-12-05,20.75,3998.840087890625,8.47397232055664,1767.4000244140625,22.95094871520996,-0.76,1.99
2022-12-06,22.170000076293945,3941.260009765625,8.509244918823242,1769.300048828125,22.914947509765625,-0.86,1.97
2022-12-07,22.68000030517578,3933.919921875,8.57097339630127,1785.5,22.734939575195312,-0.87,1.95
2022-12-08,22.290000915527344,3963.510009765625,8.553337097167969,1788.699951171875,23.00494956970215,-0.8,1.91
2022-12-09,22.829999923706055,3934.3798828125,8.500428199768066,1798.0999755859375,22.93294906616211,-0.74,1.9
2022-12-12,25.0,3990.56005859375,8.500428199768066,1780.5,22.779939651489258,-0.77,1.88
2022-12-13,22.549999237060547,4019.64990234375,8.553337097167969,1813.9000244140625,22.815942764282227,-0.84,1.91
2022-12-14,21.139999389648438,3995.320068359375,8.57097339630127,1807.5,22.914947509765625,-0.84,1.95
2022-12-15,22.829999923706055,3895.75,8.579788208007812,1777.199951171875,22.518930435180664,-0.9,1.97
2022-12-16,22.6200008392334,3852.360107421875,8.562148094177246,1790.0,22.490589141845703,-0.83,1.98
2022-12-19,22.420000076293945,3817.659912109375,8.509244918823242,1787.699951171875,22.518014907836914,-0.8,1.98
2022-12-20,21.479999542236328,3821.6201171875,8.447521209716797,1815.9000244140625,22.44487762451172,-0.66,1.99
2022-12-21,20.06999969482422,3878.43994140625,8.465155601501465,1815.9000244140625,22.60944366455078,-0.65,2.01
2022-12-22,21.969999313354492,3822.389892578125,8.456335067749023,1787.0,22.472309112548828,-0.68,1.99
2022-12-23,20.8700008392334,3844.820068359375,8.42988395690918,1795.9000244140625,22.40830421447754,-0.59,2.0
2022-12-27,21.649999618530273,3829.25,8.376976013183594,1814.800048828125,22.6551570892334,-0.62,2.02
2022-12-28,22.139999389648438,3783.219970703125,8.359339714050293,1807.9000244140625,22.499731063842773,-0.58,2.01
2022-12-29,21.440000534057617,3849.280029296875,8.385797500610352,1819.5,22.79229164123535,-0.62,2.01
2022-12-30,21.670000076293945,3839.5,8.37872314453125,1819.699951171875,22.582012176513672,-0.54,1.99
2023-01-03,22.899999618530273,3824.139892578125,8.414076805114746,1839.699951171875,22.78314781188965,-0.74,2.03
2023-01-04,22.010000228881836,3852.969970703125,8.458266258239746,1852.800048828125,23.258562088012695,-0.86,2.07
2023-01-05,22.459999084472656,3808.10009765625,8.449427604675293,1834.800048828125,23.313413619995117,-0.95,2.03
2023-01-06,21.1299991607666,3895.080078125,8.537814140319824,1864.199951171875,23.569408416748047,-1.12,2.07
2023-01-09,21.969999313354492,3892.090087890625,8.56432819366455,1872.699951171875,23.807111740112305,-1.17,2.02
2023-01-10,20.579999923706055,3919.25,8.528973579406738,1871.5999755859375,23.94425392150879,-1.12,2.02
2023-01-11,21.09000015258789,3969.610107421875,8.573168754577637,1874.5999755859375,24.017391204833984,-1.18,1.99
2023-01-12,18.829999923706055,3983.169921875,8.635034561157227,1895.5,24.090530395507812,-1.23,1.97
2023-01-13,18.350000381469727,3999.090087890625,8.608521461486816,1918.4000244140625,24.27338218688965,-1.18,1.95
2023-01-17,19.360000610351562,3990.969970703125,8.59968090057373,1907.199951171875,24.200239181518555,-1.18,1.91
2023-01-18,20.34000015258789,3928.860107421875,8.679227828979492,1904.4000244140625,24.090530395507812,-1.32,1.96
2023-01-19,20.520000457763672,3898.85009765625,8.652711868286133,1922.0999755859375,24.236812591552734,-1.32,1.99
2023-01-20,19.850000381469727,3972.610107421875,8.617355346679688,1926.4000244140625,24.520225524902344,-1.24,1.98
2023-01-23,19.809999465942383,4019.81005859375,8.590843200683594,1927.0999755859375,24.703075408935547,-1.21,1.96
2023-01-24,19.200000762939453,4016.949951171875,8.635034561157227,1933.9000244140625,24.693933486938477,-1.26,1.94
2023-01-25,19.079999923706055,4016.219970703125,8.643876075744629,1941.199951171875,24.703075408935547,-1.26,1.96
2023-01-26,18.729999542236328,4060.429931640625,8.626197814941406,1929.0999755859375,24.867643356323242,-1.22,1.91
2023-01-27,18.510000228881836,4070.56005859375,8.617355346679688,1928.5999755859375,24.739648818969727,-1.21,1.88
2023-01-30,19.940000534057617,4017.77001953125,8.590843200683594,1922.9000244140625,24.392234802246094,-1.17,1.87
2023-01-31,19.399999618530273,4076.60009765625,8.64576530456543,1929.5,24.33737564086914,-1.18,1.9
2023-02-01,17.8700008392334,4119.2099609375,8.6989164352417,1927.800048828125,24.602510452270508,-1.27,1.91
2023-02-02,18.729999542236328,4179.759765625,8.707775115966797,1916.300048828125,24.474515914916992,-1.26,1.88
2023-02-03,18.329999923706055,4136.47998046875,8.636905670166016,1862.9000244140625,24.209379196166992,-1.17,1.83
2023-02-06,19.43000030517578,4111.080078125,8.574897766113281,1866.199951171875,23.86196517944336,-1.08,1.77
2023-02-07,18.65999984741211,4164.0,8.566040992736816,1871.699951171875,23.898536682128906,-1.04,1.78
2023-02-08,19.6299991607666,4117.85986328125,8.583757400512695,1877.4000244140625,23.871109008789062,-1.09,1.83
2023-02-09,20.709999084472656,4081.5,8.548323631286621,1866.199951171875,23.962533950805664,-1.1,1.84
2023-02-10,20.530000686645508,4090.4599609375,8.512887954711914,1862.800048828125,23.77054214477539,-1.05,1.85
2023-02-13,20.34000015258789,4137.2900390625,8.530606269836426,1851.9000244140625,23.935110092163086,-1.09,1.84
2023-02-14,18.90999984741211,4136.1298828125,8.495171546936035,1854.0,23.8802547454834,-1.03,1.81
2023-02-15,18.229999542236328,4147.60009765625,8.477458000183105,1834.199951171875,23.761398315429688,-0.98,1.82
2023-02-16,20.170000076293945,4090.409912109375,8.450879096984863,1842.0,23.72483253479004,-0.98,1.84
2023-02-17,20.020000457763672,4079.090087890625,8.468596458435059,1840.4000244140625,23.514551162719727,-1.02,1.89
2023-02-21,22.8700008392334,3997.340087890625,8.388872146606445,1833.0,23.340845108032227,-0.91,1.87
2023-02-22,22.290000915527344,3991.050048828125,8.40658950805664,1832.0,23.167139053344727,-0.91,1.85
2023-02-23,21.139999389648438,4012.320068359375,8.4331636428833,1818.0,23.258562088012695,-0.96,1.86
2023-02-24,21.670000076293945,3970.0400390625,8.388872146606445,1808.800048828125,22.84714698791504,-0.91,1.86
2023-02-27,20.950000762939453,3982.239990234375,8.397730827331543,1817.0,22.892860412597656,-0.97,1.87
2023-02-28,20.700000762939453,3970.14990234375,8.425252914428711,1828.9000244140625,22.810577392578125,-0.96,1.9
2023-03-01,20.579999923706055,3951.389892578125,8.371983528137207,1837.699951171875,23.23113441467285,-0.89,1.84
2023-03-02,19.59000015258789,3981.35009765625,8.345352172851562,1833.5,23.322559356689453,-0.83,1.82
2023-03-03,18.489999771118164,4045.639892578125,8.407496452331543,1847.699951171875,23.496267318725586,-0.94,1.79
2023-03-06,18.610000610351562,4048.419921875,8.398618698120117,1847.9000244140625,23.477981567382812,-0.95,1.79
2023-03-07,19.59000015258789,3986.3701171875,8.380865097045898,1813.9000244140625,23.203704833984375,-1.07,1.79
2023-03-08,19.110000610351562,3992.010009765625,8.380865097045898,1812.699951171875,23.221994400024414,-1.08,1.79
2023-03-09,22.610000610351562,3918.320068359375,8.407496452331543,1829.300048828125,22.79229164123535,-1.12,1.85
2023-03-10,24.799999237060547,3861.590087890625,8.505156517028809,1862.0,22.60030174255371,-1.31,1.96
2023-03-13,26.520000457763672,3855.760009765625,8.567302703857422,1911.699951171875,22.627727508544922,-1.32,2.14
2023-03-14,23.729999542236328,3919.2900390625,8.514034271240234,1906.199951171875,22.591157913208008,-1.24,2.11
2023-03-15,26.139999389648438,3891.929931640625,8.593935012817383,1926.5999755859375,22.29859733581543,-1.24,2.22
2023-03-16,22.989999771118164,3960.280029296875,8.549543380737305,1919.0,22.46316146850586,-1.18,2.16
2023-03-17,25.510000228881836,3916.639892578125,8.620569229125977,1969.800048828125,22.421104431152344,-1.13,2.21
2023-03-20,24.149999618530273,3951.570068359375,8.585057258605957,1979.199951171875,22.439390182495117,-1.34,2.19
2023-03-21,21.3799991607666,4002.8701171875,8.549543380737305,1938.0,22.68627166748047,-1.19,2.11
2023-03-22,22.260000228881836,3936.969970703125,8.629450798034668,1946.800048828125,22.74113655090332,-1.31,2.16
2023-03-23,22.610000610351562,3948.719970703125,8.656083106994629,1993.800048828125,23.015460968017578,-1.35,2.26
2023-03-24,21.739999771118164,3970.989990234375,8.664958000183105,1982.0999755859375,22.978883743286133,-1.36,2.24
2023-03-27,20.600000381469727,3977.530029296875,8.576180458068848,1952.4000244140625,22.823434829711914,-1.38,2.19
2023-03-28,19.969999313354492,3971.27001953125,8.567302703857422,1972.4000244140625,23.097755432128906,-1.25,2.19
2023-03-29,19.1200008392334,4027.81005859375,8.567302703857422,1966.0999755859375,23.253202438354492,-1.23,2.15
2023-03-30,19.020000457763672,4050.830078125,8.576180458068848,1980.300048828125,23.408653259277344,-1.42,2.11
2023-03-31,18.700000762939453,4109.31005859375,8.641143798828125,1969.0,23.390363693237305,-1.37,2.11
2023-04-03,18.549999237060547,4124.509765625,8.676741600036621,1983.9000244140625,23.426937103271484,-1.47,2.11
2023-04-04,19.0,4100.60009765625,8.712342262268066,2022.199951171875,23.417797088623047,-1.53,2.1
2023-04-05,19.079999923706055,4090.3798828125,8.730134010314941,2020.9000244140625,23.289777755737305,-1.56,2.14
2023-04-06,18.399999618530273,4105.02001953125,8.730134010314941,2011.9000244140625,23.408653259277344,-1.61,2.11
2023-04-10,18.969999313354492,4109.10986328125,8.667840957641602,1989.0999755859375,23.372072219848633,-1.67,2.09
2023-04-11,19.100000381469727,4108.93994140625,8.676741600036621,2004.800048828125,23.51837921142578,-1.61,2.05
2023-04-12,19.09000015258789,4091.949951171875,8.685638427734375,2010.9000244140625,23.372072219848633,-1.61,2.08
2023-04-13,17.799999237060547,4146.22021484375,8.667840957641602,2041.300048828125,23.59153175354004,-1.65,2.07
2023-04-14,17.06999969482422,4137.64013671875,8.632243156433105,2002.199951171875,23.527523040771484,-1.62,2.05
2023-04-17,16.950000762939453,4151.31982421875,8.587749481201172,1994.199951171875,23.664684295654297,-1.61,2.02
2023-04-18,16.829999923706055,4154.8701171875,8.596649169921875,2007.4000244140625,23.60981559753418,-1.62,2.01
2023-04-19,16.459999084472656,4154.52001953125,8.587749481201172,1995.199951171875,23.372072219848633,-1.56,2.01
2023-04-20,17.170000076293945,4129.7900390625,8.623346328735352,2007.5999755859375,23.326353073120117,-1.58,2.05
2023-04-21,16.770000457763672,4133.52001953125,8.605546951293945,1979.5,23.116043090820312,-1.57,2.04
2023-04-24,16.889999389648438,4137.0400390625,8.641143798828125,1989.0999755859375,23.070323944091797,-1.68,2.04
2023-04-25,18.760000228881836,4071.6298828125,8.703437805175781,1994.0,22.695417404174805,-1.72,2.09
2023-04-26,18.84000015258789,4055.989990234375,8.667840957641602,1985.699951171875,22.83258056640625,-1.73,2.11
2023-04-27,17.030000686645508,4135.35009765625,8.623346328735352,1989.9000244140625,23.106903076171875,-1.65,2.07
2023-04-28,15.779999732971191,4169.47998046875,8.688464164733887,1990.0999755859375,23.23491859436035,-1.66,2.08
2023-05-01,16.079999923706055,4167.8701171875,8.608181953430176,1983.4000244140625,23.1800537109375,-1.68,2.06
2023-05-02,17.780000686645508,4119.580078125,8.688464164733887,2014.300048828125,22.942310333251953,-1.8,2.16
2023-05-03,18.34000015258789,4090.75,8.72414779663086,2028.5999755859375,22.92401885986328,-1.88,2.2
2023-05-04,20.09000015258789,4061.219970703125,8.706308364868164,2048.0,23.116043090820312,-1.89,2.24
2023-05-05,17.190000534057617,4136.25,8.679545402526855,2017.4000244140625,23.335500717163086,-1.82,2.2
2023-05-08,16.979999542236328,4138.1201171875,8.634943962097168,2026.300048828125,23.408653259277344,-1.79,2.2
2023-05-09,17.709999084472656,4119.169921875,8.626020431518555,2036.199951171875,23.244060516357422,-1.76,2.21
2023-05-10,16.940000534057617,4137.64013671875,8.679545402526855,2030.5,23.262348175048828,-1.81,2.26
2023-05-11,16.93000030517578,4130.6201171875,8.697385787963867,2014.699951171875,23.23491859436035,-1.81,2.25
2023-05-12,17.030000686645508,4124.080078125,8.661705017089844,2014.5,23.015460968017578,-1.79,2.21
2023-05-15,17.1200008392334,4136.27978515625,8.634943962097168,2018.0,23.30806541442871,-1.71,2.27
2023-05-16,17.989999771118164,4109.89990234375,8.617100715637207,1988.4000244140625,23.189197540283203,-1.69,2.28
2023-05-17,16.8700008392334,4158.77001953125,8.599258422851562,1980.699951171875,23.262348175048828,-1.69,2.26
2023-05-18,16.049999237060547,4198.0498046875,8.554659843444824,1956.5,23.143478393554688,-1.66,2.2
2023-05-19,16.809999465942383,4191.97998046875,8.536816596984863,1978.699951171875,23.079465866088867,-1.59,2.18
2023-05-22,17.209999084472656,4192.6298828125,8.527901649475098,1974.800048828125,23.207483291625977,-1.68,2.19
2023-05-23,18.530000686645508,4145.580078125,8.536816596984863,1972.4000244140625,22.951452255249023,-1.64,2.19
2023-05-24,20.030000686645508,4115.240234375,8.518977165222168,1962.800048828125,22.805147171020508,-1.64,2.18
2023-05-25,19.139999389648438,4151.27978515625,8.474372863769531,1943.0999755859375,22.76856803894043,-1.55,2.1
2023-05-26,17.950000762939453,4205.4501953125,8.483298301696777,1944.0999755859375,23.088611602783203,-1.54,2.1
2023-05-30,17.459999084472656,4205.52001953125,8.545736312866211,1958.0,22.823434829711914,-1.86,2.14
2023-05-31,17.940000534057617,4179.830078125,8.59402847290039,1963.9000244140625,22.658843994140625,-1.88,2.16
2023-06-01,15.649999618530273,4221.02001953125,8.611912727355957,1978.0,22.92401885986328,-1.89,2.15
2023-06-02,14.600000381469727,4282.3701171875,8.567203521728516,1952.4000244140625,23.289777755737305,-1.81,2.11
2023-06-05,14.729999542236328,4273.7900390625,8.567203521728516,1958.0,23.289777755737305,-1.77,2.1
2023-06-06,13.960000038146973,4283.85009765625,8.576143264770508,1965.5,23.445228576660156,-1.74,2.08
2023-06-07,13.9399995803833,4267.52001953125,8.5314302444458,1942.699951171875,23.445228576660156,-1.63,2.06
2023-06-08,13.649999618530273,4293.93017578125,8.567203521728516,1963.5999755859375,23.527523040771484,-1.65,2.07
2023-06-09,13.829999923706055,4298.85986328125,8.54931926727295,1962.199951171875,23.628108978271484,-1.62,2.05
2023-06-12,15.010000228881836,4338.93017578125,8.567203521728516,1955.300048828125,23.71955108642578,-1.67,2.1
2023-06-13,14.609999656677246,4369.009765625,8.522489547729492,1944.5999755859375,23.874998092651367,-1.52,2.0
2023-06-14,13.880000114440918,4372.58984375,8.5314302444458,1955.300048828125,24.03959083557129,-1.53,1.94
2023-06-15,14.5,4425.83984375,8.585086822509766,1957.800048828125,24.259044647216797,-1.61,2.02
2023-06-16,13.539999961853027,4409.58984375,8.558259010314941,1958.4000244140625,24.266393661499023,-1.57,1.96
2023-06-20,13.880000114440918,4388.7099609375,8.576143264770508,1935.5,23.862106323242188,-1.65,1.95
2023-06-21,13.199999809265137,4365.68994140625,8.585086822509766,1933.300048828125,23.77022361755371,-1.68,1.96
2023-06-22,12.90999984741211,4381.89013671875,8.540373802185059,1912.699951171875,23.687528610229492,-1.6,1.94
2023-06-23,13.4399995803833,4348.330078125,8.567203521728516,1919.0999755859375,23.402687072753906,-1.67,1.96
2023-06-26,14.25,4328.81982421875,8.585086822509766,1923.699951171875,23.421066284179688,-1.78,1.98
2023-06-27,13.739999771118164,4378.41015625,8.558259010314941,1914.0,23.614023208618164,-1.67,1.94
2023-06-28,13.430000305175781,4376.85986328125,8.585086822509766,1912.300048828125,23.54051399230957,-1.73,1.96
2023-06-29,13.539999961853027,4396.43994140625,8.522489547729492,1909.199951171875,23.467008590698242,-1.61,1.92
2023-06-30,13.59000015258789,4450.3798828125,8.561936378479004,1921.0999755859375,23.632400512695312,-1.62,1.88
2023-07-03,13.569999694824219,4455.58984375,8.5440034866333,1921.699951171875,23.871295928955078,-1.58,1.85
2023-07-05,14.180000305175781,4446.81982421875,8.508143424987793,1919.5999755859375,23.78860092163086,-1.49,1.83
2023-07-06,15.4399995803833,4411.58984375,8.454350471496582,1908.699951171875,23.421066284179688,-1.41,1.8
2023-07-07,14.829999923706055,4398.9501953125,8.44538688659668,1926.199951171875,23.56808090209961,-1.4,1.81
2023-07-10,15.069999694824219,4409.52978515625,8.44538688659668,1925.0,23.56808090209961,-1.47,1.86
2023-07-11,14.84000015258789,4439.259765625,8.490213394165039,1931.300048828125,23.8161678314209,-1.5,1.84
2023-07-12,13.539999961853027,4472.16015625,8.552969932556152,1956.199951171875,24.119380950927734,-1.61,1.88
2023-07-13,13.609999656677246,4510.0400390625,8.60676383972168,1959.199951171875,24.395030975341797,-1.71,1.91
2023-07-14,13.34000015258789,4505.419921875,8.570901870727539,1960.0999755859375,24.38584327697754,-1.66,1.87
2023-07-17,13.479999542236328,4522.7900390625,8.579867362976074,1952.4000244140625,24.395030975341797,-1.68,1.9
2023-07-18,13.300000190734863,4554.97998046875,8.588831901550293,1977.199951171875,24.248014450073242,-1.69,1.89
2023-07-19,13.760000228881836,4565.72021484375,8.615724563598633,1977.5,24.22964096069336,-1.74,1.87
2023-07-20,13.989999771118164,4534.8701171875,8.561936378479004,1968.300048828125,24.119380950927734,-1.64,1.85
2023-07-21,13.600000381469727,4536.33984375,8.570901870727539,1964.300048828125,24.101001739501953,-1.66,1.85
2023-07-24,13.90999984741211,4554.64013671875,8.552969932556152,1960.300048828125,24.312334060668945,-1.65,1.84
2023-07-25,13.859999656677246,4567.4599609375,8.5440034866333,1962.0999755859375,24.542043685913086,-1.6,1.81
2023-07-26,13.1899995803833,4566.75,8.570901870727539,1968.9000244140625,24.661495208740234,-1.65,1.83
2023-07-27,14.40999984741211,4537.41015625,8.499177932739258,1945.4000244140625,24.496103286743164,-1.5,1.78
2023-07-28,13.329999923706055,4582.22998046875,8.52607536315918,1960.4000244140625,24.973894119262695,-1.56,1.8
2023-07-31,13.630000114440918,4588.9599609375,8.557536125183105,1970.5,25.02902603149414,-1.58,1.77
2023-08-01,13.930000305175781,4576.72998046875,8.512590408325195,1940.699951171875,24.762563705444336,-1.49,1.77
2023-08-02,16.09000015258789,4513.39013671875,8.485623359680176,1937.4000244140625,24.238826751708984,-1.45,1.82
2023-08-03,15.920000076293945,4501.89013671875,8.43168830871582,1932.0,24.28476905822754,-1.34,1.84
2023-08-04,17.100000381469727,4478.02978515625,8.494611740112305,1939.5999755859375,24.303150177001953,-1.49,1.9
2023-08-07,15.770000457763672,4518.43994140625,8.485623359680176,1933.5,24.303150177001953,-1.47,1.9
2023-08-08,15.989999771118164,4499.3798828125,8.512590408325195,1924.0999755859375,24.045869827270508,-1.55,1.93
2023-08-09,15.960000038146973,4467.7099609375,8.512590408325195,1915.4000244140625,24.09181785583496,-1.55,1.92
2023-08-10,15.850000381469727,4468.830078125,8.467642784118652,1914.4000244140625,24.146947860717773,-1.45,1.89
2023-08-11,14.84000015258789,4464.0498046875,8.43168830871582,1912.9000244140625,23.825353622436523,-1.38,1.87
2023-08-14,14.819999694824219,4489.72021484375,8.422699928283691,1910.5999755859375,23.687528610229492,-1.37,1.84
2023-08-15,16.459999084472656,4437.85986328125,8.404720306396484,1902.5,23.467008590698242,-1.35,1.86
2023-08-16,16.780000686645508,4404.330078125,8.377754211425781,1896.0999755859375,23.35675048828125,-1.28,1.84
2023-08-17,17.889999389648438,4370.35986328125,8.368762969970703,1884.0999755859375,23.384313583374023,-1.26,1.87
2023-08-18,17.299999237060547,4369.7099609375,8.386743545532227,1886.0999755859375,23.209735870361328,-1.29,1.89
2023-08-21,17.1299991607666,4399.77001953125,8.350790023803711,1893.300048828125,23.218923568725586,-1.23,1.88
2023-08-22,16.969999313354492,4387.5498046875,8.350790023803711,1896.4000244140625,23.26486587524414,-1.23,1.82
2023-08-23,15.979999542236328,4436.009765625,8.43168830871582,1918.5,23.512948989868164,-1.38,1.83
2023-08-24,17.200000762939453,4376.31005859375,8.404720306396484,1918.199951171875,23.467008590698242,-1.35,1.8
2023-08-25,15.680000305175781,4405.7099609375,8.404720306396484,1911.0999755859375,23.430255889892578,-1.36,1.76
2023-08-28,15.079999923706055,4433.31005859375,8.422699928283691,1917.9000244140625,23.632400512695312,-1.38,1.82
2023-08-29,14.449999809265137,4497.6298828125,8.476633071899414,1936.5,23.926427841186523,-1.44,1.84
2023-08-30,13.880000114440918,4514.8701171875,8.467642784118652,1944.300048828125,23.88048553466797,-1.44,1.82
2023-08-31,13.569999694824219,4507.66015625,8.50820541381836,1938.199951171875,23.60483741760254,-1.47,1.83
2023-09-01,13.09000015258789,4515.77001953125,8.46313762664795,1939.800048828125,23.834543228149414,-1.35,1.82
2023-09-05,14.010000228881836,4496.830078125,8.418074607849121,1926.199951171875,23.761035919189453,-1.28,1.84
2023-09-06,14.449999809265137,4465.47998046875,8.409059524536133,1918.0999755859375,23.65996551513672,-1.25,1.79
2023-09-07,14.399999618530273,4451.14013671875,8.42708683013916,1917.5,23.411876678466797,-1.26,1.81
2023-09-08,13.84000015258789,4457.490234375,8.436098098754883,1918.4000244140625,23.448633193969727,-1.29,1.79
2023-09-11,13.800000190734863,4487.4599609375,8.418074607849121,1923.300048828125,23.641590118408203,-1.26,1.8
2023-09-12,14.229999542236328,4461.89990234375,8.42708683013916,1911.300048828125,23.577268600463867,-1.29,1.79
2023-09-13,13.479999542236328,4467.43994140625,8.436098098754883,1909.0999755859375,23.56808090209961,-1.3,1.81
2023-09-14,12.819999694824219,4505.10009765625,8.418074607849121,1910.0,23.724281311035156,-1.26,1.8
2023-09-15,13.789999961853027,4450.31982421875,8.400050163269043,1923.699951171875,23.626150131225586,-1.23,1.78
2023-09-18,14.0,4453.52978515625,8.409059524536133,1931.5,23.56134605407715,-1.23,1.77
2023-09-19,14.109999656677246,4443.9501953125,8.382022857666016,1932.0,23.496540069580078,-1.17,1.75
2023-09-20,15.140000343322754,4402.2001953125,8.382022857666016,1945.5999755859375,23.366926193237305,-1.21,1.73
2023-09-21,17.540000915527344,4330.0,8.327943801879883,1919.199951171875,23.052156448364258,-1.08,1.66
2023-09-22,17.200000762939453,4320.06005859375,8.354984283447266,1925.4000244140625,23.29286766052246,-1.12,1.73
2023-09-25,16.899999618530273,4337.43994140625,8.30090618133545,1916.5999755859375,23.200284957885742,-1.03,1.75
2023-09-26,18.940000534057617,4273.52978515625,8.291891098022461,1900.4000244140625,22.94106674194336,-1.02,1.77
2023-09-27,18.219999313354492,4274.509765625,8.255840301513672,1871.5999755859375,23.005868911743164,-0.97,1.77
2023-09-28,17.34000015258789,4299.7001953125,8.273868560791016,1860.4000244140625,22.996610641479492,-0.97,1.8
2023-09-29,17.520000457763672,4288.0498046875,8.296460151672363,1848.0999755859375,23.11696434020996,-0.96,1.78
2023-10-02,17.610000610351562,4288.39013671875,8.233199119567871,1830.0,23.04290008544922,-0.93,1.78
2023-10-03,19.780000686645508,4229.4501953125,8.169933319091797,1824.5999755859375,22.737390518188477,-0.81,1.82
2023-10-04,18.579999923706055,4263.75,8.224160194396973,1818.5,22.681842803955078,-0.88,1.83
2023-10-05,18.489999771118164,4258.18994140625,8.224160194396973,1816.5999755859375,22.69110107421875,-0.89,1.85
2023-10-06,17.450000762939453,4308.5,8.188011169433594,1830.199951171875,22.959579467773438,-0.85,1.84
2023-10-09,17.700000762939453,4335.66015625,8.2603120803833,1849.5,22.839229583740234,-0.85,1.84
2023-10-10,17.030000686645508,4358.240234375,8.2603120803833,1861.0,23.13547706604004,-0.95,1.83
2023-10-11,16.09000015258789,4376.9501953125,8.296460151672363,1872.800048828125,23.26508903503418,-1.03,1.82
2023-10-12,16.690000534057617,4349.60986328125,8.233199119567871,1869.300048828125,23.144739151000977,-0.93,1.83
2023-10-13,19.31999969482422,4327.77978515625,8.26934814453125,1927.4000244140625,23.005868911743164,-0.99,1.82
2023-10-16,17.209999084472656,4373.6298828125,8.224160194396973,1921.0999755859375,23.079933166503906,-0.9,1.83
2023-10-17,17.8799991607666,4373.2001953125,8.169933319091797,1922.699951171875,23.04290008544922,-0.79,1.8
2023-10-18,19.219999313354492,4314.60009765625,8.133782386779785,1955.300048828125,22.7188777923584,-0.7,1.78
2023-10-19,21.399999618530273,4278.0,8.097637176513672,1968.4000244140625,22.589262008666992,-0.62,1.82
2023-10-20,21.709999084472656,4224.16015625,8.12474536895752,1982.5,22.367074966430664,-0.65,1.88
2023-10-23,20.3700008392334,4217.0400390625,8.151859283447266,1976.300048828125,22.23746109008789,-0.72,1.85
2023-10-24,18.969999313354492,4247.68017578125,8.178976058959961,1975.0,22.459651947021484,-0.75,1.84
2023-10-25,20.190000534057617,4186.77001953125,8.115707397460938,1984.0999755859375,22.274497985839844,-0.64,1.83
2023-10-26,20.68000030517578,4137.22998046875,8.169933319091797,1987.199951171875,22.19117546081543,-0.73,1.82
2023-10-27,21.270000457763672,4117.3701171875,8.169933319091797,1988.5999755859375,22.265239715576172,-0.75,1.88
2023-10-30,19.75,4166.81982421875,8.151859283447266,1996.199951171875,22.41336441040039,-0.72,1.86
2023-10-31,18.139999389648438,4193.7998046875,8.166361808776855,1985.199951171875,22.320783615112305,-0.71,1.85
2023-11-01,16.8700008392334,4237.85986328125,8.238870620727539,1978.800048828125,22.41336441040039,-0.8,1.91
2023-11-02,15.65999984741211,4317.77978515625,8.284191131591797,1985.5999755859375,22.737390518188477,-0.87,1.84
2023-11-03,14.90999984741211,4358.33984375,8.338568687438965,1991.5,23.079933166503906,-0.96,1.86
2023-11-06,14.890000343322754,4365.97998046875,8.30231761932373,1981.5999755859375,23.26508903503418,-0.89,1.84
2023-11-07,14.8100004196167,4378.3798828125,8.338568687438965,1966.800048828125,23.237319946289062,-0.97,1.83
2023-11-08,14.449999809265137,4382.77978515625,8.37482738494873,1951.5,23.19102668762207,-1.05,1.84
2023-11-09,15.289999961853027,4347.35009765625,8.30231761932373,1964.199951171875,23.005868911743164,-0.92,1.83
2023-11-10,14.170000076293945,4415.240234375,8.320442199707031,1932.5999755859375,23.126218795776367,-0.92,1.8
2023-11-13,14.760000228881836,4411.5498046875,8.320442199707031,1945.5,23.144739151000977,-0.92,1.79
2023-11-14,14.15999984741211,4495.7001953125,8.411079406738281,1961.800048828125,23.487281799316406,-1.08,1.83
2023-11-15,14.180000305175781,4502.8798828125,8.365760803222656,1960.0999755859375,23.79279327392578,-1.0,1.8
2023-11-16,14.319999694824219,4508.240234375,8.411079406738281,1983.9000244140625,23.5891170501709,-1.06,1.81
2023-11-17,13.800000190734863,4514.02001953125,8.429210662841797,1981.5999755859375,23.64466667175293,-1.06,1.78
2023-11-20,13.40999984741211,4547.3798828125,8.438271522521973,1977.699951171875,23.88536834716797,-1.12,1.76
2023-11-21,13.350000381469727,4538.18994140625,8.447338104248047,1999.300048828125,23.802047729492188,-1.12,1.77
2023-11-22,12.850000381469727,4556.6201171875,8.447338104248047,1991.4000244140625,23.75575828552246,-1.12,1.71
2023-11-24,12.460000038146973,4559.33984375,8.411079406738281,2002.199951171875,23.774274826049805,-1.07,1.72
2023-11-27,12.6899995803833,4550.43017578125,8.465462684631348,2011.800048828125,23.681692123413086,-1.1,1.71
2023-11-28,12.6899995803833,4554.89013671875,8.492654800415039,2039.699951171875,23.820566177368164,-1.13,1.75
2023-11-29,12.979999542236328,4550.580078125,8.537969589233398,2047.0999755859375,23.75575828552246,-1.18,1.72
2023-11-30,12.920000076293945,4567.7998046875,8.534337997436523,2038.0999755859375,23.829824447631836,-1.08,1.67
2023-12-01,12.630000114440918,4594.6298828125,8.597959518432617,2071.0,23.857593536376953,-1.21,1.71
2023-12-04,13.079999923706055,4569.77978515625,8.570693969726562,2024.0999755859375,23.718725204467773,-1.18,1.67
2023-12-05,12.850000381469727,4567.18017578125,8.625223159790039,2018.5,23.626150131225586,-1.27,1.65
2023-12-06,12.970000267028809,4549.33984375,8.652491569519043,2030.5,23.626150131225586,-1.33,1.63
2023-12-07,13.0600004196167,4585.58984375,8.643404006958008,2029.9000244140625,23.672435760498047,-1.3,1.63
2023-12-08,12.350000381469727,4604.3701171875,8.607048034667969,1998.300048828125,23.626150131225586,-1.21,1.61
2023-12-11,12.630000114440918,4622.43994140625,8.607048034667969,1978.0,23.663177490234375,-1.24,1.61
2023-12-12,12.069999694824219,4643.7001953125,8.625223159790039,1977.800048828125,23.64466667175293,-1.26,1.6
2023-12-13,12.1899995803833,4707.08984375,8.725200653076172,1982.300048828125,23.73724365234375,-1.4,1.61
2023-12-14,12.479999542236328,4719.5498046875,8.797911643981934,2030.199951171875,24.107563018798828,-1.51,1.57
2023-12-15,12.279999732971191,4719.18994140625,8.788824081420898,2021.0999755859375,24.12173843383789,-1.53,1.57
2023-12-18,12.5600004196167,4740.56005859375,8.770645141601562,2026.300048828125,24.08392906188965,-1.51,1.58
2023-12-19,12.529999732971191,4768.3701171875,8.779733657836914,2038.4000244140625,24.18790054321289,-1.5,1.57
2023-12-20,13.670000076293945,4698.35009765625,8.807001113891602,2034.5,23.80036735534668,-1.58,1.63
2023-12-21,13.649999618530273,4746.75,8.797911643981934,2039.0999755859375,24.13119125366211,-1.53,1.64
2023-12-22,13.029999732971191,4754.6298828125,8.797911643981934,2057.10009765625,24.04612159729004,-1.54,1.65
2023-12-26,12.989999771118164,4774.75,8.797911643981934,2058.199951171875,24.159543991088867,-1.56,1.64
2023-12-27,12.430000305175781,4781.580078125,8.852444648742676,2081.89990234375,24.320232391357422,-1.65,1.64
2023-12-28,12.470000267028809,4783.35009765625,8.825177192687988,2073.89990234375,24.537628173828125,-1.61,1.62
2023-12-29,12.449999809265137,4769.830078125,8.849784851074219,2062.39990234375,24.537628173828125,-1.52,1.61
2024-01-02,13.199999809265137,4742.830078125,8.804215431213379,2064.39990234375,24.3580379486084,-1.51,1.62
2024-01-03,14.039999961853027,4704.81005859375,8.804215431213379,2034.199951171875,24.263519287109375,-1.57,1.66
2024-01-04,14.130000114440918,4688.68017578125,8.758644104003906,2042.300048828125,24.263519287109375,-1.49,1.65
2024-01-05,13.350000381469727,4697.240234375,8.740415573120117,2042.4000244140625,24.27297019958496,-1.42,1.65
2024-01-08,13.079999923706055,4763.5400390625,8.776871681213379,2026.5999755859375,24.254064559936523,-1.48,1.65
2024-01-09,12.760000228881836,4756.5,8.7677583694458,2026.4000244140625,24.055574417114258,-1.45,1.63
2024-01-10,12.6899995803833,4783.4501953125,8.758644104003906,2021.699951171875,24.027217864990234,-1.42,1.59
2024-01-11,12.4399995803833,4780.240234375,8.795098304748535,2014.300048828125,24.140642166137695,-1.48,1.63
2024-01-12,12.699999809265137,4783.830078125,8.81333065032959,2046.699951171875,24.21625518798828,-1.49,1.64
2024-01-16,13.84000015258789,4765.97998046875,8.758644104003906,2026.0,23.828723907470703,-1.38,1.65
2024-01-17,14.789999961853027,4739.2099609375,8.731302261352539,2002.5999755859375,23.45063591003418,-1.37,1.63
2024-01-18,14.130000114440918,4780.93994140625,8.713074684143066,2018.5999755859375,23.582969665527344,-1.31,1.62
2024-01-19,13.300000190734863,4839.81005859375,8.713074684143066,2026.5,23.781463623046875,-1.3,1.59
2024-01-22,13.1899995803833,4850.43017578125,8.731302261352539,2019.800048828125,23.5451602935791,-1.35,1.59
2024-01-23,12.550000190734863,4864.60009765625,8.713074684143066,2023.699951171875,23.686941146850586,-1.31,1.62
2024-01-24,13.140000343322754,4868.5498046875,8.694846153259277,2013.9000244140625,23.970508575439453,-1.26,1.61
2024-01-25,13.449999809265137,4894.16015625,8.731302261352539,2016.9000244140625,24.055574417114258,-1.3,1.6
2024-01-26,13.260000228881836,4890.97021484375,8.722188949584961,2016.800048828125,24.04612159729004,-1.29,1.58
2024-01-29,13.600000381469727,4927.93017578125,8.749528884887695,2025.199951171875,24.065025329589844,-1.34,1.6
2024-01-30,13.3100004196167,4924.97021484375,8.758644104003906,2031.5,23.828723907470703,-1.36,1.58
2024-01-31,14.350000381469727,4845.64990234375,8.829024314880371,2048.39990234375,23.75310516357422,-1.43,1.61
2024-02-01,13.880000114440918,4906.18994140625,8.874720573425293,2053.0,23.904342651367188,-1.55,1.63
2024-02-02,13.850000381469727,4958.60986328125,8.792462348937988,2036.0999755859375,23.828723907470703,-1.4,1.59
2024-02-05,13.670000076293945,4942.81005859375,8.728483200073242,2025.699951171875,23.80036735534668,-1.25,1.56
2024-02-06,13.0600004196167,4954.22998046875,8.765040397644043,2034.5,24.310781478881836,-1.35,1.58
2024-02-07,12.829999923706055,4995.06005859375,8.746763229370117,2035.199951171875,24.348587036132812,-1.34,1.6
2024-02-08,12.789999961853027,4997.91015625,8.728483200073242,2032.199951171875,24.27297019958496,-1.29,1.6
2024-02-09,12.930000305175781,5026.60986328125,8.710203170776367,2023.300048828125,24.310781478881836,-1.27,1.59
2024-02-12,13.930000305175781,5021.83984375,8.719344139099121,2018.199951171875,24.348587036132812,-1.26,1.58
2024-02-13,15.850000381469727,4953.169921875,8.637084007263184,1992.9000244140625,24.13119125366211,-1.14,1.54
2024-02-14,14.380000114440918,5000.6201171875,8.67364501953125,1990.300048828125,24.339136123657227,-1.16,1.56
2024-02-15,14.010000228881836,5029.72998046875,8.691924095153809,2002.0999755859375,24.462013244628906,-1.19,1.57
2024-02-16,14.239999771118164,5005.56982421875,8.664505004882812,2011.5,24.584888458251953,-1.14,1.53
2024-02-20,15.420000076293945,4975.509765625,8.67364501953125,2027.5,24.641605377197266,-1.17,1.56
2024-02-21,15.34000015258789,4981.7998046875,8.64622688293457,2022.300048828125,24.69831657409668,-1.12,1.54
2024-02-22,14.539999961853027,5087.02978515625,8.64622688293457,2019.699951171875,24.934616088867188,-1.12,1.49
2024-02-23,13.75,5088.7998046875,8.682785034179688,2038.5999755859375,24.87790298461914,-1.2,1.49
2024-02-26,13.739999771118164,5069.52978515625,8.664505004882812,2028.5,24.830644607543945,-1.19,1.53
2024-02-27,13.430000305175781,5078.18017578125,8.64622688293457,2034.0,24.934616088867188,-1.14,1.53
2024-02-28,13.84000015258789,5069.759765625,8.67364501953125,2033.0,24.5754337310791,-1.18,1.55
2024-02-29,13.399999618530273,5096.27001953125,8.70663833618164,2045.699951171875,24.69831657409668,-1.2,1.55
2024-03-01,13.109999656677246,5137.080078125,8.734132766723633,2086.89990234375,24.925167083740234,-1.23,1.57
2024-03-04,13.489999771118164,5130.9501953125,8.724968910217285,2117.699951171875,24.896808624267578,-1.26,1.57
2024-03-05,14.460000038146973,5078.64990234375,8.761627197265625,2133.5,24.707767486572266,-1.34,1.59
2024-03-06,14.5,5104.759765625,8.779956817626953,2150.300048828125,24.96297264099121,-1.36,1.57
2024-03-07,14.4399995803833,5157.35986328125,8.789121627807617,2158.0,25.08584976196289,-1.38,1.59
2024-03-08,14.739999771118164,5123.68994140625,8.798287391662598,2178.60009765625,25.019685745239258,-1.37,1.59
2024-03-11,15.220000267028809,5117.93994140625,8.789121627807617,2182.5,25.06694984436035,-1.38,1.59
2024-03-12,13.84000015258789,5175.27001953125,8.761627197265625,2160.39990234375,25.312700271606445,-1.32,1.55
2024-03-13,13.75,5165.31005859375,8.752462387084961,2175.39990234375,25.142562866210938,-1.29,1.55
2024-03-14,14.399999618530273,5150.47998046875,8.697474479675293,2163.0,25.104753494262695,-1.19,1.53
2024-03-15,14.40999984741211,5117.08984375,8.688309669494629,2157.300048828125,24.98277473449707,-1.17,1.49
2024-03-18,14.329999923706055,5149.419921875,8.679146766662598,2160.699951171875,25.048961639404297,-1.14,1.49
2024-03-19,13.819999694824219,5178.509765625,8.697474479675293,2156.300048828125,24.916580200195312,-1.18,1.5
2024-03-20,13.039999961853027,5224.6201171875,8.715802192687988,2157.89990234375,25.07733154296875,-1.2,1.56
2024-03-21,12.920000076293945,5241.52978515625,8.715802192687988,2182.39990234375,25.15298080444336,-1.21,1.53
2024-03-22,13.0600004196167,5234.18017578125,8.743297576904297,2158.10009765625,25.03005027770996,-1.24,1.53
2024-03-25,13.1899995803833,5218.18994140625,8.734132766723633,2174.800048828125,24.98277473449707,-1.21,1.53
2024-03-26,13.239999771118164,5203.580078125,8.743297576904297,2175.60009765625,24.973316192626953,-1.22,1.53
2024-03-27,12.779999732971191,5248.490234375,8.761627197265625,2190.60009765625,24.992229461669922,-1.25,1.54
2024-03-28,13.010000228881836,5254.35009765625,8.778172492980957,2217.39990234375,25.0867862701416,-1.26,1.5
2024-04-01,13.649999618530273,5243.77001953125,8.71382999420166,2236.5,25.228626251220703,-1.11,1.49
2024-04-02,14.609999656677246,5205.81005859375,8.704638481140137,2261.0,25.29482078552246,-1.06,1.51
2024-04-03,14.329999923706055,5211.490234375,8.71382999420166,2294.39990234375,25.323190689086914,-1.06,1.49
2024-04-04,16.350000381469727,5147.2099609375,8.732213020324707,2288.800048828125,25.28536033630371,-1.1,1.51
2024-04-05,16.030000686645508,5204.33984375,8.68625259399414,2325.699951171875,25.332645416259766,-1.04,1.49
2024-04-08,15.1899995803833,5202.39013671875,8.677064895629883,2331.699951171875,25.45557403564453,-1.01,1.46
2024-04-09,14.979999542236328,5209.91015625,8.704638481140137,2343.5,25.597410202026367,-1.07,1.44
2024-04-10,15.800000190734863,5160.64013671875,8.612719535827637,2329.60009765625,25.50285530090332,-0.9,1.4
2024-04-11,14.90999984741211,5199.06005859375,8.603524208068848,2354.800048828125,25.54067611694336,-0.89,1.41
2024-04-12,17.309999465942383,5123.41015625,8.621912956237793,2356.199951171875,25.10569953918457,-0.95,1.45
2024-04-15,19.229999542236328,5061.81982421875,8.566760063171387,2365.800048828125,24.88821029663086,-0.82,1.46
2024-04-16,18.399999618530273,5051.41015625,8.539185523986816,2390.800048828125,24.58561897277832,-0.78,1.46
2024-04-17,18.209999084472656,5022.2099609375,8.585143089294434,2371.699951171875,24.632898330688477,-0.86,1.48
2024-04-18,18.0,5011.1201171875,8.55756950378418,2382.300048828125,24.651811599731445,-0.82,1.47
2024-04-19,18.709999084472656,4967.22998046875,8.566760063171387,2398.39990234375,24.528886795043945,-0.83,1.46
2024-04-22,16.940000534057617,5010.60009765625,8.566760063171387,2332.199951171875,24.736915588378906,-0.8,1.46
2024-04-23,15.6899995803833,5070.5498046875,8.575953483581543,2327.699951171875,24.93549346923828,-0.84,1.46
2024-04-24,15.970000267028809,5071.6298828125,8.55756950378418,2324.5,25.067874908447266,-0.81,1.48
2024-04-25,15.369999885559082,5048.419921875,8.52999210357666,2329.800048828125,25.13406753540039,-0.77,1.47
2024-04-26,15.029999732971191,5099.9599609375,8.54837703704834,2334.800048828125,25.389379501342773,-0.79,1.45
2024-04-29,14.670000076293945,5116.169921875,8.575953483581543,2345.39990234375,25.61632537841797,-0.82,1.45
2024-04-30,15.649999618530273,5035.68994140625,8.563969612121582,2291.39990234375,25.34210205078125,-0.77,1.44
2024-05-01,15.390000343322754,5018.39013671875,8.591625213623047,2299.89990234375,25.323190689086914,-0.83,1.43
2024-05-02,14.680000305175781,5064.2001953125,8.628498077392578,2299.199951171875,25.8432674407959,-0.88,1.47
2024-05-03,13.489999771118164,5127.7900390625,8.66537094116211,2299.0,26.013477325439453,-0.95,1.49
2024-05-06,13.489999771118164,5180.740234375,8.674592018127441,2321.60009765625,26.041845321655273,-0.96,1.47
2024-05-07,13.229999542236328,5187.7001953125,8.693028450012207,2315.199951171875,25.900007247924805,-0.98,1.45
2024-05-08,13.0,5187.669921875,8.674592018127441,2313.60009765625,25.909461975097656,-0.97,1.47
2024-05-09,12.6899995803833,5214.080078125,8.693028450012207,2332.10009765625,25.918916702270508,-1.01,1.48
2024-05-10,12.550000190734863,5222.68017578125,8.674592018127441,2367.300048828125,26.070213317871094,-0.97,1.48
2024-05-13,13.600000381469727,5221.419921875,8.674592018127441,2336.10009765625,26.221508026123047,-0.97,1.48
2024-05-14,13.420000076293945,5246.68017578125,8.70224666595459,2353.39990234375,26.33498191833496,-0.99,1.48
2024-05-15,12.449999809265137,5308.14990234375,8.75755500793457,2388.699951171875,26.467365264892578,-1.09,1.49
2024-05-16,12.420000076293945,5297.10009765625,8.739119529724121,2380.0,26.675397872924805,-1.07,1.47
2024-05-17,11.989999771118164,5303.27001953125,8.711463928222656,2412.199951171875,26.83614730834961,-1.04,1.48
2024-05-20,12.149999618530273,5308.1298828125,8.70224666595459,2433.89990234375,26.817235946655273,-1.01,1.47
2024-05-21,11.859999656677246,5321.41015625,8.720684051513672,2421.699951171875,26.647029876708984,-1.04,1.48
2024-05-22,12.289999961853027,5307.009765625,8.711463928222656,2389.199951171875,26.618661880493164,-1.02,1.46
2024-05-23,12.770000457763672,5267.83984375,8.683806419372559,2335.0,26.448455810546875,-0.99,1.45
2024-05-24,11.930000305175781,5304.72021484375,8.683806419372559,2332.5,26.4957332611084,-1.0,1.46
2024-05-28,12.920000076293945,5306.0400390625,8.65615177154541,2355.199951171875,26.429542541503906,-0.92,1.45
2024-05-29,14.279999732971191,5266.9501953125,8.619277954101562,2340.300048828125,26.117494583129883,-0.85,1.47
2024-05-30,14.470000267028809,5235.47998046875,8.65615177154541,2342.89990234375,26.013477325439453,-0.91,1.46
2024-05-31,12.920000076293945,5277.509765625,8.709779739379883,2322.89990234375,25.833812713623047,-0.95,1.46
2024-06-03,13.109999656677246,5283.39990234375,8.756010055541992,2346.60009765625,26.136404037475586,-1.11,1.47
2024-06-04,13.15999984741211,5291.33984375,8.783748626708984,2325.5,25.673057556152344,-1.19,1.49
2024-06-05,12.630000114440918,5354.02978515625,8.811487197875977,2354.10009765625,26.108036041259766,-1.22,1.53
2024-06-06,12.579999923706055,5352.9599609375,8.811487197875977,2370.300048828125,26.183685302734375,-1.23,1.5
2024-06-07,12.220000267028809,5346.990234375,8.737518310546875,2305.199951171875,26.070213317871094,-1.09,1.46
2024-06-10,12.739999771118164,5360.7900390625,8.728272438049316,2307.699951171875,26.20259666442871,-1.05,1.46
2024-06-11,12.850000381469727,5375.31982421875,8.756010055541992,2307.5,26.041845321655273,-1.13,1.48
2024-06-12,12.039999961853027,5421.02978515625,8.79299259185791,2336.0,26.20259666442871,-1.2,1.48
2024-06-13,11.9399995803833,5433.740234375,8.839227676391602,2300.199951171875,26.212055206298828,-1.27,1.51
2024-06-14,12.65999984741211,5431.60009765625,8.848470687866211,2331.39990234375,26.278242111206055,-1.31,1.53
2024-06-17,12.75,5473.22998046875,8.811487197875977,2312.39990234375,26.372804641723633,-1.24,1.52
2024-06-18,12.300000190734863,5487.02978515625,8.848470687866211,2330.39990234375,26.533557891845703,-1.28,1.52
2024-06-20,13.279999732971191,5473.169921875,8.820731163024902,2353.800048828125,26.56192398071289,-1.25,1.54
2024-06-21,13.199999809265137,5464.6201171875,8.820731163024902,2316.39990234375,26.441436767578125,-1.24,1.55
2024-06-24,13.329999923706055,5447.8701171875,8.829978942871094,2330.0,26.441436767578125,-1.25,1.53
2024-06-25,12.84000015258789,5469.2998046875,8.829978942871094,2316.60009765625,26.41297149658203,-1.26,1.55
2024-06-26,12.550000190734863,5477.89990234375,8.79299259185791,2299.199951171875,26.37502098083496,-1.18,1.55
2024-06-27,12.239999771118164,5482.8701171875,8.802242279052734,2324.5,26.337074279785156,-1.2,1.55
2024-06-28,12.4399995803833,5460.47998046875,8.79111385345459,2327.699951171875,26.393997192382812,-1.12,1.55
2024-07-01,12.220000267028809,5475.08984375,8.735472679138184,2327.60009765625,26.4509220123291,-0.99,1.55
2024-07-02,12.029999732971191,5509.009765625,8.763293266296387,2323.0,26.469898223876953,-1.04,1.56
2024-07-03,12.09000015258789,5537.02001953125,8.809661865234375,2359.800048828125,26.830419540405273,-1.11,1.53
2024-07-05,12.479999542236328,5567.18994140625,8.84675407409668,2388.5,26.830419540405273,-1.18,1.56
2024-07-08,12.369999885559082,5572.85009765625,8.84675407409668,2355.199951171875,26.90631866455078,-1.18,1.54
2024-07-09,12.510000228881836,5576.97998046875,8.837479591369629,2360.10009765625,27.03914451599121,-1.16,1.56
2024-07-10,12.850000381469727,5633.91015625,8.84675407409668,2372.199951171875,27.143503189086914,-1.18,1.56
2024-07-11,12.920000076293945,5584.5400390625,8.893118858337402,2415.0,27.295303344726562,-1.24,1.58
2024-07-12,12.460000038146973,5615.35009765625,8.911665916442871,2414.0,27.42812728881836,-1.25,1.58
2024-07-15,13.119999885559082,5631.22021484375,8.883844375610352,2422.89990234375,27.228893280029297,-1.2,1.58
2024-07-16,13.1899995803833,5667.2001953125,8.920939445495605,2462.39990234375,27.333251953125,-1.26,1.56
2024-07-17,14.479999542236328,5588.27001953125,8.920939445495605,2454.800048828125,26.94426918029785,-1.27,1.56
2024-07-18,15.930000305175781,5544.58984375,8.902393341064453,2451.800048828125,26.820932388305664,-1.23,1.57
2024-07-19,16.520000457763672,5505.0,8.87457275390625,2395.5,26.53631019592285,-1.18,1.57
2024-07-22,14.90999984741211,5564.41015625,8.865302085876465,2392.0,26.70708465576172,-1.17,1.58
2024-07-23,14.720000267028809,5555.740234375,8.865302085876465,2404.60009765625,26.53631019592285,-1.16,1.59
2024-07-24,18.040000915527344,5427.1298828125,8.84675407409668,2413.300048828125,26.242198944091797,-1.12,1.65
2024-07-25,18.459999084472656,5399.22021484375,8.865302085876465,2351.89990234375,26.166301727294922,-1.12,1.62
2024-07-26,16.389999389648438,5459.10009765625,8.893118858337402,2380.0,26.403484344482422,-1.18,1.65
2024-07-29,16.600000381469727,5463.5400390625,8.902393341064453,2377.300048828125,26.29912567138672,-1.24,1.66
2024-07-30,17.690000534057617,5436.43994140625,8.911665916442871,2405.0,26.20425033569336,-1.25,1.65
2024-07-31,16.360000610351562,5522.2998046875,8.994446754455566,2426.5,26.65964698791504,-1.32,1.68
2024-08-01,18.59000015258789,5446.68017578125,9.022353172302246,2435.0,26.337074279785156,-1.38,1.71
2024-08-02,23.389999389648438,5346.56005859375,9.124666213989258,2425.699951171875,25.957578659057617,-1.49,1.8
2024-08-05,38.56999969482422,5186.330078125,9.115365982055664,2401.699951171875,25.34089469909668,-1.57,1.85
2024-08-06,27.709999084472656,5240.02978515625,9.059557914733887,2389.10009765625,25.492692947387695,-1.44,1.78
2024-08-07,27.850000381469727,5199.5,9.040955543518066,2390.5,25.701417922973633,-1.38,1.8
2024-08-08,23.790000915527344,5319.31005859375,9.022353172302246,2422.199951171875,26.166301727294922,-1.35,1.78
2024-08-09,20.3700008392334,5344.16015625,9.050256729125977,2432.10009765625,26.289636611938477,-1.39,1.77
2024-08-12,20.709999084472656,5344.39013671875,9.059557914733887,2462.39990234375,26.36553382873535,-1.43,1.78
2024-08-13,18.1200008392334,5434.43017578125,9.09676456451416,2466.699951171875,26.55528450012207,-1.47,1.8
2024-08-14,16.190000534057617,5455.2099609375,9.106066703796387,2439.39990234375,26.4509220123291,-1.49,1.74
2024-08-15,15.229999542236328,5543.22021484375,9.068859100341797,2453.10009765625,26.735546112060547,-1.42,1.68
2024-08-16,14.800000190734863,5554.25,9.087459564208984,2498.60009765625,26.90631866455078,-1.44,1.69
2024-08-19,14.649999618530273,5608.25,9.09676456451416,2501.800048828125,27.124528884887695,-1.45,1.68
2024-08-20,15.880000114440918,5597.1201171875,9.124666213989258,2511.300048828125,26.887344360351562,-1.47,1.69
2024-08-21,16.270000457763672,5620.85009765625,9.143270492553711,2508.39990234375,27.001192092895508,-1.47,1.69
2024-08-22,17.549999237060547,5570.64013671875,9.106066703796387,2478.89990234375,26.735546112060547,-1.42,1.7
2024-08-23,15.859999656677246,5634.60986328125,9.143270492553711,2508.39990234375,27.01068115234375,-1.44,1.7
2024-08-26,16.149999618530273,5616.83984375,9.133970260620117,2517.699951171875,26.90631866455078,-1.42,1.7
2024-08-27,15.430000305175781,5625.7998046875,9.133970260620117,2516.0,26.94426918029785,-1.4,1.71
2024-08-28,17.110000610351562,5592.18017578125,9.124666213989258,2501.0,26.764007568359375,-1.37,1.71
2024-08-29,15.649999618530273,5591.9599609375,9.115365982055664,2525.699951171875,26.839906692504883,-1.35,1.69
2024-08-30,15.0,5648.39990234375,9.11443042755127,2493.800048828125,26.94426918029785,-1.3,1.69
2024-09-03,20.719999313354492,5528.93017578125,9.151747703552246,2489.89990234375,26.507848739624023,-1.35,1.73
2024-09-04,21.31999969482422,5520.06982421875,9.198395729064941,2493.39990234375,26.49835968017578,-1.41,1.73
2024-09-05,19.899999618530273,5503.41015625,9.217052459716797,2511.39990234375,26.5837459564209,-1.42,1.73
2024-09-06,22.3799991607666,5408.419921875,9.226381301879883,2493.5,26.213735580444336,-1.41,1.73
2024-09-09,19.450000762939453,5471.0498046875,9.235710144042969,2501.800048828125,26.38450813293457,-1.41,1.73
2024-09-10,19.079999923706055,5495.52001953125,9.263697624206543,2512.300048828125,26.308612823486328,-1.41,1.74
2024-09-11,17.690000534057617,5554.1298828125,9.263697624206543,2512.10009765625,26.46040916442871,-1.45,1.75
2024-09-12,17.06999969482422,5595.759765625,9.245038986206055,2551.199951171875,26.65964698791504,-1.38,1.74
2024-09-13,16.559999465942383,5626.02001953125,9.263697624206543,2581.300048828125,26.726057052612305,-1.31,1.72
2024-09-16,17.139999389648438,5633.08984375,9.2916841506958,2580.39990234375,26.830419540405273,-1.33,1.7
2024-09-17,17.610000610351562,5634.580078125,9.273027420043945,2564.300048828125,26.90631866455078,-1.3,1.68
2024-09-18,18.229999542236328,5618.259765625,9.245038986206055,2570.699951171875,26.782983779907227,-1.14,1.67
2024-09-19,16.329999923706055,5713.64013671875,9.245038986206055,2588.0,27.333251953125,-1.07,1.67
2024-09-20,16.149999618530273,5702.5498046875,9.245038986206055,2619.89990234375,27.295211791992188,-1.02,1.67
2024-09-23,15.890000343322754,5718.56982421875,9.235710144042969,2626.5,27.494932174682617,-0.97,1.65
2024-09-24,15.390000343322754,5732.93017578125,9.245038986206055,2651.199951171875,28.21773338317871,-0.95,1.66
2024-09-25,15.40999984741211,5722.259765625,9.217052459716797,2659.199951171875,28.170181274414062,-0.9,1.65
2024-09-26,15.369999885559082,5745.3701171875,9.207724571228027,2669.89990234375,28.89297866821289,-0.89,1.65
2024-09-27,16.959999084472656,5738.169921875,9.235710144042969,2644.300048828125,28.950044631958008,-0.93,1.66
2024-09-30,16.729999542236328,5762.47998046875,9.233840942382812,2636.10009765625,28.845426559448242,-0.92,1.63
2024-10-01,19.260000228881836,5708.75,9.261906623840332,2667.300048828125,29.092700958251953,-0.97,1.65
2024-10-02,18.899999618530273,5709.5400390625,9.243195533752441,2647.10009765625,29.482633590698242,-0.9,1.64
2024-10-03,20.489999771118164,5699.93994140625,9.205775260925293,2657.10009765625,29.178293228149414,-0.83,1.62
2024-10-04,19.209999084472656,5751.06982421875,9.14028263092041,2645.800048828125,29.520675659179688,-0.75,1.57
2024-10-07,22.639999389648438,5695.93994140625,9.11221981048584,2644.800048828125,29.577741622924805,-0.74,1.54
2024-10-08,21.420000076293945,5751.1298828125,9.121572494506836,2615.0,28.99759292602539,-0.71,1.55
2024-10-09,20.860000610351562,5792.0400390625,9.09350872039795,2606.0,28.750322341918945,-0.69,1.54
2024-10-10,20.93000030517578,5780.0498046875,9.09350872039795,2620.60009765625,28.873958587646484,-0.66,1.54
2024-10-11,20.459999084472656,5815.02978515625,9.09350872039795,2657.60009765625,29.007104873657227,-0.65,1.54
2024-10-14,19.700000762939453,5859.85009765625,9.074796676635742,2647.800048828125,28.950044631958008,-0.65,1.54
2024-10-15,20.639999389648438,5815.259765625,9.121572494506836,2661.39990234375,28.379409790039062,-0.7,1.53
2024-10-16,19.579999923706055,5842.47021484375,9.13093090057373,2674.0,28.59815216064453,-0.7,1.51
2024-10-17,19.110000610351562,5841.47021484375,9.09350872039795,2691.0,28.42696189880371,-0.65,1.53
2024-10-18,18.030000686645508,5864.669921875,9.09350872039795,2713.699951171875,28.816896438598633,-0.65,1.53
2024-10-21,18.3700008392334,5853.97998046875,9.028020858764648,2723.10009765625,28.702768325805664,-0.54,1.54
2024-10-22,18.200000762939453,5851.2001953125,9.028020858764648,2744.199951171875,28.56011390686035,-0.52,1.55
2024-10-23,19.239999771118164,5797.419921875,9.009308815002441,2714.39990234375,28.39842987060547,-0.49,1.54
2024-10-24,19.079999923706055,5809.85986328125,9.01866340637207,2734.89990234375,28.33186149597168,-0.49,1.52
2024-10-25,20.329999923706055,5808.1201171875,8.999953269958496,2740.89990234375,28.322349548339844,-0.48,1.51
2024-10-28,19.799999237060547,5823.52001953125,8.990596771240234,2742.89990234375,28.417451858520508,-0.42,1.51
2024-10-29,19.34000015258789,5832.919921875,8.990596771240234,2768.39990234375,28.341371536254883,-0.42,1.49
2024-10-30,20.350000381469727,5813.669921875,8.990596771240234,2788.5,28.103605270385742,-0.38,1.44
2024-10-31,23.15999984741211,5705.4501953125,9.008426666259766,2738.300048828125,27.941925048828125,-0.36,1.46
2024-11-01,21.8799991607666,5728.7998046875,8.970890998840332,2738.60009765625,28.103605270385742,-0.24,1.46
2024-11-04,21.979999542236328,5712.68994140625,9.008426666259766,2736.10009765625,28.15115737915039,-0.34,1.46
2024-11-05,20.489999771118164,5782.759765625,9.017810821533203,2740.300048828125,28.58864402770996,-0.38,1.45
2024-11-06,16.270000457763672,5929.0400390625,8.952125549316406,2667.60009765625,28.436473846435547,-0.22,1.4
2024-11-07,15.199999809265137,5973.10009765625,9.017810821533203,2698.39990234375,28.83591651916504,-0.32,1.44
2024-11-08,14.9399995803833,5995.5400390625,9.036579132080078,2687.5,28.350879669189453,-0.33,1.38
2024-11-11,14.970000267028809,6001.35009765625,9.017810821533203,2611.199951171875,28.179689407348633,-0.33,1.38
2024-11-12,14.710000038146973,5983.990234375,8.961508750915527,2600.0,27.685142517089844,-0.2,1.36
2024-11-13,14.020000457763672,5985.3798828125,8.961508750915527,2580.800048828125,27.504444122314453,-0.16,1.41
2024-11-14,14.3100004196167,5949.169921875,8.952125549316406,2568.199951171875,27.35227394104004,-0.18,1.39
2024-11-15,16.139999389648438,5870.6201171875,8.952125549316406,2565.699951171875,27.228635787963867,-0.17,1.41
2024-11-18,15.579999923706055,5893.6201171875,8.961508750915527,2610.60009765625,27.42835807800293,-0.21,1.42
2024-11-19,16.350000381469727,5916.97998046875,8.970890998840332,2627.10009765625,27.561506271362305,-0.23,1.42
2024-11-20,17.15999984741211,5917.10986328125,8.961508750915527,2648.199951171875,27.5519962310791,-0.21,1.43
2024-11-21,16.8700008392334,5948.7099609375,8.961508750915527,2672.10009765625,27.399826049804688,-0.2,1.43
2024-11-22,15.239999771118164,5969.33984375,8.961508750915527,2709.89990234375,27.38080596923828,-0.22,1.43
2024-11-25,14.600000381469727,5987.3701171875,9.036579132080078,2616.800048828125,27.409337997436523,-0.35,1.42
2024-11-26,14.100000381469727,6021.6298828125,9.027195930480957,2620.300048828125,27.295211791992188,-0.31,1.43
2024-11-27,14.100000381469727,5998.740234375,9.045960426330566,2639.89990234375,27.32374382019043,-0.35,1.43
2024-11-29,13.510000228881836,6032.3798828125,9.110904693603516,2657.0,27.399826049804688,-0.4,1.44
2024-12-02,13.34000015258789,6047.14990234375,9.110904693603516,2634.89990234375,27.599550247192383,-0.32,1.41
2024-12-03,13.300000190734863,6049.8798828125,9.092082023620605,2644.699951171875,27.770736694335938,-0.26,1.4
2024-12-04,13.449999809265137,6086.490234375,9.120318412780762,2653.800048828125,27.81829071044922,-0.28,1.39
2024-12-05,13.539999961853027,6075.10986328125,9.120318412780762,2626.60009765625,27.960947036743164,-0.29,1.4
2024-12-06,12.770000457763672,6090.27001953125,9.139141082763672,2638.60009765625,28.01801300048828,-0.27,1.42
2024-12-09,14.1899995803833,6052.85009765625,9.110904693603516,2664.89990234375,28.484027862548828,-0.22,1.42
2024-12-10,14.180000305175781,6034.91015625,9.101493835449219,2697.60009765625,28.113117218017578,-0.19,1.41
2024-12-11,13.579999923706055,6084.18994140625,9.082666397094727,2733.800048828125,28.208221435546875,-0.12,1.42
2024-12-12,13.920000076293945,6051.25,9.04502010345459,2687.5,28.056053161621094,-0.03,1.44
2024-12-13,13.8100004196167,6051.08984375,9.007370948791504,2656.0,28.01801300048828,0.06,1.42
2024-12-16,14.6899995803833,6074.080078125,9.016783714294434,2651.39990234375,27.90388298034668,0.02,1.42
2024-12-17,15.869999885559082,6050.60986328125,9.016783714294434,2644.39990234375,27.713672637939453,0.02,1.39
2024-12-18,27.6200008392334,5872.16015625,8.950901985168457,2636.5,27.342761993408203,0.14,1.37
2024-12-19,24.09000015258789,5867.080078125,8.922662734985352,2592.199951171875,27.35227394104004,0.22,1.4
2024-12-20,18.360000610351562,5930.85009765625,8.941488265991211,2628.699951171875,27.371742248535156,0.18,1.43
2024-12-23,16.780000686645508,5974.06982421875,8.913253784179688,2612.300048828125,27.566421508789062,0.23,1.42
2024-12-24,14.270000457763672,6040.0400390625,8.922662734985352,2620.0,27.62482261657715,0.19,1.39
2024-12-26,14.729999542236328,6037.58984375,8.922662734985352,2638.800048828125,27.576154708862305,0.23,1.4
2024-12-27,15.949999809265137,5970.83984375,8.903839111328125,2617.199951171875,27.459346771240234,0.31,1.4
2024-12-30,17.399999618530273,5906.93994140625,8.941488265991211,2606.10009765625,27.31334114074707,0.18,1.43
2024-12-31,17.350000381469727,5881.6298828125,8.950931549072266,2629.199951171875,27.27440071105957,0.21,1.42
2025-01-02,17.93000030517578,5868.5498046875,8.960370063781738,2658.89990234375,27.215999603271484,0.21,1.45
2025-01-03,16.1299991607666,5942.47021484375,8.941489219665527,2645.0,27.31334114074707,0.26,1.44
2025-01-06,16.040000915527344,5975.3798828125,8.93204402923584,2638.39990234375,27.27440071105957,0.27,1.44
2025-01-07,17.81999969482422,5909.02978515625,8.90372085571289,2656.699951171875,27.196533203125,0.32,1.47
2025-01-08,17.700000762939453,5918.25,8.913163185119629,2664.5,26.99211883544922,0.32,1.48
2025-01-09,17.700000762939453,5918.25,8.913163185119629,2683.800048828125,26.99211883544922,0.33,1.46
2025-01-10,19.540000915527344,5827.0400390625,8.856511116027832,2708.5,26.50542449951172,0.41,1.42
2025-01-13,19.190000534057617,5836.22021484375,8.84706974029541,2673.5,26.20367431640625,0.42,1.44
2025-01-14,18.709999084472656,5842.91015625,8.84706974029541,2677.5,26.544361114501953,0.42,1.44
2025-01-15,16.1200008392334,5949.91015625,8.92260456085205,2712.5,26.80717658996582,0.31,1.44
2025-01-16,16.600000381469727,5937.33984375,8.941489219665527,2746.39990234375,26.87531280517578,0.27,1.46
2025-01-17,15.970000267028809,5996.66015625,8.941489219665527,2744.300048828125,27.040788650512695,0.27,1.46
2025-01-21,15.0600004196167,6049.240234375,8.960370063781738,2755.0,27.245203018188477,0.21,1.46
2025-01-22,15.100000381469727,6086.3701171875,8.950931549072266,2767.60009765625,27.284137725830078,0.24,1.43
2025-01-23,15.020000457763672,6118.7099609375,8.93204402923584,2763.10009765625,27.332807540893555,0.29,1.43
2025-01-24,14.850000381469727,6101.240234375,8.941489219665527,2777.300048828125,27.449613571166992,0.28,1.43
2025-01-27,17.899999618530273,6012.27978515625,8.988698959350586,2737.5,27.001853942871094,0.21,1.45
2025-01-28,16.40999984741211,6067.7001953125,8.988698959350586,2766.800048828125,27.177066802978516,0.24,1.45
2025-01-29,16.559999465942383,6039.31005859375,8.979257583618164,2769.10009765625,27.2354679107666,0.24,1.45
2025-01-30,15.84000015258789,6071.169921875,8.988698959350586,2823.0,27.537220001220703,0.22,1.45
2025-01-31,16.43000030517578,6040.52978515625,9.00764274597168,2812.5,27.40094566345215,0.27,1.45
2025-02-03,18.6200008392334,5994.56982421875,9.00764274597168,2833.89990234375,27.157596588134766,0.2,1.46
2025-02-04,17.209999084472656,6037.8798828125,9.01711368560791,2853.300048828125,27.595623016357422,0.19,1.46
2025-02-05,15.770000457763672,6061.47998046875,9.064470291137695,2871.60009765625,27.546953201293945,0.1,1.45
2025-02-06,15.5,6083.56982421875,9.055000305175781,2856.0,27.6442928314209,0.11,1.44
2025-02-07,16.540000915527344,6025.990234375,9.02658462524414,2867.300048828125,27.722164154052734,0.14,1.45
2025-02-10,15.8100004196167,6066.43994140625,9.02658462524414,2914.300048828125,27.877906799316406,0.16,1.45
2025-02-11,16.020000457763672,6068.5,9.00764274597168,2912.5,27.780567169189453,0.19,1.46
2025-02-12,15.890000343322754,6051.97021484375,8.96027946472168,2909.0,27.926576614379883,0.27,1.45
2025-02-13,15.100000381469727,6115.06982421875,9.01711368560791,2925.89990234375,27.946041107177734,0.18,1.44
2025-02-14,14.770000457763672,6114.6298828125,9.04552936553955,2883.60009765625,28.14072036743164,0.13,1.46
2025-02-18,15.350000381469727,6129.580078125,9.00764274597168,2931.60009765625,28.364599227905273,0.21,1.44
2025-02-19,15.270000457763672,6144.14990234375,9.01711368560791,2919.39990234375,28.267261505126953,0.19,1.46
2025-02-20,15.65999984741211,6117.52001953125,9.02658462524414,2940.0,28.4716739654541,0.17,1.47
2025-02-21,18.209999084472656,6013.1298828125,9.064470291137695,2937.60009765625,28.510610580444336,0.1,1.49
2025-02-24,18.979999542236328,5983.25,9.073944091796875,2947.89990234375,28.062850952148438,0.09,1.48
2025-02-25,19.43000030517578,5955.25,9.130772590637207,2904.5,28.033647537231445,0.0,1.5
2025-02-26,19.100000381469727,5956.06005859375,9.149717330932617,2916.800048828125,28.325666427612305,-0.06,1.51
2025-02-27,21.1299991607666,5861.56982421875,9.130772590637207,2883.199951171875,27.916841506958008,-0.03,1.52
2025-02-28,19.6299991607666,5954.5,9.195369720458984,2836.800048828125,27.46908187866211,-0.08,1.57
2025-03-03,22.780000686645508,5849.72021484375,9.214367866516113,2890.199951171875,27.26466941833496,-0.19,1.61
2025-03-04,23.510000228881836,5778.14990234375,9.185871124267578,2909.60009765625,27.43988037109375,-0.12,1.61
2025-03-05,21.93000030517578,5842.6298828125,9.157370567321777,2915.300048828125,28.286727905273438,-0.07,1.57
2025-03-06,24.8700008392334,5738.52001953125,9.147872924804688,2916.60009765625,28.179656982421875,-0.05,1.59
2025-03-07,23.3700008392334,5770.2001953125,9.138375282287598,2904.699951171875,28.296463012695312,-0.02,1.61
2025-03-10,27.860000610351562,5614.56005859375,9.176371574401855,2891.0,27.634557723999023,-0.11,1.64
2025-03-11,26.920000076293945,5572.06982421875,9.147872924804688,2912.89990234375,27.85843849182129,-0.06,1.68
2025-03-12,24.229999542236328,5599.2998046875,9.119373321533203,2939.10009765625,27.95577621459961,-0.03,1.65
2025-03-13,24.65999984741211,5521.52001953125,9.147872924804688,2984.300048828125,27.809768676757812,-0.07,1.7
2025-03-14,21.770000457763672,5638.93994140625,9.128872871398926,2994.5,28.267261505126953,-0.02,1.65
2025-03-17,20.510000228881836,5675.1201171875,9.128872871398926,3000.0,28.646883010864258,-0.03,1.63
2025-03-18,21.700000762939453,5614.66015625,9.138375282287598,3035.10009765625,28.656620025634766,-0.05,1.63
2025-03-19,19.899999618530273,5675.2900390625,9.1668701171875,3035.89990234375,28.67608642578125,-0.08,1.64
2025-03-20,19.799999237060547,5662.89013671875,9.176371574401855,3040.0,28.50087547302246,-0.09,1.64
2025-03-21,19.280000686645508,5667.56005859375,9.1668701171875,3018.199951171875,28.348955154418945,-0.08,1.68
2025-03-24,17.479999542236328,5767.56982421875,9.119373321533203,3013.10009765625,28.446340560913086,0.01,1.64
2025-03-25,17.149999618530273,5776.64990234375,9.128872871398926,3023.699951171875,28.358694076538086,-0.02,1.66
2025-03-26,18.329999923706055,5712.2001953125,9.109874725341797,3020.89990234375,28.193138122558594,0.02,1.66
2025-03-27,18.690000534057617,5693.31005859375,9.10037612915039,3060.199951171875,28.358694076538086,0.05,1.68
2025-03-28,21.649999618530273,5580.93994140625,9.147872924804688,3086.5,27.9399356842041,-0.06,1.73
2025-03-31,22.280000686645508,5611.85009765625,9.1964750289917,3122.800048828125,27.842548370361328,-0.09,1.76
2025-04-01,21.770000457763672,5633.06982421875,9.225068092346191,3118.89990234375,27.949674606323242,-0.15,1.73
2025-04-02,21.510000228881836,5670.97021484375,9.215537071228027,3139.89990234375,27.99836540222168,-0.12,1.73
2025-04-03,30.020000457763672,5396.52001953125,9.26318645477295,3097.0,27.472482681274414,-0.25,1.89
2025-04-04,45.310001373291016,5074.080078125,9.272716522216797,3012.0,26.235687255859375,-0.27,1.94
2025-04-07,46.97999954223633,5062.25,9.167885780334473,2951.300048828125,25.339738845825195,-0.14,2.02
2025-04-08,52.33000183105469,4982.77001953125,9.120234489440918,2968.39990234375,24.89176368713379,-0.05,2.0
2025-04-09,33.619998931884766,5456.89990234375,9.101177215576172,3056.5,25.94352912902832,-0.01,2.02
2025-04-10,40.720001220703125,5268.0498046875,9.0535249710083,3155.199951171875,25.70006561279297,0.06,1.97
2025-04-11,37.560001373291016,5363.35986328125,9.034468650817871,3222.199951171875,26.362285614013672,0.14,1.9
2025-04-14,30.889999389648438,5405.97021484375,9.091646194458008,3204.800048828125,26.742090225219727,0.05,1.9
2025-04-15,30.1200008392334,5396.6298828125,9.101177215576172,3218.699951171875,26.85895538330078,0.02,1.9
2025-04-16,32.63999938964844,5275.7001953125,9.129765510559082,3326.60009765625,26.518104553222656,-0.04,1.92
2025-04-17,29.649999618530273,5282.7001953125,9.11070728302002,3308.699951171875,26.76156997680664,0.0,1.92
2025-04-21,33.81999969482422,5158.2001953125,9.063056945800781,3406.199951171875,26.781044006347656,0.08,1.96
2025-04-22,30.56999969482422,5287.759765625,9.07258415222168,3400.800048828125,27.16084861755371,0.08,1.93
2025-04-23,28.450000762939453,5375.85986328125,9.091646194458008,3276.300048828125,27.482221603393555,0.07,1.86
2025-04-24,26.469999313354492,5484.77001953125,9.139296531677246,3332.0,27.73542594909668,0.0,1.86
2025-04-25,24.84000015258789,5525.2099609375,9.167885780334473,3282.39990234375,27.638038635253906,-0.03,1.84
2025-04-28,25.149999618530273,5528.75,9.186946868896484,3332.5,27.715946197509766,-0.09,1.87
2025-04-29,24.170000076293945,5560.830078125,9.215537071228027,3318.800048828125,27.8035945892334,-0.12,1.88
2025-04-30,24.700000762939453,5569.06005859375,9.234654426574707,3305.0,27.90097999572754,-0.14,1.96
2025-05-01,24.600000381469727,5604.14013671875,9.205976486206055,3210.0,27.96915054321289,-0.06,1.95
2025-05-02,22.68000030517578,5686.669921875,9.158177375793457,3231.89990234375,28.514509201049805,0.0,1.9
2025-05-05,23.639999389648438,5650.3798828125,9.1486177444458,3311.300048828125,28.543724060058594,0.03,1.91
2025-05-06,24.760000228881836,5606.91015625,9.167737007141113,3411.39990234375,28.582679748535156,-0.03,1.95
2025-05-07,23.549999237060547,5631.27978515625,9.167737007141113,3381.39990234375,28.582679748535156,-0.08,1.95
2025-05-08,22.479999542236328,5663.93994140625,9.129500389099121,3296.60009765625,28.417123794555664,0.03,1.89
2025-05-09,21.899999618530273,5659.91015625,9.139059066772461,3335.39990234375,28.524250030517578,0.03,1.89
2025-05-12,18.389999389648438,5844.18994140625,9.100818634033203,3220.0,29.254642486572266,0.03,1.82
2025-05-13,18.219999313354492,5886.5498046875,9.09126091003418,3240.300048828125,29.303335189819336,0.08,1.82
2025-05-14,18.6200008392334,5892.580078125,9.07214069366455,3181.39990234375,29.527320861816406,0.12,1.8
2025-05-15,17.829999923706055,5916.93017578125,9.11037826538086,3220.699951171875,29.459150314331055,0.07,1.83
2025-05-16,17.239999771118164,5958.3798828125,9.119940757751465,3182.0,29.468889236450195,0.06,1.82
2025-05-19,18.139999389648438,5963.60009765625,9.11037826538086,3228.89990234375,29.507841110229492,0.07,1.84
2025-05-20,18.09000015258789,5940.4599609375,9.100818634033203,3280.300048828125,29.40071678161621,0.1,1.82
2025-05-21,20.8700008392334,5844.60986328125,9.043461799621582,3309.300048828125,29.410457611083984,0.22,1.85
2025-05-22,20.280000686645508,5842.009765625,9.062582969665527,3292.300048828125,29.332548141479492,0.17,1.87
2025-05-23,22.290000915527344,5802.81982421875,9.07214069366455,3363.60009765625,29.420194625854492,0.15,1.88
2025-05-27,18.959999084472656,5921.5400390625,9.11037826538086,3299.10009765625,29.32280921936035,0.08,1.84
2025-05-28,19.309999465942383,5888.5498046875,9.09126091003418,3293.60009765625,29.205947875976562,0.12,1.83
2025-05-29,19.18000030517578,5912.169921875,9.119940757751465,3317.10009765625,29.26437759399414,0.07,1.81
2025-05-30,18.56999969482422,5911.68994140625,9.168852806091309,3288.89990234375,28.97222328186035,0.05,1.84
2025-06-02,18.360000610351562,5935.93994140625,9.1400785446167,3370.60009765625,29.14751625061035,0.02,1.84
2025-06-03,17.690000534057617,5970.3701171875,9.1400785446167,3350.199951171875,29.21568489074707,0.03,1.81
2025-06-04,17.610000610351562,5970.81005859375,9.197624206542969,3373.5,29.459150314331055,-0.07,1.8
2025-06-05,18.479999542236328,5939.2998046875,9.17844295501709,3350.699951171875,29.595489501953125,-0.04,1.77
2025-06-06,16.770000457763672,6000.35986328125,9.130489349365234,3322.699951171875,29.702613830566406,0.08,1.73
2025-06-09,17.15999984741211,6005.8798828125,9.1400785446167,3332.10009765625,29.907123565673828,0.05,1.72
2025-06-10,16.950000762939453,6038.81005859375,9.149670600891113,3320.89990234375,30.11163330078125,0.02,1.71
2025-06-11,17.260000228881836,6022.240234375,9.17844295501709,3321.300048828125,30.218759536743164,-0.04,1.74
2025-06-12,18.020000457763672,6045.259765625,9.216806411743164,3380.89990234375,30.16032600402832,-0.1,1.73
2025-06-13,20.81999969482422,5976.97021484375,9.17844295501709,3431.199951171875,29.761045455932617,-0.04,1.75
2025-06-16,19.110000610351562,6033.10986328125,9.159261703491211,3396.39990234375,29.985034942626953,0.03,1.74
2025-06-17,21.600000381469727,5982.72021484375,9.188033103942871,3386.60009765625,29.75130844116211,-0.03,1.74
2025-06-18,20.139999389648438,5980.8701171875,9.197624206542969,3389.800048828125,29.653921127319336,-0.04,1.77
2025-06-20,20.6200008392334,5967.83984375,9.197624206542969,3368.10009765625,29.382545471191406,-0.01,1.76
2025-06-23,19.829999923706055,6025.169921875,9.216806411743164,3377.699951171875,29.49968719482422,-0.04,1.77
2025-06-24,17.479999542236328,6092.18017578125,9.216806411743164,3317.39990234375,29.49968719482422,-0.08,1.78
2025-06-25,16.760000228881836,6092.16015625,9.24557876586914,3327.10009765625,30.251333236694336,-0.09,1.79
2025-06-26,16.59000015258789,6141.02001953125,9.27435302734375,3333.5,30.505136489868164,-0.13,1.8
2025-06-27,16.31999969482422,6173.06982421875,9.24557876586914,3273.699951171875,30.544185638427734,-0.1,1.79
2025-06-30,16.729999542236328,6204.9501953125,9.312926292419434,3294.39990234375,30.47585105895996,-0.17,1.75
2025-07-01,16.829999923706055,6198.009765625,9.303305625915527,3336.699951171875,30.622278213500977,-0.14,1.72
2025-07-02,16.639999389648438,6227.419921875,9.293683052062988,3348.0,30.72965431213379,-0.11,1.7
2025-07-03,16.3799991607666,6279.35009765625,9.264820098876953,3331.60009765625,30.86631965637207,-0.07,1.67
2025-07-04,16.3799991607666,6279.35009765625,9.264820098876953,3332.5,30.86631965637207,-0.07,1.67
2025-07-07,17.790000915527344,6229.97998046875,9.235960006713867,3332.199951171875,30.534421920776367,-0.02,1.71
2025-07-08,16.809999465942383,6225.52001953125,9.226336479187012,3307.0,30.64179801940918,0.0,1.71
2025-07-09,15.9399995803833,6263.259765625,9.264820098876953,3311.60009765625,30.602752685546875,-0.08,1.73
2025-07-10,15.779999732971191,6280.4599609375,9.264820098876953,3317.39990234375,30.66132164001465,-0.07,1.7
2025-07-11,16.399999618530273,6259.75,9.226336479187012,3356.0,30.583229064941406,0.02,1.72
2025-07-14,17.200000762939453,6268.56005859375,9.216715812683105,3351.5,30.622278213500977,0.01,1.73
2025-07-15,17.3799991607666,6243.759765625,9.19747543334961,3329.800048828125,30.905363082885742,0.08,1.7
2025-07-16,17.15999984741211,6263.7001953125,9.2070951461792,3352.5,30.944412231445312,0.05,1.73
2025-07-17,16.520000457763672,6297.35986328125,9.2070951461792,3340.10009765625,31.149404525756836,0.06,1.71
2025-07-18,16.40999984741211,6296.7900390625,9.226336479187012,3353.0,31.17868995666504,0.04,1.73
2025-07-21,16.649999618530273,6305.60009765625,9.24557876586914,3401.89990234375,31.29583168029785,-0.03,1.73
2025-07-22,16.5,6309.6201171875,9.264820098876953,3439.199951171875,31.217735290527344,-0.06,1.73
2025-07-23,15.369999885559082,6358.91015625,9.24557876586914,3394.10009765625,31.598438262939453,-0.01,1.71
2025-07-24,15.390000343322754,6363.35009765625,9.235960006713867,3371.0,31.500822067260742,0.01,1.68
2025-07-25,14.930000305175781,6388.64013671875,9.24557876586914,3334.0,31.39344596862793,-0.02,1.69
2025-07-28,15.029999732971191,6389.77001953125,9.235960006713867,3309.10009765625,31.198211669921875,0.02,1.69
2025-07-29,15.979999542236328,6370.85986328125,9.27444076538086,3323.39990234375,31.198211669921875,-0.06,1.7
2025-07-30,15.479999542236328,6362.89990234375,9.255200386047363,3295.800048828125,31.01274299621582,-0.03,1.69
2025-07-31,16.719999313354492,6339.39013671875,9.285120964050293,3293.199951171875,30.80774688720703,-0.04,1.67
2025-08-01,20.3799991607666,6238.009765625,9.362336158752441,3347.699951171875,30.553945541381836,-0.12,1.75
2025-08-04,17.520000457763672,6329.93994140625,9.371987342834473,3374.39990234375,30.91512680053711,-0.13,1.74
2025-08-05,17.850000381469727,6299.18994140625,9.371987342834473,3381.89990234375,31.01274299621582,-0.12,1.72
2025-08-06,16.770000457763672,6345.06005859375,9.362336158752441,3380.0,31.11035919189453,-0.1,1.75
2025-08-07,16.56999969482422,6340.0,9.352684020996094,3400.300048828125,31.364160537719727,-0.09,1.74
2025-08-08,15.149999618530273,6389.4501953125,9.333380699157715,3439.10009765625,31.29583168029785,-0.05,1.74
2025-08-11,16.25,6373.4501953125,9.343032836914062,3353.10009765625,31.27630615234375,-0.07,1.72
2025-08-12,14.729999542236328,6445.759765625,9.333380699157715,3348.89990234375,31.539873123168945,-0.04,1.73
2025-08-13,14.489999771118164,6466.580078125,9.371987342834473,3358.699951171875,31.89128875732422,-0.05,1.71
2025-08-14,14.829999923706055,6468.5400390625,9.343032836914062,3335.199951171875,31.647247314453125,-0.01,1.71
2025-08-15,15.09000015258789,6449.7998046875,9.323728561401367,3336.0,31.7351016998291,0.03,1.69
2025-08-18,14.989999771118164,6449.14990234375,9.323728561401367,3331.699951171875,31.920576095581055,0.01,1.7
2025-08-19,15.569999694824219,6411.3701171875,9.333380699157715,3313.39990234375,31.7351016998291,0.0,1.71
2025-08-20,15.6899995803833,6395.77978515625,9.343032836914062,3343.39990234375,31.647247314453125,-0.01,1.73
2025-08-21,16.600000381469727,6370.169921875,9.314077377319336,3336.89990234375,31.68629264831543,0.01,1.72
2025-08-22,14.220000267028809,6466.91015625,9.362336158752441,3374.39990234375,32.0279541015625,-0.01,1.73
2025-08-25,14.789999961853027,6439.31982421875,9.352684020996094,3373.800048828125,32.10604476928711,-0.01,1.7
2025-08-26,14.619999885559082,6465.93994140625,9.362336158752441,3388.60009765625,32.037715911865234,-0.02,1.75
2025-08-27,14.850000381469727,6481.39990234375,9.362336158752441,3404.60009765625,31.783912658691406,-0.02,1.77
2025-08-28,14.430000305175781,6501.85986328125,9.381640434265137,3431.800048828125,31.793672561645508,-0.04,1.75
2025-08-29,15.359999656677246,6460.259765625,9.362336158752441,3473.699951171875,31.725343704223633,0.0,1.8
2025-09-02,17.170000076293945,6415.5400390625,9.343032836914062,3549.39990234375,31.75462532043457,0.08,1.81
2025-09-03,16.350000381469727,6448.259765625,9.371987342834473,3593.199951171875,31.81319808959961,0.04,1.78
2025-09-04,15.300000190734863,6502.080078125,9.4009428024292,3565.800048828125,31.69605827331543,0.01,1.8
2025-09-05,15.180000305175781,6481.5,9.43955135345459,3613.199951171875,32.037715911865234,0.03,1.78
2025-09-08,15.109999656677246,6495.14990234375,9.478158950805664,3638.10009765625,32.271995544433594,-0.05,1.76
2025-09-09,15.039999961853027,6512.60986328125,9.458855628967285,3643.300048828125,32.50627136230469,-0.02,1.75
2025-09-10,15.350000381469727,6532.0400390625,9.468506813049316,3643.60009765625,32.65269470214844,-0.05,1.75
2025-09-11,14.710000038146973,6587.47021484375,9.487811088562012,3636.89990234375,32.935787200927734,-0.07,1.74
2025-09-12,14.760000228881836,6584.2900390625,9.468506813049316,3649.39990234375,33.004119873046875,-0.02,1.7
2025-09-15,15.6899995803833,6615.27978515625,9.487811088562012,3682.199951171875,33.150543212890625,-0.01,1.68
2025-09-16,16.360000610351562,6606.759765625,9.497462272644043,3688.89990234375,33.40434265136719,0.0,1.69
2025-09-17,15.720000267028809,6600.35009765625,9.478158950805664,3681.800048828125,33.59957504272461,0.04,1.7
2025-09-18,15.699999809265137,6631.9599609375,9.449203491210938,3643.699951171875,33.5507698059082,0.08,1.68
2025-09-19,15.449999809265137,6664.35986328125,9.449203491210938,3671.5,33.41151428222656,0.11,1.68
2025-09-22,16.100000381469727,6693.75,9.429898262023926,3740.699951171875,33.49977111816406,0.15,1.67
2025-09-23,16.639999389648438,6656.919921875,9.449203491210938,3780.60009765625,33.421321868896484,0.12,1.69
2025-09-24,16.18000030517578,6637.97021484375,9.429898262023926,3732.10009765625,33.480159759521484,0.14,1.68
2025-09-25,16.739999771118164,6604.72021484375,9.420245170593262,3736.89990234375,33.33306121826172,0.14,1.67
2025-09-26,15.289999961853027,6643.7001953125,9.420245170593262,3775.300048828125,33.10750198364258,0.18,1.65
2025-09-29,16.1200008392334,6661.2099609375,9.43955135345459,3820.89990234375,33.3820915222168,0.11,1.64
2025-09-30,16.280000686645508,6688.4599609375,9.459883689880371,3840.800048828125,33.52919387817383,0.14,1.67
2025-10-01,16.290000915527344,6711.2001953125,9.488932609558105,3867.5,33.7841682434082,0.11,1.69
2025-10-02,16.6299991607666,6715.35009765625,9.498615264892578,3839.699951171875,33.89204406738281,0.08,1.68
2025-10-03,16.649999618530273,6715.7900390625,9.479249000549316,3880.800048828125,33.98030471801758,0.1,1.66
2025-10-06,16.3700008392334,6740.27978515625,9.459883689880371,3948.5,34.11759948730469,0.16,1.65
2025-10-07,17.239999771118164,6714.58984375,9.479249000549316,3976.60009765625,33.911659240722656,0.13,1.67
2025-10-08,16.299999237060547,6753.72021484375,9.479249000549316,4043.300048828125,34.097984313964844,0.12,1.68
2025-10-09,16.43000030517578,6735.10986328125,9.469566345214844,3946.300048828125,33.852813720703125,0.11,1.69
2025-10-10,21.65999984741211,6552.509765625,9.508296966552734,3975.89990234375,32.78388595581055,0.03,1.72
2025-10-13,19.030000686645508,6654.72021484375,9.508296966552734,4108.60009765625,33.54880905151367,0.03,1.72
2025-10-14,20.809999465942383,6644.31005859375,9.52766227722168,4138.7001953125,33.254608154296875,0.01,1.71
2025-10-15,20.639999389648438,6671.06005859375,9.517979621887207,4176.89990234375,33.70571517944336,0.02,1.68
2025-10-16,25.309999465942383,6629.06982421875,9.55671215057373,4280.2001953125,33.80378341674805,-0.03,1.71
2025-10-17,20.780000686645508,6664.009765625,9.537344932556152,4189.89990234375,33.65667724609375,0.02,1.7
2025-10-20,18.229999542236328,6735.1298828125,9.547028541564941,4336.39990234375,34.03914260864258,0.03,1.68
2025-10-21,17.8700008392334,6735.35009765625,9.56639289855957,4087.699951171875,33.82339859008789,0.02,1.67
2025-10-22,18.600000381469727,6699.39990234375,9.56639289855957,4044.39990234375,33.7253303527832,0.01,1.69
2025-10-23,17.299999237060547,6738.43994140625,9.537344932556152,4125.5,34.01953125,0.06,1.66
2025-10-24,16.3700008392334,6791.68994140625,9.547028541564941,4118.39990234375,34.166629791259766,0.09,1.65
2025-10-27,15.789999961853027,6875.16015625,9.55671215057373,4001.89990234375,34.41179656982422,0.12,1.63
2025-10-28,16.420000076293945,6890.89013671875,9.55671215057373,3966.199951171875,34.41179656982422,0.1,1.65
2025-10-29,16.920000076293945,6890.58984375,9.508296966552734,3983.699951171875,34.53928756713867,0.15,1.61
2025-10-30,16.90999984741211,6822.33984375,9.498615264892578,4001.300048828125,34.22547149658203,0.19,1.64
2025-10-31,17.440000534057617,6840.2001953125,9.519012451171875,3982.199951171875,33.999916076660156,0.22,1.69
2025-11-03,17.170000076293945,6851.97021484375,9.509299278259277,4000.300048828125,34.166629791259766,0.15,1.71
2025-11-04,19.0,6771.5498046875,9.519012451171875,3947.699951171875,33.71552276611328,0.14,1.72
2025-11-05,18.010000228881836,6796.2900390625,9.4801607131958,3980.300048828125,33.931270599365234,0.21,1.7
2025-11-06,19.5,6720.31982421875,9.519012451171875,3979.89990234375,33.83320236206055,0.18,1.72
2025-11-07,19.079999923706055,6728.7998046875,9.509299278259277,3999.39990234375,33.7841682434082,0.19,1.75
2025-11-10,17.600000381469727,6832.43017578125,9.509299278259277,4111.7998046875,34.17643737792969,0.18,1.73
2025-11-11,17.280000686645508,6846.60986328125,9.528725624084473,4106.7998046875,34.21566390991211,0.18,1.73
2025-11-12,17.510000228881836,6850.919921875,9.528725624084473,4204.39990234375,34.23527526855469,0.13,1.75
2025-11-13,20.0,6737.490234375,9.499585151672363,4186.89990234375,33.999916076660156,0.15,1.77
2025-11-14,19.829999923706055,6734.10986328125,9.4801607131958,4087.60009765625,33.88223648071289,0.19,1.77
2025-11-17,22.3799991607666,6672.41015625,9.489873886108398,4068.300048828125,33.64687728881836,0.16,1.77
2025-11-18,24.690000534057617,6617.31982421875,9.489873886108398,4061.300048828125,33.421321868896484,0.18,1.79
2025-11-19,23.65999984741211,6642.16015625,9.489873886108398,4077.699951171875,33.372283935546875,0.18,1.79
2025-11-20,26.420000076293945,6538.759765625,9.509299278259277,4056.5,32.999629974365234,0.16,1.8
2025-11-21,23.43000030517578,6602.990234375,9.519012451171875,4076.699951171875,32.88195037841797,0.16,1.82
2025-11-24,20.520000457763672,6705.1201171875,9.53843879699707,4091.89990234375,33.17615509033203,0.13,1.8
2025-11-25,18.559999465942383,6765.8798828125,9.557865142822266,4139.2001953125,33.313446044921875,0.11,1.79
2025-11-26,17.190000534057617,6812.60986328125,9.56757926940918,4165.2001953125,33.519386291503906,0.08,1.78
2025-11-28,16.350000381469727,6849.08984375,9.578298568725586,4218.2998046875,33.56842041015625,0.14,1.78
2025-12-01,17.239999771118164,6812.6298828125,9.539320945739746,4239.2998046875,33.617454528808594,0.28,1.78
2025-12-02,16.59000015258789,6829.3701171875,9.549065589904785,4186.60009765625,33.55861282348633,0.32,1.76
2025-12-03,16.079999923706055,6849.72021484375,9.558809280395508,4199.2998046875,33.509578704833984,0.34,1.77
2025-12-04,15.779999732971191,6857.1201171875,9.539320945739746,4211.7998046875,33.56842041015625,0.4,1.76
2025-12-05,15.40999984741211,6870.39990234375,9.529576301574707,4212.89990234375,33.69590759277344,0.43,1.74
2025-12-08,16.65999984741211,6846.509765625,9.510090827941895,4187.2001953125,33.617454528808594,0.44,1.73
2025-12-09,16.93000030517578,6840.509765625,9.500345230102539,4206.7001953125,33.53900146484375,0.45,1.73
2025-12-10,15.770000457763672,6886.68017578125,9.529576301574707,4196.39990234375,33.77436065673828,0.44,1.76
2025-12-11,14.850000381469727,6901.0,9.529576301574707,4285.5,33.686100006103516,0.48,1.73
2025-12-12,15.739999771118164,6827.41015625,9.500345230102539,4300.10009765625,33.52919387817383,0.56,1.76
2025-12-15,16.5,6816.509765625,9.510090827941895,4306.7001953125,33.3820915222168,0.53,1.77
2025-12-16,16.479999542236328,6800.259765625,9.519834518432617,4304.5,33.06827926635742,0.51,1.78
2025-12-17,17.6200008392334,6721.43017578125,9.519834518432617,4347.5,32.970211029052734,0.52,1.78
2025-12-18,16.8700008392334,6774.759765625,9.539320945739746,4339.5,33.24480056762695,0.5,1.78
2025-12-19,14.90999984741211,6834.5,9.519834518432617,4361.39990234375,33.50963592529297,0.54,1.76
2025-12-22,14.079999923706055,6878.490234375,9.519834518432617,4444.60009765625,33.77947235107422,0.53,1.76
2025-12-23,14.0,6909.7900390625,9.519834518432617,4482.7998046875,33.91938781738281,0.53,1.74
2025-12-24,13.470000267028809,6932.0498046875,9.539320945739746,4480.60009765625,33.89939880371094,0.46,1.73
2025-12-26,13.600000381469727,6929.93994140625,9.539320945739746,4529.10009765625,34.069297790527344,0.5,1.75
2025-12-29,14.199999809265137,6905.740234375,9.549065589904785,4325.10009765625,33.80945587158203,0.44,1.76
2025-12-30,14.329999923706055,6896.240234375,9.539320945739746,4370.10009765625,33.89939880371094,0.49,1.75
2025-12-31,14.949999809265137,6845.5,9.551053047180176,4325.60009765625,33.97935104370117,0.51,1.72
2026-01-02,14.510000228881836,6858.47021484375,9.541277885437012,4314.39990234375,34.618961334228516,0.54,1.74
2026-01-05,14.899999618530273,6902.0498046875,9.560829162597656,4436.89990234375,34.81884002685547,0.53,1.75
2026-01-06,14.75,6944.81982421875,9.551053047180176,4482.2001953125,35.108665466308594,0.55,1.74
2026-01-07,15.380000114440918,6920.93017578125,9.560829162597656,4449.2998046875,34.91877746582031,0.53,1.73
2026-01-08,15.449999809265137,6921.4599609375,9.541277885437012,4449.7001953125,34.86880874633789,0.57,1.73
2026-01-09,14.489999771118164,6966.27978515625,9.560829162597656,4490.2998046875,34.95875549316406,0.56,1.7
2026-01-12,15.119999885559082,6977.27001953125,9.551053047180176,4604.2998046875,35.49842834472656,0.52,1.7
2026-01-13,15.979999542236328,6963.740234375,9.560829162597656,4589.2001953125,35.35851287841797,0.51,1.69
2026-01-14,16.75,6926.60009765625,9.580381393432617,4626.2998046875,35.39848709106445,0.48,1.68
2026-01-15,15.84000015258789,6944.47021484375,9.570605278015137,4616.2998046875,35.53840637207031,0.49,1.65
2026-01-16,15.859999656677246,6940.009765625,9.541277885437012,4588.39990234375,35.368507385253906,0.57,1.63
2026-01-20,20.09000015258789,6796.85986328125,9.511948585510254,4759.60009765625,35.07868194580078,0.6,1.65
2026-01-21,16.899999618530273,6875.6201171875,9.531500816345215,4831.7998046875,35.328529357910156,0.56,1.62
2026-01-22,15.640000343322754,6913.35009765625,9.541277885437012,4908.7998046875,35.698307037353516,0.55,1.59
2026-01-23,16.09000015258789,6915.60986328125,9.541277885437012,4976.2001953125,35.74827575683594,0.54,1.61
2026-01-26,16.149999618530273,6950.22998046875,9.551053047180176,5079.7001953125,35.83822250366211,0.55,1.61
2026-01-27,16.350000381469727,6978.60009765625,9.541277885437012,5079.89990234375,36.28794860839844,0.57,1.61
2026-01-28,16.350000381469727,6978.02978515625,9.541277885437012,5301.60009765625,36.55778503417969,0.58,1.62
2026-01-29,16.8799991607666,6969.009765625,9.541277885437012,5318.39990234375,36.39788055419922,0.57,1.63
2026-01-30,17.440000534057617,6939.02978515625,9.572664260864258,4713.89990234375,35.6683235168457,0.59,1.62
2026-02-02,16.34000015258789,6976.43994140625,9.553047180175781,4622.5,35.77825927734375,0.6,1.61
2026-02-03,18.0,6917.81005859375,9.562853813171387,4903.7001953125,35.968143463134766,0.59,1.63
2026-02-04,18.639999389648438,6882.72021484375,9.553047180175781,4920.39990234375,35.64833450317383,0.6,1.64
2026-02-05,21.770000457763672,6798.39990234375,9.592278480529785,4861.39990234375,35.428470611572266,0.54,1.67
2026-02-06,20.3700008392334,6932.2998046875,9.592278480529785,4951.2001953125,36.148033142089844,0.54,1.65
2026-02-09,17.360000610351562,6964.81982421875,9.592278480529785,5050.89990234375,36.5078125,0.53,1.64
2026-02-10,17.790000915527344,6941.81005859375,9.621703147888184,5003.7998046875,36.61774826049805,0.47,1.66
2026-02-11,17.649999618530273,6941.47021484375,9.602086067199707,5071.60009765625,36.93755340576172,0.48,1.67
2026-02-12,20.81999969482422,6832.759765625,9.641319274902344,4923.7001953125,36.47783279418945,0.39,1.68
2026-02-13,20.600000381469727,6836.169921875,9.660934448242188,5022.0,36.417869567871094,0.36,1.72
2026-02-17,20.290000915527344,6843.22021484375,9.660934448242188,4882.89990234375,36.447853088378906,0.36,1.7
2026-02-18,19.6200008392334,6881.31005859375,9.65112590789795,4986.5,36.59775924682617,0.39,1.67
2026-02-19,20.229999542236328,6861.89013671875,9.65112590789795,4975.89990234375,36.42786407470703,0.39,1.68
2026-02-20,19.09000015258789,6909.509765625,9.65112590789795,5059.2998046875,36.87759017944336,0.39,1.69
2026-02-23,21.010000228881836,6837.75,9.67074203491211,5204.7001953125,36.677711486816406,0.34,1.73
2026-02-24,19.549999237060547,6890.06982421875,9.660934448242188,5155.7998046875,36.9775276184082,0.35,1.73
2026-02-25,17.93000030517578,6946.1298828125,9.660934448242188,5206.39990234375,37.227378845214844,0.36,1.73
2026-02-26,18.6299991607666,6908.85986328125,9.67074203491211,5176.5,36.82761764526367,0.34,1.75
2026-02-27,19.860000610351562,6878.8798828125,9.71894359588623,5230.5,36.687705993652344,0.3,1.8
2026-03-02,21.440000534057617,6881.6201171875,9.679595947265625,5294.39990234375,36.21799087524414,0.33,1.78
2026-03-03,23.56999969482422,6816.6298828125,9.669758796691895,5107.39990234375,35.02871322631836,0.35,1.78
2026-03-04,21.149999618530273,6869.5,9.659923553466797,5120.2001953125,35.13864517211914,0.38,1.74
2026-03-05,23.75,6830.7099609375,9.630411148071289,5065.2998046875,34.79885482788086,0.43,1.76
2026-03-06,29.489999771118164,6740.02001953125,9.620574951171875,5146.10009765625,34.54900360107422,0.46,1.75
2026-03-09,25.5,6795.990234375,9.65008544921875,5091.5,34.828834533691406,0.41,1.78
2026-03-10,24.93000030517578,6781.47998046875,9.620574951171875,5229.7001953125,35.12865447998047,0.44,1.77
2026-03-11,24.229999542236328,6775.7998046875,9.571389198303223,5167.39990234375,35.21860122680664,0.5,1.84
2026-03-12,27.290000915527344,6672.6201171875,9.541877746582031,5115.7998046875,34.43907165527344,0.55,1.84
2026-03-13,27.190000534057617,6632.18994140625,9.532042503356934,5052.5,34.25918197631836,0.56,1.83
2026-03-16,23.510000228881836,6699.3798828125,9.561553001403809,4994.0,34.838829040527344,0.51,1.85
2026-03-17,22.3700008392334,6716.08984375,9.571389198303223,5001.0,34.95875549316406,0.48,1.85
2026-03-18,25.09000015258789,6624.7001953125,9.541877746582031,4889.89990234375,34.4990348815918,0.53,1.81
2026-03-19,24.059999465942383,6606.490234375,9.551714897155762,4600.7001953125,34.239192962646484,0.52,1.81
2026-03-20,26.780000686645508,6506.47998046875,9.47301959991455,4570.39990234375,33.45966720581055,0.65,1.79
2026-03-23,26.149999618530273,6581.0,9.502531051635742,4404.10009765625,33.799461364746094,0.6,1.79
2026-03-24,26.950000762939453,6556.3701171875,9.482856750488281,4399.2998046875,33.77947235107422,0.65,1.75
2026-03-25,25.329999923706055,6591.89990234375,9.512368202209473,4549.7998046875,34.43907165527344,0.6,1.76
2026-03-26,27.440000534057617,6477.16015625,9.463183403015137,4375.5,33.579593658447266,0.69,1.73
2026-03-27,31.049999237060547,6368.85009765625,9.453346252441406,4492.0,33.38970947265625,0.71,1.78
2026-03-30,30.610000610351562,6343.72021484375,9.502531051635742,4526.0,33.10988235473633,0.64,1.79
2026-03-31,25.25,6528.52001953125,9.553853034973145,4647.60009765625,33.889404296875,0.6,1.79
2026-04-01,24.540000915527344,6575.31982421875,9.553853034973145,4783.2001953125,34.19921875,0.63,1.75
2026-04-02,23.8700008392334,6582.68994140625,9.56372356414795,4651.5,34.119266510009766,0.61,1.74
2026-04-06,24.170000076293945,6611.830078125,9.553853034973145,4656.7998046875,34.18922424316406,0.62,1.7
2026-04-07,25.780000686645508,6616.85009765625,9.56372356414795,4657.10009765625,34.20920944213867,0.62,1.75
2026-04-08,21.040000915527344,6782.81005859375,9.58346176147461,4749.5,35.758270263671875,0.6,1.73
2026-04-09,19.489999771118164,6824.66015625,9.58346176147461,4792.2001953125,35.77825927734375,0.61,1.73
2026-04-10,19.229999542236328,6816.89013671875,9.573591232299805,4761.89990234375,35.99812698364258,0.62,1.72
2026-04-13,19.1200008392334,6886.240234375,9.58346176147461,4742.39990234375,36.11804962158203,0.59,1.72
2026-04-14,18.360000610351562,6967.3798828125,9.61307144165039,4825.0,36.53779983520508,0.55,1.7
2026-04-15,18.170000076293945,7022.9501953125,9.593332290649414,4800.0,36.70769119262695,0.58,1.69
2026-04-16,17.940000534057617,7041.27978515625,9.58346176147461,4785.39990234375,36.82761764526367,0.62,1.71
2026-04-17,17.479999542236328,7126.06005859375,9.61307144165039,4857.60009765625,37.24736404418945,0.56,1.72
2026-04-20,18.8700008392334,7109.14013671875,9.61307144165039,4806.60009765625,37.07746887207031,0.55,1.72
2026-04-21,19.5,7064.009765625,9.573591232299805,4698.39990234375,36.82761764526367,0.61,1.7
2026-04-22,18.920000076293945,7137.89990234375,9.58346176147461,4732.5,37.13743209838867,0.61,1.69
2026-04-23,19.309999465942383,7108.39990234375,9.573591232299805,4705.10009765625,36.60775375366211,0.65,1.68
2026-04-24,18.709999084472656,7165.080078125,9.58346176147461,4722.2998046875,37.15742111206055,0.62,1.7
2026-04-27,18.020000457763672,7173.91015625,9.56372356414795,4675.39990234375,37.0574836730957,0.67,1.7
2026-04-28,17.829999923706055,7138.7998046875,9.56372356414795,4591.5,36.797637939453125,0.68,1.7
2026-04-29,18.809999465942383,7135.9501953125,9.52424430847168,4545.2001953125,36.817626953125,0.74,1.69
2026-04-30,16.889999389648438,7209.009765625,9.564840316772461,4614.7001953125,37.03749465942383,0.72,1.7
2026-05-01,16.989999771118164,7230.1201171875,9.574742317199707,4629.89990234375,37.0474853515625,0.71,1.69
2026-05-04,18.290000915527344,7200.75,9.535136222839355,4519.5,37.13743209838867,0.75,1.69
2026-05-05,17.3799991607666,7259.22021484375,9.554939270019531,4555.7998046875,37.397274017333984,0.74,1.65
2026-05-06,17.389999389648438,7365.1201171875,9.594545364379883,4681.89990234375,38.266746520996094,0.67,1.66
2026-05-07,17.079999923706055,7337.10986328125,9.564840316772461,4699.7998046875,38.1268310546875,0.72,1.65
2026-05-08,17.190000534057617,7398.93017578125,9.584643363952637,4720.39990234375,38.256752014160156,0.69,1.65
2026-05-11,18.3799991607666,7412.83984375,9.564840316772461,4718.7001953125,38.14681625366211,0.72,1.65
2026-05-12,17.989999771118164,7400.9599609375,9.535136222839355,4677.60009765625,37.52719497680664,0.76,1.66
2026-05-13,17.8700008392334,7444.25,9.535136222839355,4697.7001953125,37.876983642578125,0.77,1.66
2026-05-14,17.260000228881836,7501.240234375,9.535136222839355,4678.10009765625,37.91695785522461,0.78,1.62
2026-05-15,18.43000030517578,7408.5,9.475726127624512,4555.7998046875,37.007511138916016,0.9,1.62
2026-05-18,17.81999969482422,7403.0498046875,9.465826034545898,4552.5,36.90757369995117,0.93,1.59
2026-05-19,18.059999465942383,7353.60986328125,9.43612003326416,4506.2998046875,36.60775375366211,1.0,1.57
2026-05-20,17.440000534057617,7432.97021484375,9.485629081726074,4531.2998046875,36.957542419433594,0.92,1.59
2026-05-21,16.760000228881836,7445.72021484375,9.495530128479004,4539.7998046875,37.01750564575195,0.89,1.59
2026-05-22,16.700000762939453,7473.47021484375,9.495530128479004,4521.0,37.217384338378906,0.88,1.57
2026-05-25,16.59000015258789,7473.47021484375,9.495530128479004,4521.0,37.217384338378906,0.88,1.57
2026-05-26,17.010000228881836,7519.1201171875,9.52523422241211,4500.39990234375,37.956932067871094,0.82,1.56
2026-05-27,16.290000915527344,7520.35986328125,9.535136222839355,4447.5,37.9669303894043,0.8,1.57
2026-05-28,15.739999771118164,7563.6298828125,9.554939270019531,4499.2998046875,37.9669303894043,0.76,1.57
2026-05-29,15.319999694824219,7580.06005859375,9.596663475036621,4560.5,37.767051696777344,0.76,1.57
2026-06-01,16.049999237060547,7599.9599609375,9.586729049682617,4475.2001953125,38.09684753417969,0.69,1.54
2026-06-02,15.770000457763672,7609.77978515625,9.586729049682617,4489.10009765625,38.69648742675781,0.69,1.54
2026-06-03,16.059999465942383,7553.68017578125,9.56686019897461,4436.7001953125,38.226768493652344,0.71,1.54
2026-06-04,15.399999618530273,7584.31005859375,9.576794624328613,4475.7998046875,38.166805267333984,0.69,1.54
2026-06-05,21.510000228881836,7383.740234375,9.537056922912598,4337.10009765625,36.87759017944336,0.77,1.51
2026-06-08,18.920000076293945,7405.72998046875,9.527122497558594,4335.89990234375,36.90757369995117,0.76,1.52
2026-06-09,19.8700008392334,7386.64990234375,9.546991348266602,4260.0,36.98752212524414,0.74,1.53
2026-06-10,22.219999313354492,7266.990234375,9.537056922912598,4108.2001953125,36.47783279418945,0.76,1.53
2026-06-11,19.440000534057617,7394.2998046875,9.586729049682617,4090.300048828125,37.29733657836914,0.67,1.55
2026-06-12,17.68000030517578,7431.4599609375,9.576794624328613,4215.0,37.6571159362793,0.7,1.53
2026-06-15,16.200000762939453,7554.2900390625,9.586729049682617,4328.0,38.34669494628906,0.68,1.53
2026-06-16,16.40999984741211,7511.35009765625,9.596663475036621,4330.89990234375,37.90696334838867,0.64,1.55
2026-06-17,18.440000534057617,7420.10009765625,9.556925773620605,4358.89990234375,37.84700012207031,0.66,1.5
2026-06-18,16.399999618530273,7500.580078125,9.586729049682617,4224.10009765625,38.40999984741211,0.63,1.51
2026-06-22,17.280000686645508,7472.7900390625,9.556925773620605,4181.89990234375,38.619998931884766,0.66,1.51
2026-06-23,19.489999771118164,7365.4599609375,9.56686019897461,4129.89990234375,37.52000045776367,0.65,1.51
2026-06-24,18.6299991607666,7358.22021484375,9.606597900390625,3990.300048828125,37.310001373291016,0.56,1.52
2026-06-25,18.889999389648438,7357.490234375,9.616532325744629,4030.5,37.209999084472656,0.56,1.54
2026-06-26,18.40999984741211,7354.02001953125,9.616532325744629,4078.699951171875,36.88999938964844,0.55,1.56
2026-06-29,17.649999618530273,7440.43017578125,9.616532325744629,4022.300048828125,37.349998474121094,0.51,1.55
2026-06-30,16.450000762939453,7499.35986328125,9.617528915405273,4022.89990234375,37.7400016784668,0.57,1.53
2026-07-01,16.59000015258789,7483.22998046875,9.597596168518066,4068.300048828125,37.40999984741211,0.63,1.54
2026-07-02,16.149999618530273,7483.240234375,9.597596168518066,4112.7001953125,37.2400016784668,0.67,1.54
2026-07-06,15.569999694824219,7537.43017578125,9.607563018798828,4155.10009765625,37.93000030517578,0.61,1.56
2026-07-07,16.1299991607666,7503.85009765625,9.557730674743652,4145.2998046875,37.189998626708984,0.69,1.55
2026-07-08,16.899999618530273,7482.7099609375,9.547764778137207,4070.89990234375,37.459999084472656,0.69,1.56
2026-07-09,15.84000015258789,7543.64013671875,9.557730674743652,4130.60009765625,37.529998779296875,0.71,1.56
2026-07-10,15.029999732971191,7575.39013671875,9.547764778137207,4104.10009765625,37.709999084472656,0.71,1.58
2026-07-13,17.15999984741211,7515.33984375,9.517866134643555,3997.0,37.18000030517578,0.73,1.56
2026-07-14,16.5,7543.58984375,9.537797927856445,4061.10009765625,37.290000915527344,0.74,1.6
2026-07-15,15.670000076293945,7572.39990234375,9.547764778137207,4044.0,37.47999954223633,0.72,1.6
2026-07-16,16.729999542236328,7533.77001953125,9.547764778137207,3985.60009765625,37.27000045776367,0.73,1.59
2026-07-17,18.770000457763672,7457.68994140625,9.547764778137207,4012.699951171875,36.59000015258789,0.7,1.59
2026-07-20,18.649999618530273,7443.27978515625,9.52783203125,4010.300048828125,36.560001373291016,0.74,1.61
2026-07-21,17.049999237060547,7509.2001953125,9.507899284362793,4071.10009765625,37.209999084472656,0.76,1.6
2026-07-22,16.639999389648438,7498.9599609375,9.487966537475586,4146.89990234375,37.20000076293945,0.78,1.58
2026-07-23,18.700000762939453,7408.2998046875,9.468033790588379,4046.60009765625,36.849998474121094,0.76,1.58
2026-07-24,18.579999923706055,7411.97998046875,9.47800064086914,4067.60009765625,36.439998626708984,0.73,1.59
2026-07-27,18.670000076293945,7413.18017578125,9.487966537475586,4074.5,36.779998779296875,0.69,1.61
2026-07-28,18.209999084472656,7428.77978515625,9.517866134643555,4036.300048828125,36.349998474121094,0.71,1.62
2026-07-29,20.65999984741211,7316.14990234375,9.47800064086914,4034.699951171875,35.97999954223633,0.84,1.6
2026-07-30,17.09000015258789,7437.6298828125,9.47800064086914,4100.10009765625,36.59000015258789,0.86,1.64
2026-07-31,15.989999771118164,7489.72021484375,9.489999771118164,4049.10009765625,37.04999923706055,0.92,1.63
2026-08-03,15.859999656677246,7600.5,9.510000228881836,4033.699951171875,37.43000030517578,0.79,1.61
2026-08-04,16.5,7736.52001953125,9.539999961853027,4095.39990234375,37.88999938964844,0.74,1.64
2026-08-05,15.8100004196167,7723.5498046875,9.550000190734863,4245.7998046875,37.900001525878906,0.74,1.62
2026-08-06,15.149999618530273,7709.9599609375,9.520000457763672,4242.0,37.849998474121094,0.79,1.61
2026-08-07,14.899999618530273,7757.64013671875,9.539999961853027,4340.7001953125,38.099998474121094,0.78,1.64
2026-08-10,15.460000038146973,7753.10986328125,9.5,4361.7998046875,38.15999984741211,0.83,1.62
2026-08-11,15.279999732971191,7728.2001953125,9.510000228881836,4383.0,37.95000076293945,0.81,1.64
2026-08-12,14.550000190734863,7748.5,9.510000228881836,4408.89990234375,38.189998626708984,0.81,1.66
2026-08-13,14.630000114440918,7798.990234375,9.539999961853027,4363.60009765625,38.11000061035156,0.76,1.67
2026-08-14,14.25,7785.759765625,9.520000457763672,4380.39990234375,37.959999084472656,0.82,1.69
2026-08-17,15.1899995803833,7745.06005859375,9.5,4417.7998046875,38.13999938964844,0.85,1.69
2026-08-18,15.84000015258789,7691.759765625,9.5,4366.0,37.70000076293945,0.85,1.68
2026-08-19,14.890000343322754,7707.97998046875,9.550000190734863,4489.39990234375,37.77000045776367,0.79,1.64
2026-08-20,16.010000228881836,7641.16015625,9.520000457763672,4516.2998046875,37.849998474121094,0.82,1.64
2026-08-21,15.130000114440918,7674.3701171875,9.5,4624.10009765625,38.150001525878906,0.86,1.63
2026-08-24,15.850000381469727,7652.85986328125,9.510000228881836,4640.7998046875,37.79999923706055,0.83,1.63
2026-08-25,15.449999809265137,7677.27978515625,9.550000190734863,4638.10009765625,38.2400016784668,0.78,1.62
2026-08-26,15.210000038146973,7675.7001953125,9.539999961853027,4598.2001953125,38.31999969482422,0.81,1.61
2026-08-27,14.510000228881836,7730.990234375,9.529999732971191,4609.7001953125,38.4900016784668,0.83,1.6
2026-08-28,14.510000228881836,7730.990234375,9.529999732971191,4478.10009765625,38.4900016784668,0.83,1.54
2026-08-31,14.920000076293945,7686.14013671875,9.489999771118164,4431.10009765625,38.290000915527344,0.84,1.59
2026-09-01,16.34000015258789,7631.47021484375,9.460000038146973,4348.0,38.31999969482422,0.87,1.58
2026-09-02,15.199999809265137,7666.60009765625,9.470000267028809,4366.2998046875,38.349998474121094,0.87,1.58
